Date,Origin_Prefecture,Destination_Prefecture,Vehicle_Type,Cargo_Weight_Tons,Status
2023-04-05,愛知県,北海道,Light_Van,22.8,Delayed
2023-03-30,宮城県,愛知県,Large_Truck,5.2,Delayed
2023-09-26,福岡県,宮城県,Light_Van,4.0,On_Time
2023-04-17,北海道,愛知県,Refrigerated,5.9,On_Time
2023-09-13,東京都,北海道,Light_Van,3.8,Delayed
2023-07-19,東京都,愛知県,Large_Truck,8.4,Delayed
2023-02-21,北海道,愛知県,Large_Truck,9.3,Completed
2023-09-09,大阪府,福岡県,Refrigerated,24.1,Delayed
2023-03-01,福岡県,愛知県,Light_Van,17.0,On_Time
2023-04-14,北海道,東京都,Medium_Truck,11.0,Delayed
2023-04-09,東京都,大阪府,Large_Truck,21.5,Delayed
2023-01-12,東京都,福岡県,Large_Truck,5.8,Delayed
2023-12-07,北海道,福岡県,Refrigerated,26.9,On_Time
2023-06-13,北海道,宮城県,Medium_Truck,23.3,Delayed
2023-06-10,大阪府,広島県,Large_Truck,3.6,Delayed
2023-06-05,宮城県,東京都,Light_Van,9.6,Completed
2024-02-02,愛知県,大阪府,Light_Van,19.3,Delayed
2023-01-16,北海道,広島県,Refrigerated,19.8,Delayed
2023-02-23,東京都,福岡県,Large_Truck,1.3,Completed
2023-12-07,東京都,大阪府,Light_Van,15.5,On_Time
2023-12-29,福岡県,広島県,Large_Truck,17.6,Delayed
2023-03-29,大阪府,宮城県,Light_Van,2.7,On_Time
2023-06-26,愛知県,大阪府,Large_Truck,10.4,Delayed
2023-02-05,広島県,愛知県,Large_Truck,23.9,Delayed
2023-03-25,東京都,広島県,Light_Van,25.1,On_Time
2023-05-10,広島県,北海道,Light_Van,2.0,Completed
2023-07-09,大阪府,福岡県,Medium_Truck,18.3,Completed
2023-09-14,北海道,宮城県,Medium_Truck,14.6,On_Time
2023-01-12,愛知県,北海道,Medium_Truck,18.8,On_Time
2023-11-19,広島県,宮城県,Light_Van,13.8,Completed
2023-09-24,広島県,愛知県,Light_Van,1.5,Completed
2023-12-07,愛知県,福岡県,Light_Van,33.1,Delayed
2023-06-30,大阪府,広島県,Refrigerated,11.8,Delayed
2023-07-11,愛知県,東京都,Light_Van,8.4,On_Time
2023-08-15,広島県,福岡県,Light_Van,2.6,Delayed
2024-02-03,東京都,宮城県,Refrigerated,23.8,Delayed
2023-07-14,福岡県,愛知県,Refrigerated,5.3,Completed
2023-07-05,福岡県,北海道,Refrigerated,17.3,On_Time
2023-03-15,宮城県,北海道,Medium_Truck,1.7,On_Time
2023-05-20,福岡県,愛知県,Light_Van,14.8,Completed
2023-04-02,大阪府,東京都,Medium_Truck,21.5,Completed
2023-01-13,福岡県,東京都,Medium_Truck,11.9,Completed
2023-12-25,大阪府,愛知県,Light_Van,26.6,On_Time
2023-10-27,愛知県,広島県,Refrigerated,23.1,Completed
2023-10-22,大阪府,広島県,Medium_Truck,9.2,Completed
2023-10-12,宮城県,福岡県,Refrigerated,22.8,Delayed
2024-01-28,広島県,福岡県,Light_Van,4.8,Completed
2024-01-05,宮城県,北海道,Light_Van,9.0,Delayed
2023-01-08,大阪府,北海道,Medium_Truck,8.1,Delayed
2023-02-17,広島県,福岡県,Refrigerated,22.5,On_Time
2023-07-26,宮城県,福岡県,Refrigerated,15.4,On_Time
2023-07-10,北海道,愛知県,Medium_Truck,4.2,Completed
2023-11-17,福岡県,愛知県,Large_Truck,8.3,Completed
2024-02-04,東京都,愛知県,Large_Truck,5.4,Completed
2023-12-03,愛知県,福岡県,Large_Truck,30.2,Delayed
2023-08-28,愛知県,宮城県,Refrigerated,19.9,Completed
2023-02-08,愛知県,大阪府,Light_Van,20.3,On_Time
2023-01-24,大阪府,東京都,Medium_Truck,20.2,On_Time
2023-03-18,広島県,東京都,Large_Truck,22.5,On_Time
2023-05-03,愛知県,北海道,Large_Truck,10.3,Delayed
2023-02-20,宮城県,北海道,Large_Truck,16.2,On_Time
2023-08-04,広島県,東京都,Medium_Truck,10.6,On_Time
2023-06-19,北海道,宮城県,Medium_Truck,9.2,Completed
2023-10-17,大阪府,広島県,Large_Truck,4.6,Completed
2023-04-03,北海道,愛知県,Refrigerated,1.8,On_Time
2023-12-12,広島県,東京都,Medium_Truck,20.5,On_Time
2023-11-09,福岡県,大阪府,Refrigerated,2.7,Completed
2023-10-30,宮城県,広島県,Light_Van,17.4,On_Time
2023-02-17,愛知県,大阪府,Large_Truck,14.6,Completed
2023-07-29,大阪府,愛知県,Refrigerated,13.2,Completed
2023-06-11,大阪府,北海道,Large_Truck,16.4,On_Time
2023-05-04,東京都,北海道,Light_Van,3.6,Delayed
2023-09-04,東京都,広島県,Large_Truck,10.7,On_Time
2023-02-19,福岡県,愛知県,Medium_Truck,18.3,Completed
2023-09-18,広島県,宮城県,Light_Van,5.6,Delayed
2023-10-12,広島県,大阪府,Medium_Truck,3.0,On_Time
2023-06-09,北海道,福岡県,Large_Truck,17.0,Completed
2024-01-16,宮城県,広島県,Light_Van,12.5,On_Time
2023-08-07,北海道,大阪府,Medium_Truck,19.2,On_Time
2023-09-05,広島県,東京都,Large_Truck,1.5,On_Time
2023-01-29,福岡県,北海道,Large_Truck,20.3,Delayed
2023-11-05,福岡県,北海道,Refrigerated,24.6,Completed
2023-06-23,大阪府,宮城県,Large_Truck,17.7,Completed
2023-07-02,福岡県,大阪府,Refrigerated,4.0,On_Time
2023-03-17,宮城県,東京都,Medium_Truck,32.2,On_Time
2023-04-04,福岡県,大阪府,Large_Truck,20.4,On_Time
2023-01-22,宮城県,福岡県,Medium_Truck,5.5,Completed
2023-07-01,愛知県,福岡県,Light_Van,9.3,Completed
2023-12-03,福岡県,愛知県,Refrigerated,13.7,Completed
2023-11-12,福岡県,北海道,Light_Van,21.3,Completed
2023-02-07,愛知県,大阪府,Medium_Truck,2.0,Delayed
2023-12-18,大阪府,広島県,Refrigerated,34.6,On_Time
2023-03-22,広島県,東京都,Large_Truck,5.4,On_Time
2023-02-18,大阪府,福岡県,Medium_Truck,9.3,Delayed
2023-09-03,愛知県,北海道,Medium_Truck,4.2,Completed
2023-10-18,東京都,大阪府,Medium_Truck,21.4,Completed
2023-08-21,東京都,大阪府,Medium_Truck,10.4,On_Time
2023-03-24,福岡県,北海道,Medium_Truck,32.6,Delayed
2023-01-22,福岡県,広島県,Large_Truck,23.1,Completed
2023-02-26,愛知県,宮城県,Large_Truck,23.4,On_Time
2023-03-12,北海道,愛知県,Large_Truck,27.6,Completed
2023-11-26,広島県,北海道,Light_Van,21.4,On_Time
2023-02-06,宮城県,北海道,Refrigerated,13.7,On_Time
2023-12-27,宮城県,大阪府,Large_Truck,21.9,Completed
2023-03-24,東京都,大阪府,Light_Van,18.2,Delayed
2023-07-19,福岡県,宮城県,Refrigerated,2.3,On_Time
2023-09-15,北海道,広島県,Refrigerated,4.9,On_Time
2023-09-25,宮城県,広島県,Medium_Truck,6.8,Delayed
2023-12-26,愛知県,広島県,Medium_Truck,19.5,On_Time
2023-04-01,大阪府,広島県,Light_Van,15.7,Delayed
2023-03-14,愛知県,広島県,Medium_Truck,34.4,On_Time
2024-01-10,大阪府,宮城県,Large_Truck,18.4,On_Time
2023-12-11,広島県,愛知県,Refrigerated,35.4,On_Time
2023-05-11,広島県,北海道,Light_Van,14.6,Delayed
2023-12-15,東京都,宮城県,Large_Truck,8.3,On_Time
2024-01-06,広島県,福岡県,Refrigerated,14.0,Completed
2023-03-18,広島県,福岡県,Medium_Truck,20.2,On_Time
2023-04-13,愛知県,福岡県,Large_Truck,1.5,Completed
2023-02-14,大阪府,愛知県,Refrigerated,22.1,Delayed
2023-02-19,愛知県,北海道,Medium_Truck,22.0,Completed
2023-07-31,大阪府,愛知県,Light_Van,16.1,Completed
2023-05-08,愛知県,大阪府,Large_Truck,23.9,Delayed
2023-07-18,福岡県,愛知県,Refrigerated,16.5,Delayed
2023-07-10,大阪府,東京都,Medium_Truck,24.1,On_Time
2023-05-22,福岡県,広島県,Medium_Truck,21.7,Delayed
2023-08-13,大阪府,広島県,Refrigerated,22.4,On_Time
2023-09-09,宮城県,大阪府,Refrigerated,18.6,On_Time
2023-12-19,愛知県,東京都,Medium_Truck,16.2,Completed
2023-03-25,宮城県,北海道,Light_Van,27.5,Delayed
2023-06-20,福岡県,広島県,Medium_Truck,17.9,Delayed
2023-09-16,福岡県,東京都,Medium_Truck,1.8,On_Time
2023-11-06,東京都,愛知県,Medium_Truck,8.6,Completed
2024-01-14,北海道,大阪府,Medium_Truck,10.7,Delayed
2023-11-04,福岡県,北海道,Refrigerated,6.6,On_Time
2023-10-14,宮城県,北海道,Medium_Truck,17.9,Completed
2024-01-02,愛知県,福岡県,Medium_Truck,3.9,Delayed
2023-09-26,大阪府,広島県,Medium_Truck,2.1,Delayed
2023-07-04,大阪府,愛知県,Refrigerated,4.8,Delayed
2023-04-30,広島県,宮城県,Medium_Truck,14.6,On_Time
2023-02-17,福岡県,東京都,Light_Van,15.7,Delayed
2023-10-08,宮城県,愛知県,Medium_Truck,12.1,Delayed
2023-05-13,愛知県,東京都,Large_Truck,15.5,Completed
2023-01-10,宮城県,東京都,Medium_Truck,23.0,Delayed
2023-01-31,宮城県,福岡県,Medium_Truck,13.5,Completed
2023-03-25,福岡県,広島県,Refrigerated,7.6,On_Time
2023-07-31,東京都,福岡県,Large_Truck,20.1,On_Time
2024-01-22,北海道,福岡県,Medium_Truck,15.8,On_Time
2023-09-29,北海道,広島県,Large_Truck,14.0,Delayed
2023-05-18,北海道,大阪府,Medium_Truck,6.7,Delayed
2023-07-30,宮城県,愛知県,Light_Van,16.4,On_Time
2023-11-21,愛知県,東京都,Medium_Truck,24.1,On_Time
2023-06-30,広島県,北海道,Large_Truck,13.6,Delayed
2023-05-13,北海道,大阪府,Light_Van,7.5,On_Time
2023-04-14,宮城県,愛知県,Light_Van,16.6,Completed
2023-05-30,北海道,東京都,Light_Van,2.4,Delayed
2023-01-12,福岡県,北海道,Light_Van,12.8,Delayed
2023-09-30,大阪府,愛知県,Refrigerated,16.9,On_Time
2023-04-18,福岡県,宮城県,Large_Truck,17.9,Completed
2023-11-02,愛知県,東京都,Medium_Truck,7.2,Completed
2024-01-20,福岡県,愛知県,Large_Truck,23.4,Completed
2023-08-24,東京都,広島県,Large_Truck,4.1,On_Time
2023-09-06,大阪府,愛知県,Medium_Truck,11.2,Delayed
2023-09-26,広島県,宮城県,Large_Truck,11.0,Completed
2023-08-17,北海道,東京都,Light_Van,19.2,On_Time
2023-04-16,東京都,福岡県,Refrigerated,13.9,On_Time
2024-01-25,福岡県,愛知県,Large_Truck,22.0,Delayed
2023-07-13,東京都,宮城県,Refrigerated,23.6,Delayed
2023-11-04,広島県,愛知県,Medium_Truck,19.1,On_Time
2023-04-20,宮城県,広島県,Light_Van,21.0,Delayed
2023-06-22,宮城県,愛知県,Light_Van,18.7,Delayed
2023-12-19,大阪府,北海道,Medium_Truck,36.2,Delayed
2023-11-13,大阪府,東京都,Refrigerated,2.6,Delayed
2023-03-02,大阪府,広島県,Medium_Truck,32.6,Delayed
2023-06-30,福岡県,広島県,Refrigerated,23.2,On_Time
2023-08-13,愛知県,大阪府,Large_Truck,5.6,Delayed
2023-12-14,東京都,北海道,Large_Truck,35.9,Completed
2023-12-23,東京都,福岡県,Refrigerated,4.8,Completed
2024-01-18,宮城県,広島県,Refrigerated,17.4,Delayed
2023-01-21,大阪府,福岡県,Light_Van,11.8,Completed
2023-03-02,広島県,愛知県,Large_Truck,34.9,On_Time
2023-03-21,宮城県,東京都,Light_Van,5.2,On_Time
2023-06-05,北海道,福岡県,Refrigerated,5.8,Delayed
2024-01-27,北海道,大阪府,Large_Truck,24.6,Delayed
2023-09-19,大阪府,北海道,Large_Truck,17.4,Delayed
2023-09-09,北海道,広島県,Refrigerated,11.0,Completed
2023-03-27,広島県,東京都,Medium_Truck,5.8,Completed
2023-04-20,東京都,愛知県,Light_Van,6.0,Completed
2023-01-21,北海道,広島県,Refrigerated,9.8,Completed
2023-07-29,福岡県,東京都,Medium_Truck,23.5,Completed
2023-02-23,愛知県,宮城県,Large_Truck,15.8,Delayed
2023-04-20,福岡県,東京都,Medium_Truck,17.0,Completed
2023-08-23,大阪府,宮城県,Large_Truck,3.4,Delayed
2023-03-24,広島県,東京都,Refrigerated,10.5,Completed
2023-04-22,宮城県,広島県,Medium_Truck,7.6,On_Time
2023-06-16,広島県,福岡県,Large_Truck,6.8,Delayed
2023-09-28,大阪府,愛知県,Large_Truck,4.4,On_Time
2023-03-02,大阪府,北海道,Light_Van,32.4,Completed
2023-08-06,北海道,福岡県,Medium_Truck,14.2,Delayed
2024-01-08,東京都,福岡県,Medium_Truck,5.7,Completed
2023-12-28,北海道,宮城県,Large_Truck,3.2,Completed
2024-01-31,東京都,宮城県,Refrigerated,8.2,Completed
2023-05-22,東京都,広島県,Medium_Truck,12.0,On_Time
2023-09-07,宮城県,愛知県,Medium_Truck,22.1,On_Time
2023-03-21,東京都,大阪府,Light_Van,14.4,On_Time
2023-08-31,宮城県,東京都,Large_Truck,3.1,Completed
2023-12-27,大阪府,広島県,Refrigerated,14.0,Completed
2023-10-14,北海道,宮城県,Large_Truck,16.8,Completed
2023-03-17,東京都,福岡県,Medium_Truck,14.0,On_Time
2023-04-28,広島県,宮城県,Large_Truck,1.5,On_Time
2023-06-22,広島県,大阪府,Large_Truck,23.6,On_Time
2023-12-06,大阪府,宮城県,Large_Truck,4.5,Completed
2023-12-27,広島県,東京都,Light_Van,9.9,Delayed
2023-04-20,宮城県,大阪府,Refrigerated,6.8,On_Time
2023-12-15,北海道,広島県,Light_Van,35.6,On_Time
2023-10-18,広島県,福岡県,Large_Truck,11.5,Completed
2023-11-18,広島県,東京都,Light_Van,18.2,Delayed
2023-10-23,愛知県,宮城県,Light_Van,5.6,Delayed
2023-09-02,宮城県,愛知県,Medium_Truck,14.0,On_Time
2023-07-06,東京都,大阪府,Refrigerated,2.1,Completed
2023-02-23,広島県,北海道,Refrigerated,24.1,On_Time
2023-05-12,宮城県,北海道,Light_Van,1.6,Delayed
2023-11-09,北海道,広島県,Light_Van,9.1,Completed
2024-01-04,大阪府,東京都,Refrigerated,9.6,On_Time
2023-02-01,広島県,大阪府,Large_Truck,14.9,On_Time
2023-11-01,宮城県,福岡県,Large_Truck,24.6,Delayed
2023-09-23,北海道,東京都,Light_Van,1.2,Completed
2023-07-01,大阪府,愛知県,Medium_Truck,22.6,On_Time
2023-01-07,北海道,大阪府,Refrigerated,19.6,On_Time
2023-12-28,広島県,愛知県,Large_Truck,14.9,On_Time
2024-01-26,広島県,福岡県,Refrigerated,8.7,Completed
2023-02-08,北海道,大阪府,Medium_Truck,5.4,Completed
2023-03-23,東京都,大阪府,Medium_Truck,27.5,On_Time
2023-01-16,愛知県,宮城県,Medium_Truck,7.6,On_Time
2023-01-01,愛知県,北海道,Refrigerated,10.6,On_Time
2023-11-18,愛知県,北海道,Large_Truck,12.0,Completed
2023-10-01,広島県,大阪府,Medium_Truck,21.1,Delayed
2023-02-03,広島県,福岡県,Large_Truck,22.0,Completed
2023-02-28,広島県,大阪府,Refrigerated,11.3,Delayed
2023-03-25,宮城県,福岡県,Light_Van,27.2,On_Time
2023-02-13,大阪府,広島県,Medium_Truck,15.8,On_Time
2024-02-02,東京都,福岡県,Large_Truck,21.2,Completed
2023-01-05,愛知県,大阪府,Medium_Truck,12.0,Delayed
2023-01-24,東京都,大阪府,Medium_Truck,5.9,Completed
2023-01-20,愛知県,大阪府,Large_Truck,14.3,Delayed
2023-06-20,東京都,宮城県,Light_Van,20.5,Completed
2023-09-23,福岡県,大阪府,Large_Truck,14.3,On_Time
2023-02-15,宮城県,北海道,Refrigerated,10.8,Delayed
2024-01-30,東京都,宮城県,Large_Truck,4.1,On_Time
2023-05-12,愛知県,北海道,Refrigerated,21.1,Delayed
2023-04-29,広島県,東京都,Large_Truck,18.2,On_Time
2023-11-02,北海道,広島県,Refrigerated,21.7,On_Time
2023-03-05,大阪府,福岡県,Refrigerated,17.6,Completed
2023-12-13,大阪府,宮城県,Light_Van,33.1,Delayed
2023-08-30,福岡県,北海道,Large_Truck,4.9,On_Time
2023-10-29,愛知県,宮城県,Refrigerated,23.9,On_Time
2023-01-06,北海道,大阪府,Refrigerated,8.3,Completed
2024-01-09,福岡県,大阪府,Medium_Truck,2.6,Completed
2023-02-22,広島県,福岡県,Large_Truck,7.5,Delayed
2023-10-26,福岡県,東京都,Large_Truck,5.0,Delayed
2023-12-24,福岡県,愛知県,Light_Van,13.4,Delayed
2023-04-22,愛知県,宮城県,Light_Van,15.0,Delayed
2023-02-12,福岡県,東京都,Refrigerated,3.3,On_Time
2023-05-12,北海道,東京都,Large_Truck,23.1,Completed
2023-02-24,広島県,東京都,Light_Van,5.9,Completed
2023-05-28,東京都,大阪府,Medium_Truck,12.7,Delayed
2023-12-09,宮城県,北海道,Medium_Truck,22.4,Delayed
2023-01-15,福岡県,北海道,Light_Van,23.4,On_Time
2023-06-12,大阪府,宮城県,Medium_Truck,24.5,Completed
2023-10-30,福岡県,北海道,Medium_Truck,18.5,Delayed
2023-03-02,大阪府,東京都,Refrigerated,10.8,On_Time
2023-12-07,広島県,大阪府,Medium_Truck,8.3,Completed
2023-07-04,広島県,北海道,Refrigerated,18.5,Delayed
2024-01-29,福岡県,北海道,Medium_Truck,13.0,On_Time
2023-12-11,大阪府,広島県,Refrigerated,1.6,Delayed
2023-04-14,大阪府,広島県,Light_Van,18.6,On_Time
2023-10-18,広島県,大阪府,Refrigerated,17.2,Delayed
2023-11-22,東京都,福岡県,Light_Van,6.0,Delayed
2023-11-30,東京都,広島県,Refrigerated,11.0,On_Time
2023-12-19,広島県,北海道,Light_Van,34.5,Completed
2023-05-07,東京都,宮城県,Light_Van,24.1,Delayed
2023-03-25,宮城県,福岡県,Large_Truck,32.6,Delayed
2023-04-29,東京都,福岡県,Light_Van,9.5,On_Time
2023-01-24,愛知県,広島県,Light_Van,13.3,On_Time
2023-05-14,東京都,大阪府,Refrigerated,19.2,On_Time
2023-02-15,宮城県,福岡県,Light_Van,15.7,On_Time
2023-02-27,宮城県,北海道,Refrigerated,16.3,Delayed
2023-06-20,北海道,愛知県,Refrigerated,4.4,Delayed
2023-02-10,東京都,愛知県,Large_Truck,21.4,Delayed
2023-01-04,広島県,愛知県,Medium_Truck,14.1,Delayed
2023-01-03,北海道,広島県,Medium_Truck,17.3,On_Time
2023-01-28,福岡県,広島県,Medium_Truck,11.0,On_Time
2023-11-16,愛知県,北海道,Large_Truck,19.7,Delayed
2023-07-11,北海道,東京都,Refrigerated,22.3,Completed
2023-05-20,北海道,大阪府,Large_Truck,12.0,On_Time
2023-07-08,愛知県,広島県,Medium_Truck,9.6,Completed
2023-12-11,東京都,愛知県,Large_Truck,8.8,Completed
2023-06-24,福岡県,北海道,Medium_Truck,4.0,On_Time
2023-11-06,東京都,宮城県,Light_Van,12.3,On_Time
2023-12-25,大阪府,福岡県,Large_Truck,1.6,On_Time
2023-10-08,東京都,大阪府,Light_Van,2.0,On_Time
2023-11-10,広島県,東京都,Large_Truck,22.4,Completed
2023-06-12,広島県,宮城県,Light_Van,16.8,Completed
2023-02-12,宮城県,愛知県,Large_Truck,21.8,Delayed
2023-11-09,愛知県,広島県,Refrigerated,23.3,On_Time
2023-05-16,東京都,宮城県,Medium_Truck,20.0,Delayed
2023-03-09,北海道,愛知県,Refrigerated,29.3,Completed
2023-08-21,大阪府,福岡県,Light_Van,15.1,Delayed
2023-11-27,大阪府,愛知県,Medium_Truck,11.6,Completed
2023-06-09,東京都,宮城県,Refrigerated,18.3,Completed
2023-09-18,東京都,福岡県,Refrigerated,12.0,Completed
2024-01-19,広島県,福岡県,Large_Truck,6.1,Delayed
2023-03-11,福岡県,愛知県,Medium_Truck,13.1,Completed
2023-12-10,福岡県,愛知県,Light_Van,17.0,On_Time
2023-07-07,宮城県,福岡県,Refrigerated,8.2,Delayed
2023-07-01,東京都,愛知県,Light_Van,7.9,Delayed
2023-11-20,大阪府,東京都,Medium_Truck,10.6,Completed
2023-05-25,福岡県,大阪府,Light_Van,6.4,Completed
2023-09-08,愛知県,広島県,Medium_Truck,12.6,On_Time
2023-03-07,東京都,福岡県,Large_Truck,37.0,On_Time
2023-07-02,宮城県,広島県,Large_Truck,24.8,Delayed
2023-05-21,北海道,東京都,Light_Van,6.0,Completed
2023-02-28,宮城県,東京都,Light_Van,22.5,Completed
2023-07-14,東京都,宮城県,Large_Truck,9.6,On_Time
2023-12-29,北海道,愛知県,Refrigerated,6.8,Completed
2023-06-19,北海道,東京都,Refrigerated,14.8,Delayed
2023-12-17,北海道,福岡県,Medium_Truck,35.8,Completed
2023-12-10,宮城県,広島県,Light_Van,25.5,On_Time
2023-03-18,福岡県,愛知県,Medium_Truck,29.7,Delayed
2023-04-06,広島県,宮城県,Refrigerated,19.0,Delayed
2023-06-29,北海道,東京都,Large_Truck,11.8,Completed
2024-01-09,大阪府,広島県,Light_Van,15.7,Delayed
2023-02-14,東京都,大阪府,Medium_Truck,5.3,On_Time
2023-09-21,広島県,東京都,Large_Truck,5.5,On_Time
2023-02-14,愛知県,東京都,Medium_Truck,24.4,Delayed
2023-07-31,宮城県,大阪府,Large_Truck,22.1,Completed
2023-01-23,大阪府,北海道,Refrigerated,14.4,Completed
2023-11-16,福岡県,愛知県,Light_Van,9.4,Completed
2023-11-08,愛知県,福岡県,Refrigerated,21.4,Delayed
2023-03-25,福岡県,北海道,Large_Truck,8.1,On_Time
2023-08-29,広島県,福岡県,Refrigerated,6.0,Delayed
2023-06-01,宮城県,愛知県,Large_Truck,1.4,On_Time
2024-01-24,大阪府,北海道,Light_Van,22.6,Delayed
2023-09-22,東京都,宮城県,Medium_Truck,11.1,Delayed
2023-04-23,福岡県,北海道,Refrigerated,12.5,Completed
2023-04-25,宮城県,北海道,Light_Van,22.7,On_Time
2023-01-23,北海道,宮城県,Refrigerated,19.7,Completed
2023-10-02,福岡県,大阪府,Medium_Truck,23.5,On_Time
2023-10-19,福岡県,広島県,Medium_Truck,4.3,On_Time
2023-02-23,愛知県,広島県,Refrigerated,18.8,Completed
2024-01-16,広島県,宮城県,Large_Truck,18.9,Completed
2023-01-14,北海道,愛知県,Medium_Truck,15.7,On_Time
2023-06-09,広島県,東京都,Refrigerated,7.1,On_Time
2023-06-04,東京都,大阪府,Refrigerated,20.4,Completed
2023-05-20,大阪府,愛知県,Medium_Truck,18.9,Delayed
2023-06-26,愛知県,大阪府,Medium_Truck,19.6,On_Time
2023-04-23,大阪府,宮城県,Large_Truck,17.5,Completed
2023-04-06,愛知県,福岡県,Large_Truck,15.0,Completed
2023-11-12,広島県,宮城県,Medium_Truck,2.1,On_Time
2023-07-31,愛知県,北海道,Medium_Truck,17.0,On_Time
2023-08-30,大阪府,北海道,Refrigerated,11.2,Delayed
2023-12-31,愛知県,広島県,Large_Truck,25.2,Delayed
2023-04-09,東京都,北海道,Light_Van,4.0,On_Time
2023-08-22,宮城県,北海道,Medium_Truck,14.5,Completed
2024-01-22,北海道,宮城県,Large_Truck,12.2,On_Time
2023-04-01,広島県,宮城県,Refrigerated,17.7,Completed
2023-06-04,北海道,愛知県,Large_Truck,23.3,Completed
2023-12-13,東京都,大阪府,Large_Truck,20.6,Completed
2023-01-19,北海道,愛知県,Refrigerated,17.3,Delayed
2023-10-25,愛知県,広島県,Refrigerated,24.0,Delayed
2023-06-09,福岡県,東京都,Large_Truck,4.8,Completed
2023-03-03,福岡県,大阪府,Light_Van,5.2,Completed
2023-12-30,大阪府,北海道,Large_Truck,22.3,On_Time
2023-01-29,大阪府,東京都,Refrigerated,6.8,On_Time
2023-09-26,宮城県,東京都,Light_Van,15.6,Delayed
2024-01-25,東京都,愛知県,Medium_Truck,22.7,On_Time
2023-05-24,東京都,広島県,Refrigerated,5.5,Delayed
2023-09-09,宮城県,福岡県,Large_Truck,5.7,Completed
2023-07-03,大阪府,東京都,Light_Van,6.4,On_Time
2024-01-19,北海道,福岡県,Light_Van,11.8,On_Time
2023-04-25,福岡県,東京都,Large_Truck,8.4,Completed
2023-12-19,東京都,愛知県,Light_Van,3.7,Delayed
2023-08-09,大阪府,北海道,Light_Van,4.0,On_Time
2023-12-01,宮城県,東京都,Large_Truck,5.3,Completed
2023-05-17,北海道,福岡県,Refrigerated,19.2,Delayed
2023-04-04,北海道,大阪府,Medium_Truck,7.6,On_Time
2023-05-16,北海道,広島県,Large_Truck,2.5,Completed
2023-11-07,北海道,愛知県,Light_Van,12.5,Delayed
2023-04-08,北海道,宮城県,Light_Van,18.6,Delayed
2023-02-07,東京都,広島県,Medium_Truck,24.9,Completed
2023-10-27,北海道,東京都,Light_Van,9.0,On_Time
2023-11-28,大阪府,東京都,Large_Truck,12.3,On_Time
2023-10-07,愛知県,大阪府,Light_Van,5.5,On_Time
2023-09-05,宮城県,福岡県,Refrigerated,3.2,Delayed
2023-08-08,福岡県,愛知県,Medium_Truck,16.6,Delayed
2023-11-13,北海道,東京都,Light_Van,19.5,On_Time
2023-09-01,北海道,東京都,Light_Van,13.4,On_Time
2023-04-25,北海道,広島県,Medium_Truck,23.9,On_Time
2023-11-14,広島県,福岡県,Refrigerated,22.3,Delayed
2023-07-12,福岡県,大阪府,Refrigerated,14.9,Completed
2023-02-22,宮城県,東京都,Large_Truck,1.7,Completed
2023-09-18,福岡県,東京都,Refrigerated,10.1,On_Time
2024-01-08,広島県,大阪府,Medium_Truck,1.1,Delayed
2023-10-18,東京都,愛知県,Refrigerated,22.9,On_Time
2023-01-21,東京都,広島県,Medium_Truck,14.4,Completed
2023-11-07,北海道,福岡県,Large_Truck,19.7,Completed
2023-10-27,東京都,広島県,Refrigerated,18.2,Completed
2023-10-14,北海道,愛知県,Medium_Truck,20.4,Delayed
2023-08-05,東京都,大阪府,Large_Truck,8.8,On_Time
2024-01-02,大阪府,宮城県,Large_Truck,13.0,Delayed
2023-11-26,宮城県,東京都,Medium_Truck,11.4,On_Time
2023-07-03,福岡県,東京都,Medium_Truck,9.0,Completed
2023-11-01,大阪府,愛知県,Refrigerated,12.2,Completed
2023-10-29,北海道,福岡県,Large_Truck,13.3,Completed
2023-06-03,宮城県,大阪府,Large_Truck,16.2,Completed
2023-11-13,北海道,大阪府,Refrigerated,20.2,Delayed
2023-11-17,東京都,福岡県,Light_Van,2.3,Delayed
2023-06-06,宮城県,東京都,Refrigerated,3.6,Delayed
2023-07-09,東京都,宮城県,Light_Van,4.3,Completed
2023-11-19,宮城県,広島県,Refrigerated,9.5,On_Time
2024-01-07,広島県,北海道,Large_Truck,24.0,Delayed
2023-04-29,広島県,愛知県,Light_Van,9.2,Completed
2023-08-22,北海道,東京都,Light_Van,6.7,On_Time
2023-05-14,愛知県,福岡県,Large_Truck,12.4,Delayed
2023-11-06,愛知県,宮城県,Refrigerated,19.3,Completed
2023-12-26,広島県,宮城県,Light_Van,26.1,Completed
2023-04-01,愛知県,福岡県,Medium_Truck,15.6,Completed
2023-08-23,大阪府,東京都,Light_Van,12.5,Delayed
2023-10-07,東京都,広島県,Refrigerated,4.2,On_Time
2024-02-04,福岡県,東京都,Medium_Truck,13.4,Completed
2023-05-28,北海道,広島県,Large_Truck,16.4,Completed
2023-12-25,東京都,北海道,Refrigerated,9.8,On_Time
2023-10-07,福岡県,大阪府,Light_Van,5.9,Completed
2023-03-05,広島県,愛知県,Large_Truck,2.1,On_Time
2023-05-28,広島県,大阪府,Light_Van,7.1,Completed
2023-05-14,広島県,愛知県,Refrigerated,24.0,Delayed
2023-12-05,大阪府,東京都,Medium_Truck,19.4,Delayed
2023-02-21,愛知県,宮城県,Refrigerated,15.8,Completed
2023-06-10,広島県,福岡県,Refrigerated,8.4,Delayed
2023-10-11,福岡県,北海道,Light_Van,17.6,Delayed
2023-05-16,宮城県,北海道,Light_Van,8.6,On_Time
2023-09-19,宮城県,愛知県,Refrigerated,22.6,Completed
2023-01-23,愛知県,東京都,Medium_Truck,14.7,Completed
2023-11-18,宮城県,福岡県,Large_Truck,7.7,On_Time
2023-08-28,宮城県,北海道,Light_Van,20.3,Delayed
2023-01-13,愛知県,広島県,Light_Van,22.0,Completed
2023-01-27,愛知県,大阪府,Large_Truck,3.3,Delayed
2023-06-05,愛知県,宮城県,Light_Van,1.2,On_Time
2023-12-06,福岡県,北海道,Large_Truck,30.1,Delayed
2023-09-07,広島県,愛知県,Refrigerated,23.0,On_Time
2023-11-05,大阪府,福岡県,Medium_Truck,23.1,On_Time
2023-06-17,愛知県,大阪府,Light_Van,6.7,Completed
2023-12-26,広島県,東京都,Refrigerated,31.1,Completed
2023-12-11,愛知県,東京都,Medium_Truck,32.3,On_Time
2023-12-19,北海道,福岡県,Light_Van,30.0,On_Time
2023-06-22,広島県,福岡県,Medium_Truck,13.8,On_Time
2024-02-02,宮城県,広島県,Refrigerated,15.1,Delayed
2023-01-25,宮城県,福岡県,Light_Van,7.3,Delayed
2024-02-04,大阪府,宮城県,Medium_Truck,4.9,Delayed
2023-02-16,大阪府,北海道,Large_Truck,20.0,Completed
2023-12-29,愛知県,大阪府,Light_Van,28.9,Delayed
2023-01-02,北海道,宮城県,Refrigerated,5.8,On_Time
2023-01-13,北海道,福岡県,Large_Truck,11.0,Delayed
2023-06-22,大阪府,福岡県,Large_Truck,6.0,On_Time
2023-09-28,愛知県,福岡県,Medium_Truck,22.1,On_Time
2023-03-14,大阪府,福岡県,Refrigerated,23.0,Completed
2023-01-27,北海道,東京都,Large_Truck,24.4,Completed
2023-01-30,愛知県,福岡県,Medium_Truck,23.6,Completed
2023-11-12,東京都,宮城県,Large_Truck,7.3,On_Time
2023-11-28,北海道,広島県,Medium_Truck,2.3,On_Time
2024-01-18,福岡県,東京都,Medium_Truck,8.5,On_Time
2023-10-21,福岡県,宮城県,Refrigerated,9.1,On_Time
2023-10-02,大阪府,北海道,Large_Truck,8.1,Completed
2023-07-06,北海道,大阪府,Large_Truck,5.6,On_Time
2023-08-18,東京都,福岡県,Medium_Truck,8.1,Completed
2023-04-05,宮城県,東京都,Refrigerated,12.9,On_Time
2023-11-03,東京都,広島県,Light_Van,19.4,Delayed
2023-05-13,宮城県,広島県,Refrigerated,3.0,Delayed
2024-01-17,広島県,愛知県,Large_Truck,23.1,Completed
2024-01-21,広島県,北海道,Light_Van,3.6,Delayed
2023-07-06,愛知県,広島県,Large_Truck,10.2,On_Time
2023-08-25,広島県,東京都,Light_Van,18.6,Delayed
2023-09-20,東京都,宮城県,Medium_Truck,11.5,On_Time
2023-04-05,北海道,広島県,Light_Van,12.8,Completed
2023-04-11,北海道,福岡県,Refrigerated,2.8,On_Time
2023-08-24,宮城県,愛知県,Refrigerated,8.7,Completed
2023-11-01,大阪府,宮城県,Large_Truck,13.5,Completed
2023-09-21,愛知県,東京都,Large_Truck,9.1,On_Time
2023-10-09,福岡県,宮城県,Light_Van,1.4,Completed
2023-08-12,東京都,福岡県,Large_Truck,19.1,Delayed
2023-12-17,東京都,宮城県,Large_Truck,31.5,Completed
2023-02-21,北海道,愛知県,Medium_Truck,1.2,Delayed
2023-11-13,広島県,北海道,Medium_Truck,1.3,On_Time
2023-08-06,福岡県,宮城県,Large_Truck,12.6,Delayed
2023-01-03,宮城県,広島県,Medium_Truck,20.3,On_Time
2023-08-19,広島県,東京都,Medium_Truck,18.3,Delayed
2023-08-20,広島県,大阪府,Refrigerated,24.4,Completed
2023-11-24,北海道,福岡県,Large_Truck,5.7,Delayed
2023-07-04,東京都,宮城県,Light_Van,8.6,Delayed
2023-03-13,福岡県,東京都,Light_Van,2.2,On_Time
2023-02-01,宮城県,福岡県,Large_Truck,8.0,Delayed
2023-02-14,大阪府,宮城県,Large_Truck,3.8,On_Time
2023-03-05,大阪府,広島県,Refrigerated,22.0,Completed
2023-12-02,福岡県,宮城県,Large_Truck,36.7,On_Time
2023-12-07,愛知県,東京都,Medium_Truck,5.5,On_Time
2024-01-31,愛知県,北海道,Light_Van,20.1,Delayed
2023-05-05,東京都,愛知県,Light_Van,18.6,Delayed
2023-04-30,福岡県,広島県,Medium_Truck,4.3,On_Time
2023-05-18,愛知県,福岡県,Refrigerated,4.8,Completed
2023-12-05,愛知県,大阪府,Large_Truck,9.8,Delayed
2023-09-03,愛知県,北海道,Light_Van,9.0,On_Time
2023-11-30,福岡県,大阪府,Light_Van,24.4,Completed
2023-06-01,北海道,愛知県,Refrigerated,16.2,On_Time
2023-12-24,大阪府,福岡県,Large_Truck,26.4,Completed
2023-09-22,大阪府,福岡県,Refrigerated,7.8,On_Time
2024-01-12,広島県,福岡県,Medium_Truck,24.8,Completed
2023-04-10,東京都,愛知県,Large_Truck,22.1,Delayed
2023-04-23,愛知県,大阪府,Refrigerated,3.6,Delayed
2023-02-10,福岡県,大阪府,Large_Truck,14.2,On_Time
2023-03-05,東京都,愛知県,Light_Van,36.2,Delayed
2023-02-08,東京都,北海道,Large_Truck,23.5,On_Time
2024-02-03,大阪府,北海道,Light_Van,18.8,Completed
2023-05-13,広島県,大阪府,Light_Van,20.5,On_Time
2023-04-17,福岡県,大阪府,Light_Van,4.7,Completed
2023-11-02,東京都,福岡県,Medium_Truck,16.6,Delayed
2023-11-28,北海道,愛知県,Large_Truck,24.8,On_Time
2023-04-18,大阪府,広島県,Refrigerated,9.6,Delayed
2023-07-16,宮城県,大阪府,Light_Van,7.5,On_Time
2023-08-13,愛知県,福岡県,Medium_Truck,3.0,Completed
2023-11-20,東京都,愛知県,Medium_Truck,1.4,Completed
2023-12-17,広島県,宮城県,Medium_Truck,9.5,Completed
2023-12-20,福岡県,愛知県,Refrigerated,32.4,Delayed
2023-10-14,愛知県,東京都,Refrigerated,16.1,On_Time
2023-08-20,東京都,北海道,Medium_Truck,5.3,Delayed
2023-07-01,広島県,北海道,Light_Van,19.2,Delayed
2023-11-25,愛知県,北海道,Medium_Truck,4.0,Completed
2023-03-30,大阪府,宮城県,Light_Van,9.7,On_Time
2023-10-09,大阪府,広島県,Medium_Truck,13.3,Completed
2023-10-11,東京都,北海道,Light_Van,10.4,Delayed
2023-09-18,宮城県,大阪府,Refrigerated,4.0,Delayed
2023-05-01,宮城県,福岡県,Refrigerated,22.4,Delayed
2023-06-04,大阪府,愛知県,Large_Truck,16.7,Completed
2023-08-18,愛知県,宮城県,Light_Van,23.5,Delayed
2023-01-31,大阪府,福岡県,Medium_Truck,18.6,Delayed
2023-09-01,北海道,福岡県,Medium_Truck,1.4,Delayed
2023-12-16,東京都,大阪府,Light_Van,19.6,Delayed
2023-12-27,広島県,大阪府,Medium_Truck,13.5,Completed
2023-07-25,宮城県,北海道,Medium_Truck,16.5,Completed
2023-12-16,大阪府,宮城県,Medium_Truck,22.2,Completed
2023-12-27,大阪府,宮城県,Large_Truck,6.0,Completed
2023-04-09,広島県,愛知県,Refrigerated,16.5,Completed
2023-08-19,広島県,愛知県,Medium_Truck,6.5,Delayed
2023-09-26,広島県,東京都,Refrigerated,6.7,Completed
2023-10-18,宮城県,愛知県,Large_Truck,8.3,Completed
2023-09-05,東京都,広島県,Light_Van,5.9,Completed
2023-04-27,広島県,大阪府,Large_Truck,16.2,On_Time
2023-05-09,東京都,広島県,Light_Van,15.0,On_Time
2023-06-10,愛知県,北海道,Refrigerated,22.2,Completed
2023-06-08,広島県,北海道,Medium_Truck,22.7,On_Time
2023-04-12,北海道,愛知県,Light_Van,14.5,On_Time
2023-07-30,北海道,愛知県,Refrigerated,15.6,On_Time
2023-12-08,宮城県,大阪府,Large_Truck,32.4,Completed
2023-07-23,北海道,東京都,Light_Van,16.4,Completed
2023-09-22,北海道,広島県,Refrigerated,18.8,Delayed
2023-11-02,福岡県,大阪府,Refrigerated,5.2,Completed
2023-10-31,大阪府,福岡県,Light_Van,15.3,On_Time
2023-12-22,広島県,愛知県,Large_Truck,35.4,Completed
2023-10-30,大阪府,愛知県,Refrigerated,14.3,Completed
2023-05-13,大阪府,宮城県,Refrigerated,18.9,Delayed
2023-07-11,北海道,宮城県,Large_Truck,14.8,Delayed
2023-03-31,東京都,広島県,Large_Truck,11.4,Completed
2023-02-10,愛知県,宮城県,Refrigerated,23.0,On_Time
2023-02-04,福岡県,東京都,Refrigerated,2.1,Completed
2023-04-30,愛知県,福岡県,Large_Truck,14.9,Delayed
2023-12-24,広島県,北海道,Refrigerated,3.8,On_Time
2023-09-22,福岡県,愛知県,Refrigerated,3.0,Completed
2023-08-09,福岡県,北海道,Large_Truck,5.3,Delayed
2023-11-01,愛知県,北海道,Light_Van,22.7,Delayed
2023-08-16,広島県,愛知県,Light_Van,1.8,Delayed
2023-07-31,宮城県,広島県,Medium_Truck,23.5,Delayed
2023-01-10,東京都,福岡県,Medium_Truck,3.8,Completed
2023-02-10,愛知県,北海道,Large_Truck,16.3,Completed
2023-06-20,愛知県,広島県,Light_Van,8.7,Delayed
2023-06-06,広島県,大阪府,Medium_Truck,2.0,On_Time
2023-10-24,福岡県,広島県,Large_Truck,15.4,On_Time
2023-06-27,愛知県,福岡県,Medium_Truck,11.1,On_Time
2023-07-09,北海道,福岡県,Medium_Truck,13.6,Completed
2023-03-27,東京都,宮城県,Large_Truck,30.3,Completed
2023-07-10,東京都,広島県,Light_Van,4.3,Completed
2023-10-06,北海道,宮城県,Refrigerated,18.2,Completed
2023-07-21,広島県,宮城県,Refrigerated,1.2,Completed
2023-01-28,愛知県,北海道,Refrigerated,14.7,Delayed
2024-01-12,東京都,宮城県,Medium_Truck,24.4,On_Time
2023-08-27,大阪府,北海道,Light_Van,23.7,On_Time
2023-05-29,福岡県,東京都,Medium_Truck,17.6,On_Time
2023-03-13,福岡県,広島県,Refrigerated,24.4,Delayed
2023-08-20,福岡県,広島県,Large_Truck,10.2,On_Time
2023-04-07,北海道,大阪府,Light_Van,12.1,Completed
2023-05-19,北海道,愛知県,Medium_Truck,4.8,On_Time
2023-08-24,北海道,宮城県,Large_Truck,4.4,On_Time
2023-04-08,大阪府,広島県,Refrigerated,15.9,Completed
2023-12-22,福岡県,大阪府,Light_Van,18.8,On_Time
2023-08-08,福岡県,広島県,Light_Van,1.5,Completed
2023-10-28,大阪府,北海道,Large_Truck,21.1,On_Time
2023-04-12,宮城県,大阪府,Large_Truck,19.2,Completed
2023-06-09,大阪府,福岡県,Medium_Truck,19.9,Delayed
2023-02-10,大阪府,愛知県,Medium_Truck,22.4,On_Time
2023-12-12,北海道,福岡県,Light_Van,35.0,Completed
2023-11-07,東京都,愛知県,Light_Van,24.2,Delayed
2023-06-21,大阪府,宮城県,Light_Van,9.3,Completed
2023-07-30,大阪府,福岡県,Large_Truck,12.6,Delayed
2023-06-14,大阪府,広島県,Large_Truck,5.4,Completed
2023-06-02,北海道,愛知県,Medium_Truck,8.7,Delayed
2023-01-30,広島県,大阪府,Refrigerated,16.9,Completed
2023-06-16,宮城県,東京都,Light_Van,4.3,Completed
2023-05-01,北海道,大阪府,Refrigerated,24.5,Completed
2023-09-27,宮城県,広島県,Large_Truck,19.1,Delayed
2023-04-15,福岡県,広島県,Large_Truck,1.6,On_Time
2023-11-16,宮城県,北海道,Medium_Truck,20.0,On_Time
2023-11-17,愛知県,東京都,Refrigerated,18.6,Completed
2023-11-13,愛知県,北海道,Large_Truck,3.3,On_Time
2023-04-08,北海道,福岡県,Large_Truck,4.4,Completed
2023-04-27,広島県,宮城県,Light_Van,1.4,Completed
2023-02-22,愛知県,北海道,Large_Truck,1.5,Delayed
2023-10-17,愛知県,東京都,Large_Truck,12.9,Completed
2023-01-27,福岡県,北海道,Refrigerated,14.1,Delayed
2023-05-20,大阪府,宮城県,Refrigerated,15.5,Delayed
2023-09-14,東京都,宮城県,Large_Truck,19.2,On_Time
2023-12-07,東京都,広島県,Large_Truck,28.6,Completed
2023-04-09,東京都,大阪府,Light_Van,1.1,Completed
2023-04-22,宮城県,東京都,Light_Van,23.9,Completed
2023-01-06,宮城県,大阪府,Large_Truck,12.5,On_Time
2023-04-26,広島県,東京都,Light_Van,12.1,Delayed
2023-11-01,大阪府,北海道,Medium_Truck,9.5,Completed
2023-07-27,東京都,広島県,Large_Truck,11.1,Delayed
2024-01-21,福岡県,大阪府,Refrigerated,22.5,On_Time
2023-12-11,大阪府,福岡県,Refrigerated,28.9,Delayed
2023-09-01,広島県,東京都,Light_Van,2.2,On_Time
2023-07-12,北海道,大阪府,Medium_Truck,11.9,Completed
2023-01-16,愛知県,福岡県,Light_Van,24.5,Completed
2023-11-16,広島県,北海道,Light_Van,19.4,Delayed
2024-01-21,福岡県,大阪府,Medium_Truck,10.3,Completed
2023-03-01,福岡県,大阪府,Refrigerated,16.9,On_Time
2023-05-11,愛知県,宮城県,Medium_Truck,15.0,Completed
2023-07-26,東京都,福岡県,Medium_Truck,11.0,Completed
2023-10-01,大阪府,広島県,Light_Van,14.5,On_Time
2023-05-30,宮城県,東京都,Large_Truck,9.5,Delayed
2023-08-22,大阪府,東京都,Medium_Truck,8.3,Completed
2023-01-03,福岡県,広島県,Large_Truck,8.8,Completed
2023-04-08,大阪府,宮城県,Large_Truck,4.6,Delayed
2023-10-06,北海道,愛知県,Medium_Truck,20.8,Delayed
2023-04-15,宮城県,東京都,Medium_Truck,4.4,Completed
2023-10-16,愛知県,広島県,Medium_Truck,24.3,Completed
2023-03-30,大阪府,宮城県,Large_Truck,23.4,On_Time
2023-04-04,大阪府,愛知県,Large_Truck,21.7,Delayed
2023-01-25,北海道,福岡県,Refrigerated,24.8,On_Time
2023-01-09,大阪府,宮城県,Medium_Truck,8.5,Delayed
2023-05-01,東京都,宮城県,Light_Van,17.6,Completed
2023-04-18,大阪府,北海道,Medium_Truck,8.4,Completed
2023-08-17,愛知県,東京都,Medium_Truck,10.8,Completed
2023-08-12,宮城県,広島県,Refrigerated,12.9,On_Time
2023-06-22,宮城県,愛知県,Light_Van,23.9,Delayed
2023-04-06,広島県,愛知県,Medium_Truck,5.6,On_Time
2023-03-24,愛知県,広島県,Refrigerated,15.5,Delayed
2023-11-29,東京都,北海道,Light_Van,7.5,Completed
2024-02-03,広島県,北海道,Large_Truck,7.8,Delayed
2023-01-22,広島県,大阪府,Refrigerated,21.5,On_Time
2023-08-28,大阪府,北海道,Medium_Truck,11.3,Completed
2023-12-14,福岡県,愛知県,Large_Truck,11.3,Delayed
2023-05-08,愛知県,福岡県,Refrigerated,8.5,Completed
2024-01-02,大阪府,愛知県,Refrigerated,6.1,Completed
2023-05-01,宮城県,北海道,Medium_Truck,12.4,Delayed
2023-11-16,大阪府,東京都,Light_Van,15.9,On_Time
2023-08-29,宮城県,福岡県,Large_Truck,19.4,On_Time
2023-07-07,北海道,愛知県,Medium_Truck,24.0,Completed
2023-09-14,福岡県,宮城県,Large_Truck,12.8,Completed
2023-07-03,北海道,福岡県,Large_Truck,13.6,Delayed
2023-01-02,愛知県,宮城県,Large_Truck,6.7,Delayed
2023-07-03,東京都,広島県,Refrigerated,5.8,On_Time
2023-10-17,東京都,宮城県,Medium_Truck,5.0,Delayed
2023-01-04,広島県,福岡県,Light_Van,1.2,Completed
2023-04-30,広島県,大阪府,Refrigerated,2.3,Delayed
2023-01-30,東京都,宮城県,Refrigerated,9.0,Completed
2023-05-07,広島県,福岡県,Large_Truck,3.3,On_Time
2023-06-22,大阪府,宮城県,Large_Truck,21.8,On_Time
2023-08-08,宮城県,福岡県,Large_Truck,5.1,On_Time
2023-03-21,宮城県,北海道,Medium_Truck,37.2,Delayed
2023-08-11,大阪府,広島県,Refrigerated,8.4,Delayed
2023-02-27,宮城県,広島県,Medium_Truck,11.6,On_Time
2023-02-06,宮城県,北海道,Refrigerated,7.1,Delayed
2023-12-20,愛知県,北海道,Medium_Truck,3.3,Completed
2023-10-03,宮城県,北海道,Refrigerated,16.9,Delayed
2023-03-17,宮城県,大阪府,Refrigerated,34.1,Completed
2023-11-21,広島県,大阪府,Large_Truck,11.4,On_Time
2023-10-06,北海道,宮城県,Refrigerated,3.8,On_Time
2023-06-30,福岡県,宮城県,Large_Truck,16.3,Delayed
2023-12-28,東京都,大阪府,Light_Van,7.1,On_Time
2023-11-17,大阪府,愛知県,Refrigerated,16.7,Delayed
2023-11-07,東京都,広島県,Light_Van,22.7,Delayed
2023-01-19,東京都,広島県,Refrigerated,16.0,Delayed
2024-01-24,愛知県,広島県,Medium_Truck,14.0,Completed
2023-02-21,北海道,福岡県,Light_Van,24.6,Completed
2023-01-06,愛知県,北海道,Light_Van,3.7,On_Time
2023-08-19,愛知県,東京都,Refrigerated,11.1,Delayed
2023-01-13,愛知県,宮城県,Refrigerated,12.5,Delayed
2023-10-31,北海道,東京都,Large_Truck,24.4,Completed
2023-08-07,広島県,大阪府,Light_Van,20.2,Delayed
2023-03-16,愛知県,大阪府,Refrigerated,26.7,Delayed
2023-12-09,愛知県,福岡県,Light_Van,14.7,Delayed
2023-03-28,宮城県,大阪府,Large_Truck,2.0,Completed
2023-02-01,大阪府,宮城県,Refrigerated,13.6,On_Time
2023-10-02,宮城県,大阪府,Large_Truck,24.2,On_Time
2023-03-06,福岡県,宮城県,Medium_Truck,5.2,Completed
2023-08-20,福岡県,広島県,Large_Truck,24.3,Completed
2023-11-04,北海道,大阪府,Refrigerated,22.3,Delayed
2023-11-02,愛知県,大阪府,Medium_Truck,1.6,On_Time
2024-01-25,福岡県,東京都,Medium_Truck,13.7,Completed
2023-08-06,東京都,広島県,Refrigerated,7.8,Completed
2023-02-24,宮城県,広島県,Medium_Truck,1.2,On_Time
2023-10-07,広島県,愛知県,Refrigerated,3.5,On_Time
2023-10-21,北海道,東京都,Refrigerated,9.3,On_Time
2023-08-08,北海道,福岡県,Medium_Truck,5.2,Delayed
2023-04-03,東京都,広島県,Refrigerated,18.8,On_Time
2023-10-10,大阪府,愛知県,Large_Truck,8.5,Delayed
2023-01-29,福岡県,大阪府,Medium_Truck,1.6,Delayed
2023-06-13,宮城県,大阪府,Medium_Truck,8.5,Completed
2023-09-22,東京都,宮城県,Large_Truck,2.6,Delayed
2023-08-13,愛知県,大阪府,Refrigerated,17.7,On_Time
2023-01-31,広島県,福岡県,Refrigerated,9.6,On_Time
2023-07-01,大阪府,宮城県,Large_Truck,9.1,On_Time
2023-06-25,大阪府,東京都,Refrigerated,19.3,On_Time
2023-05-18,大阪府,北海道,Medium_Truck,12.5,On_Time
2024-01-05,広島県,東京都,Large_Truck,4.4,On_Time
2023-06-28,福岡県,愛知県,Light_Van,3.6,Delayed
2023-03-07,宮城県,広島県,Medium_Truck,19.0,Completed
2024-01-28,愛知県,北海道,Light_Van,12.3,On_Time
2023-07-06,福岡県,広島県,Refrigerated,4.1,Delayed
2023-11-16,北海道,愛知県,Refrigerated,3.2,On_Time
2023-04-06,東京都,愛知県,Medium_Truck,11.2,Completed
2023-09-06,北海道,大阪府,Large_Truck,10.5,Completed
2023-03-05,宮城県,北海道,Medium_Truck,19.8,On_Time
2023-03-10,北海道,福岡県,Light_Van,28.4,On_Time
2023-11-24,宮城県,福岡県,Refrigerated,12.6,Completed
2023-06-21,北海道,大阪府,Medium_Truck,6.5,Delayed
2023-07-19,大阪府,北海道,Refrigerated,23.1,Completed
2023-03-31,大阪府,広島県,Refrigerated,22.8,Completed
2023-08-31,福岡県,広島県,Large_Truck,15.1,Completed
2023-10-31,愛知県,福岡県,Large_Truck,13.5,Completed
2024-02-05,東京都,宮城県,Refrigerated,14.9,On_Time
2023-12-05,大阪府,愛知県,Refrigerated,6.2,On_Time
2023-12-02,広島県,宮城県,Large_Truck,36.5,Completed
2023-08-13,東京都,宮城県,Refrigerated,16.5,Completed
2023-05-29,宮城県,大阪府,Medium_Truck,12.9,Delayed
2023-01-23,福岡県,広島県,Refrigerated,19.8,Completed
2023-04-23,福岡県,大阪府,Large_Truck,9.3,On_Time
2023-02-24,福岡県,大阪府,Refrigerated,24.2,On_Time
2023-11-08,広島県,大阪府,Light_Van,6.5,Completed
2023-03-16,福岡県,広島県,Light_Van,21.6,On_Time
2023-10-21,東京都,北海道,Medium_Truck,10.6,On_Time
2023-08-04,広島県,北海道,Light_Van,5.8,On_Time
2023-09-01,愛知県,東京都,Refrigerated,23.1,Delayed
2023-01-04,宮城県,福岡県,Medium_Truck,4.2,On_Time
2023-03-19,北海道,福岡県,Large_Truck,3.1,Delayed
2023-02-10,北海道,大阪府,Medium_Truck,5.6,Completed
2023-08-23,北海道,大阪府,Medium_Truck,3.5,Delayed
2023-11-07,福岡県,北海道,Light_Van,8.1,Delayed
2023-04-08,大阪府,北海道,Refrigerated,22.4,Delayed
2023-03-20,愛知県,福岡県,Medium_Truck,24.7,Delayed
2023-04-24,北海道,広島県,Refrigerated,5.8,Delayed
2023-04-23,愛知県,大阪府,Large_Truck,4.5,On_Time
2023-09-01,北海道,広島県,Medium_Truck,1.2,On_Time
2023-03-02,東京都,北海道,Light_Van,21.1,Completed
2023-12-26,広島県,宮城県,Large_Truck,32.9,Completed
2023-07-11,広島県,大阪府,Medium_Truck,16.4,Completed
2023-08-09,福岡県,広島県,Large_Truck,20.4,On_Time
2023-10-13,宮城県,北海道,Medium_Truck,3.1,Delayed
2023-07-04,宮城県,愛知県,Medium_Truck,5.3,On_Time
2023-02-23,北海道,宮城県,Refrigerated,5.7,Completed
2024-01-21,東京都,福岡県,Large_Truck,18.6,Completed
2023-12-03,大阪府,東京都,Large_Truck,13.0,On_Time
2024-02-01,福岡県,広島県,Large_Truck,8.8,Completed
2023-12-19,東京都,大阪府,Refrigerated,18.3,Completed
2023-08-08,宮城県,北海道,Medium_Truck,8.5,Completed
2024-01-09,広島県,宮城県,Light_Van,2.0,Completed
2023-12-06,広島県,北海道,Medium_Truck,8.1,On_Time
2023-09-25,福岡県,宮城県,Refrigerated,23.8,Completed
2023-01-30,北海道,大阪府,Large_Truck,17.2,On_Time
2023-03-28,福岡県,東京都,Large_Truck,18.1,Completed
2023-04-06,大阪府,宮城県,Light_Van,24.2,Delayed
2023-07-13,福岡県,大阪府,Medium_Truck,24.2,Delayed
2023-12-02,大阪府,東京都,Refrigerated,36.3,Completed
2023-08-11,広島県,宮城県,Refrigerated,20.1,Delayed
2023-12-09,東京都,広島県,Large_Truck,11.0,Delayed
2023-09-02,北海道,東京都,Refrigerated,14.6,On_Time
2023-12-05,東京都,愛知県,Light_Van,19.2,On_Time
2023-07-13,東京都,福岡県,Medium_Truck,6.0,On_Time
2023-08-02,広島県,東京都,Large_Truck,22.1,Completed
2023-12-02,福岡県,愛知県,Medium_Truck,8.2,Delayed
2023-04-15,広島県,大阪府,Light_Van,18.9,Delayed
2023-03-28,東京都,大阪府,Refrigerated,16.0,On_Time
2023-06-28,宮城県,広島県,Refrigerated,1.6,On_Time
2023-08-29,宮城県,北海道,Large_Truck,3.7,On_Time
2023-11-15,宮城県,東京都,Refrigerated,1.8,Delayed
2023-07-29,宮城県,北海道,Refrigerated,8.5,Completed
2023-08-10,宮城県,東京都,Light_Van,1.1,Delayed
2023-06-24,東京都,宮城県,Light_Van,23.2,On_Time
2023-09-21,大阪府,広島県,Refrigerated,13.0,Completed
2023-01-12,福岡県,愛知県,Light_Van,14.3,Completed
2023-11-18,北海道,広島県,Light_Van,11.7,On_Time
2023-10-08,福岡県,愛知県,Light_Van,1.7,Delayed
2023-01-07,北海道,宮城県,Large_Truck,10.3,Delayed
2023-07-11,福岡県,広島県,Refrigerated,23.8,Completed
2023-01-16,東京都,福岡県,Large_Truck,22.8,Delayed
2023-03-17,宮城県,大阪府,Refrigerated,28.4,Delayed
2023-11-29,宮城県,北海道,Refrigerated,21.5,Completed
2023-04-17,大阪府,広島県,Light_Van,14.0,On_Time
2023-03-09,東京都,福岡県,Refrigerated,6.5,Delayed
2023-07-15,宮城県,東京都,Refrigerated,15.0,Delayed
2024-01-22,東京都,福岡県,Large_Truck,7.4,Completed
2023-11-09,広島県,愛知県,Large_Truck,5.2,Completed
2023-03-24,大阪府,広島県,Medium_Truck,12.5,Completed
2023-09-07,愛知県,広島県,Large_Truck,11.8,Delayed
2023-07-14,北海道,宮城県,Medium_Truck,24.0,Delayed
2023-10-11,北海道,愛知県,Light_Van,13.5,Delayed
2023-10-12,大阪府,北海道,Large_Truck,6.6,Delayed
2023-04-01,広島県,北海道,Medium_Truck,11.3,Delayed
2023-05-23,宮城県,北海道,Light_Van,20.6,On_Time
2024-01-23,愛知県,北海道,Medium_Truck,24.4,On_Time
2023-04-13,福岡県,東京都,Light_Van,15.9,On_Time
2023-02-23,福岡県,北海道,Large_Truck,1.2,Completed
2023-09-01,宮城県,東京都,Refrigerated,14.5,On_Time
2023-06-23,福岡県,広島県,Large_Truck,22.7,Completed
2023-09-18,大阪府,愛知県,Refrigerated,9.8,Completed
2023-11-08,愛知県,大阪府,Refrigerated,13.4,On_Time
2023-04-15,大阪府,北海道,Large_Truck,13.8,Completed
2024-01-30,福岡県,愛知県,Medium_Truck,8.7,Delayed
2023-04-27,大阪府,東京都,Medium_Truck,6.7,Delayed
2023-07-26,北海道,広島県,Light_Van,11.6,On_Time
2023-06-13,東京都,大阪府,Refrigerated,21.0,Completed
2023-09-04,東京都,広島県,Refrigerated,20.6,Completed
2023-01-14,広島県,宮城県,Medium_Truck,9.2,On_Time
2023-10-03,広島県,宮城県,Light_Van,3.0,On_Time
2023-07-02,宮城県,東京都,Refrigerated,15.3,On_Time
2023-09-22,広島県,愛知県,Large_Truck,4.3,Completed
2024-01-17,宮城県,広島県,Light_Van,23.4,Delayed
2023-07-26,愛知県,福岡県,Refrigerated,2.5,On_Time
2023-11-19,広島県,大阪府,Refrigerated,10.8,Delayed
2023-11-08,東京都,北海道,Medium_Truck,13.7,On_Time
2023-09-13,愛知県,宮城県,Light_Van,20.6,On_Time
2023-04-01,大阪府,広島県,Medium_Truck,18.9,On_Time
2023-12-14,北海道,大阪府,Refrigerated,28.8,Completed
2023-01-25,大阪府,愛知県,Large_Truck,17.1,Delayed
2023-12-19,愛知県,福岡県,Light_Van,27.1,Delayed
2023-10-28,愛知県,宮城県,Large_Truck,23.0,Delayed
2023-03-19,北海道,愛知県,Refrigerated,9.0,On_Time
2023-01-19,福岡県,北海道,Light_Van,13.1,On_Time
2023-05-13,東京都,広島県,Refrigerated,3.0,Completed
2023-03-14,東京都,北海道,Medium_Truck,29.7,Delayed
2023-01-29,福岡県,宮城県,Large_Truck,4.8,On_Time
2024-02-02,大阪府,東京都,Refrigerated,19.1,On_Time
2024-01-06,北海道,広島県,Light_Van,12.2,Delayed
2023-07-22,広島県,大阪府,Medium_Truck,19.3,Completed
2023-03-27,北海道,東京都,Medium_Truck,5.2,On_Time
2023-06-08,大阪府,宮城県,Light_Van,12.8,Completed
2023-06-27,福岡県,東京都,Large_Truck,18.0,On_Time
2023-05-18,北海道,福岡県,Light_Van,15.2,Delayed
2023-03-26,東京都,北海道,Large_Truck,10.2,Completed
2023-11-27,広島県,東京都,Refrigerated,1.7,Delayed
2023-06-29,東京都,大阪府,Light_Van,3.0,Completed
2024-01-17,東京都,大阪府,Light_Van,7.0,On_Time
2023-07-26,北海道,宮城県,Large_Truck,16.0,Completed
2023-06-14,宮城県,広島県,Medium_Truck,10.0,On_Time
2023-10-21,宮城県,東京都,Refrigerated,9.3,Completed
2023-07-27,広島県,北海道,Medium_Truck,20.2,On_Time
2023-03-17,大阪府,北海道,Large_Truck,10.4,Delayed
2023-04-01,広島県,福岡県,Large_Truck,18.4,Completed
2023-04-01,愛知県,広島県,Light_Van,18.7,Delayed
2023-03-07,東京都,愛知県,Medium_Truck,13.1,Completed
2023-11-08,東京都,広島県,Large_Truck,20.0,Delayed
2023-04-13,北海道,愛知県,Large_Truck,17.8,On_Time
2023-01-08,北海道,宮城県,Refrigerated,24.0,Completed
2023-09-29,東京都,愛知県,Refrigerated,2.4,Completed
2023-07-17,福岡県,広島県,Large_Truck,19.5,Completed
2023-01-10,大阪府,広島県,Light_Van,15.0,Delayed
2023-05-13,北海道,宮城県,Large_Truck,16.8,Completed
2023-11-19,福岡県,東京都,Refrigerated,22.9,On_Time
2023-06-12,北海道,東京都,Refrigerated,22.6,Completed
2024-01-25,東京都,大阪府,Large_Truck,1.3,Delayed
2023-08-25,愛知県,福岡県,Light_Van,19.8,Delayed
2023-12-29,愛知県,福岡県,Large_Truck,26.5,On_Time
2023-11-10,北海道,宮城県,Medium_Truck,24.3,On_Time
2023-04-30,愛知県,東京都,Light_Van,11.1,Completed
2023-04-09,福岡県,愛知県,Refrigerated,22.0,Delayed
2023-08-01,北海道,福岡県,Refrigerated,2.3,Completed
2023-01-26,東京都,北海道,Large_Truck,8.8,Completed
2023-11-28,愛知県,大阪府,Light_Van,23.2,On_Time
2023-10-09,愛知県,大阪府,Refrigerated,24.6,Delayed
2023-07-26,北海道,福岡県,Light_Van,18.7,Completed
2023-11-03,宮城県,福岡県,Refrigerated,10.6,Delayed
2023-04-07,宮城県,福岡県,Light_Van,3.6,On_Time
2023-11-09,愛知県,広島県,Large_Truck,5.0,On_Time
2023-02-20,宮城県,福岡県,Large_Truck,24.1,Completed
2024-02-03,北海道,大阪府,Medium_Truck,1.3,On_Time
2023-02-13,福岡県,広島県,Refrigerated,7.0,On_Time
2023-08-01,宮城県,広島県,Medium_Truck,21.3,On_Time
2023-11-13,大阪府,愛知県,Large_Truck,20.1,Delayed
2023-05-23,大阪府,宮城県,Large_Truck,21.5,On_Time
2024-01-24,愛知県,東京都,Refrigerated,23.2,On_Time
2023-09-02,愛知県,東京都,Medium_Truck,14.1,Delayed
2023-09-27,広島県,宮城県,Light_Van,2.6,Completed
2023-12-12,東京都,愛知県,Light_Van,32.3,On_Time
2023-07-04,愛知県,宮城県,Light_Van,22.4,Delayed
2023-03-23,宮城県,北海道,Refrigerated,4.0,Completed
2023-09-02,東京都,広島県,Medium_Truck,13.6,Completed
2023-11-30,福岡県,広島県,Medium_Truck,6.8,On_Time
2024-02-05,大阪府,広島県,Light_Van,24.9,Completed
2023-12-27,広島県,愛知県,Large_Truck,22.7,On_Time
2023-02-22,広島県,宮城県,Large_Truck,21.6,Completed
2023-04-07,広島県,大阪府,Large_Truck,14.7,Delayed
2024-01-27,北海道,福岡県,Medium_Truck,13.1,On_Time
2024-01-21,北海道,東京都,Large_Truck,19.5,On_Time
2023-12-20,北海道,大阪府,Light_Van,7.4,Completed
2023-10-19,宮城県,北海道,Refrigerated,7.3,Delayed
2023-02-25,広島県,愛知県,Medium_Truck,8.8,Delayed
2023-11-18,大阪府,広島県,Medium_Truck,17.7,Completed
2023-05-31,広島県,福岡県,Refrigerated,8.7,Completed
2023-02-14,広島県,東京都,Medium_Truck,20.5,Completed
2024-01-09,大阪府,宮城県,Medium_Truck,10.7,On_Time
2023-01-13,福岡県,広島県,Medium_Truck,2.3,On_Time
2023-12-06,広島県,東京都,Refrigerated,17.5,On_Time
2023-07-20,宮城県,愛知県,Large_Truck,8.3,Completed
2023-01-27,愛知県,大阪府,Medium_Truck,15.4,Completed
2023-09-01,大阪府,宮城県,Medium_Truck,16.9,Delayed
2023-12-12,東京都,福岡県,Light_Van,15.0,Completed
2023-09-29,広島県,東京都,Medium_Truck,21.2,On_Time
2023-03-29,宮城県,広島県,Light_Van,35.0,On_Time
2023-10-27,北海道,愛知県,Refrigerated,9.3,On_Time
2023-08-28,北海道,大阪府,Refrigerated,24.7,Completed
2023-07-30,愛知県,東京都,Light_Van,14.3,Completed
2023-03-15,広島県,愛知県,Medium_Truck,2.1,Completed
2023-10-07,大阪府,宮城県,Large_Truck,15.3,Delayed
2023-07-27,広島県,北海道,Medium_Truck,1.9,Completed
2023-08-31,大阪府,広島県,Refrigerated,17.0,Delayed
2023-12-22,広島県,福岡県,Medium_Truck,2.9,On_Time
2023-10-03,北海道,宮城県,Refrigerated,4.8,On_Time
2023-10-16,大阪府,愛知県,Refrigerated,9.0,Delayed
2023-03-08,大阪府,広島県,Light_Van,31.4,Completed
2023-05-20,大阪府,東京都,Large_Truck,2.3,On_Time
2023-02-25,広島県,東京都,Medium_Truck,3.3,Delayed
2024-02-05,大阪府,宮城県,Refrigerated,17.2,Completed
2023-03-03,大阪府,広島県,Large_Truck,9.4,Completed
2023-10-29,広島県,福岡県,Refrigerated,18.5,Delayed
2023-03-04,東京都,愛知県,Light_Van,6.6,Delayed
2023-10-31,宮城県,北海道,Refrigerated,4.8,Completed
2024-01-28,愛知県,東京都,Refrigerated,5.6,Completed
2023-10-27,広島県,愛知県,Medium_Truck,18.5,Completed
2023-06-20,愛知県,北海道,Medium_Truck,8.3,Delayed
2023-03-20,福岡県,宮城県,Refrigerated,36.1,Completed
2024-01-26,福岡県,東京都,Light_Van,15.6,Completed
2023-06-08,福岡県,宮城県,Light_Van,13.3,On_Time
2023-12-19,大阪府,東京都,Large_Truck,23.1,Delayed
2023-09-16,北海道,福岡県,Light_Van,24.1,Delayed
2023-03-28,大阪府,北海道,Light_Van,35.4,On_Time
2023-12-24,愛知県,宮城県,Large_Truck,29.5,Completed
2023-03-23,愛知県,北海道,Light_Van,33.0,Delayed
2023-10-07,大阪府,福岡県,Light_Van,7.0,Completed
2023-11-17,北海道,広島県,Medium_Truck,19.6,Delayed
2023-11-10,広島県,東京都,Light_Van,19.7,Delayed
2023-04-18,北海道,福岡県,Large_Truck,18.8,Completed
2023-12-22,福岡県,広島県,Refrigerated,14.8,On_Time
2024-01-06,大阪府,広島県,Refrigerated,15.4,On_Time
2023-02-09,東京都,北海道,Medium_Truck,5.1,Completed
2023-01-03,広島県,福岡県,Medium_Truck,19.4,On_Time
2024-01-28,宮城県,大阪府,Light_Van,12.8,On_Time
2023-04-29,福岡県,広島県,Medium_Truck,23.6,Completed
2023-04-16,広島県,北海道,Large_Truck,15.6,Completed
2023-11-26,宮城県,北海道,Large_Truck,7.6,On_Time
2023-02-26,宮城県,東京都,Medium_Truck,10.3,Delayed
2023-01-05,広島県,東京都,Large_Truck,8.4,On_Time
2023-10-29,大阪府,福岡県,Light_Van,15.1,Completed
2023-07-02,愛知県,大阪府,Light_Van,19.9,Delayed
2023-01-07,北海道,宮城県,Large_Truck,16.7,Delayed
2024-01-15,大阪府,宮城県,Large_Truck,7.9,Delayed
2023-11-12,北海道,愛知県,Refrigerated,6.7,Completed
2023-10-17,愛知県,東京都,Refrigerated,24.5,On_Time
2023-12-14,愛知県,大阪府,Refrigerated,25.4,On_Time
2023-02-14,広島県,愛知県,Large_Truck,17.0,On_Time
2023-09-06,北海道,宮城県,Large_Truck,10.4,Delayed
2023-04-11,福岡県,広島県,Medium_Truck,9.9,On_Time
2023-04-06,広島県,大阪府,Refrigerated,18.6,Completed
2023-11-09,宮城県,大阪府,Medium_Truck,4.7,Completed
2023-11-12,東京都,広島県,Large_Truck,10.3,On_Time
2024-01-20,北海道,宮城県,Medium_Truck,19.2,Delayed
2023-01-20,愛知県,宮城県,Light_Van,13.4,On_Time
2023-09-16,宮城県,東京都,Large_Truck,19.6,Completed
2023-09-27,宮城県,大阪府,Medium_Truck,18.9,Delayed
2023-04-18,福岡県,北海道,Refrigerated,12.6,Completed
2023-09-24,福岡県,愛知県,Light_Van,22.5,Delayed
2023-01-16,大阪府,広島県,Refrigerated,8.3,Completed
2023-06-10,福岡県,北海道,Refrigerated,2.0,Completed
2023-04-23,宮城県,大阪府,Large_Truck,3.7,Completed
2023-10-29,広島県,北海道,Refrigerated,22.5,Delayed
2023-07-14,宮城県,愛知県,Light_Van,18.4,Delayed
2023-01-31,宮城県,福岡県,Refrigerated,6.9,Delayed
2024-01-29,広島県,北海道,Light_Van,6.2,Delayed
2023-05-04,広島県,北海道,Medium_Truck,15.9,On_Time
2023-06-18,東京都,福岡県,Large_Truck,13.7,On_Time
2023-05-11,大阪府,北海道,Refrigerated,15.9,Completed
2023-12-28,福岡県,広島県,Large_Truck,4.0,Delayed
2023-06-19,大阪府,愛知県,Large_Truck,21.4,On_Time
2023-09-19,東京都,北海道,Light_Van,2.9,Delayed
2023-02-06,宮城県,大阪府,Large_Truck,15.9,Completed
2023-09-19,広島県,北海道,Refrigerated,15.9,Completed
2023-06-28,大阪府,広島県,Refrigerated,3.5,Completed
2023-03-30,宮城県,大阪府,Medium_Truck,31.8,Delayed
2023-07-19,宮城県,東京都,Light_Van,1.7,Completed
2023-10-21,東京都,広島県,Light_Van,9.2,Delayed
2023-02-20,東京都,大阪府,Light_Van,4.7,Delayed
2023-08-01,愛知県,福岡県,Medium_Truck,11.8,Completed
2023-08-09,広島県,宮城県,Large_Truck,3.6,Delayed
2023-01-07,北海道,広島県,Refrigerated,22.4,On_Time
2023-10-20,北海道,広島県,Light_Van,14.0,Delayed
2023-02-01,広島県,北海道,Large_Truck,8.8,Delayed
2023-04-18,東京都,宮城県,Refrigerated,12.1,On_Time
2024-01-30,大阪府,東京都,Light_Van,4.2,Completed
2023-11-15,宮城県,愛知県,Large_Truck,24.8,Completed
2023-08-16,愛知県,大阪府,Refrigerated,12.8,Completed
2024-01-29,大阪府,宮城県,Large_Truck,11.0,On_Time
2023-11-15,宮城県,広島県,Large_Truck,8.0,Completed
2023-06-25,愛知県,宮城県,Medium_Truck,16.4,Completed
2023-05-23,広島県,東京都,Refrigerated,10.5,Completed
2024-01-07,広島県,東京都,Large_Truck,20.8,Completed
2023-12-28,北海道,東京都,Medium_Truck,23.9,Completed
2023-04-15,愛知県,大阪府,Large_Truck,22.5,On_Time
2023-04-18,愛知県,北海道,Refrigerated,10.0,On_Time
2023-06-16,北海道,愛知県,Light_Van,18.9,On_Time
2023-01-16,福岡県,宮城県,Large_Truck,7.6,Delayed
2023-09-23,北海道,東京都,Large_Truck,22.5,Delayed
2023-10-10,東京都,広島県,Refrigerated,12.2,Completed
2023-02-13,北海道,愛知県,Large_Truck,13.7,On_Time
2023-06-18,大阪府,福岡県,Refrigerated,22.5,Completed
2023-02-19,福岡県,宮城県,Light_Van,3.4,On_Time
2023-05-10,広島県,宮城県,Large_Truck,15.4,Completed
2023-01-13,愛知県,北海道,Refrigerated,24.1,Delayed
2023-02-22,愛知県,大阪府,Large_Truck,17.6,Completed
2023-08-13,広島県,愛知県,Large_Truck,4.0,Delayed
2023-12-02,大阪府,北海道,Large_Truck,16.0,On_Time
2023-04-10,大阪府,愛知県,Light_Van,23.4,On_Time
2023-07-14,愛知県,広島県,Light_Van,24.5,Delayed
2023-06-05,北海道,東京都,Medium_Truck,13.0,On_Time
2023-04-17,北海道,福岡県,Refrigerated,10.9,On_Time
2023-10-29,北海道,東京都,Medium_Truck,13.9,Delayed
2023-03-16,大阪府,広島県,Refrigerated,19.8,On_Time
2023-10-24,愛知県,宮城県,Light_Van,20.3,Delayed
2023-01-14,東京都,大阪府,Large_Truck,2.6,Completed
2023-02-19,愛知県,北海道,Medium_Truck,17.9,Delayed
2023-11-19,広島県,福岡県,Large_Truck,11.6,Completed
2023-12-04,大阪府,宮城県,Light_Van,24.0,On_Time
2023-08-13,東京都,大阪府,Large_Truck,16.4,On_Time
2023-01-16,大阪府,東京都,Medium_Truck,3.8,On_Time
2023-05-31,大阪府,福岡県,Light_Van,5.5,On_Time
2023-04-25,北海道,東京都,Light_Van,4.7,On_Time
2023-03-29,広島県,北海道,Light_Van,23.5,Completed
2023-12-26,大阪府,東京都,Refrigerated,22.3,Completed
2023-10-20,宮城県,福岡県,Refrigerated,22.2,Completed
2023-11-12,福岡県,愛知県,Light_Van,21.2,Delayed
2023-10-30,大阪府,東京都,Large_Truck,2.7,Delayed
2023-12-10,東京都,福岡県,Light_Van,25.9,Completed
2023-09-02,宮城県,福岡県,Medium_Truck,22.9,Completed
2023-05-31,東京都,広島県,Light_Van,17.0,On_Time
2023-12-21,宮城県,愛知県,Refrigerated,29.5,Completed
2023-06-18,大阪府,広島県,Refrigerated,2.8,Completed
2023-08-01,広島県,東京都,Medium_Truck,11.6,Completed
2023-09-08,広島県,福岡県,Medium_Truck,9.3,On_Time
2023-09-03,福岡県,北海道,Medium_Truck,9.6,On_Time
2023-10-01,宮城県,広島県,Refrigerated,10.9,Completed
2023-03-15,宮城県,広島県,Large_Truck,13.0,Completed
2023-11-19,宮城県,大阪府,Refrigerated,2.8,Completed
2023-11-19,福岡県,東京都,Light_Van,15.6,On_Time
2024-02-05,東京都,福岡県,Large_Truck,3.9,Delayed
2024-01-17,福岡県,東京都,Medium_Truck,24.7,On_Time
2023-11-01,北海道,広島県,Refrigerated,13.4,Completed
2023-05-06,大阪府,北海道,Refrigerated,21.4,Completed
2023-04-15,宮城県,愛知県,Refrigerated,2.2,On_Time
2023-07-30,北海道,広島県,Large_Truck,11.2,On_Time
2023-02-04,北海道,大阪府,Refrigerated,13.4,On_Time
2024-01-15,広島県,宮城県,Light_Van,20.5,Completed
2023-10-18,広島県,北海道,Light_Van,22.8,Completed
2023-04-26,宮城県,東京都,Refrigerated,19.8,On_Time
2023-11-11,宮城県,大阪府,Medium_Truck,15.1,Completed
2024-01-26,広島県,宮城県,Large_Truck,21.3,On_Time
2023-04-17,北海道,大阪府,Medium_Truck,7.4,Completed
2023-10-06,北海道,東京都,Medium_Truck,10.0,Delayed
2023-06-17,大阪府,広島県,Light_Van,24.5,Delayed
2023-08-07,広島県,東京都,Large_Truck,8.1,On_Time
2023-08-18,東京都,愛知県,Medium_Truck,12.8,Completed
2023-08-18,大阪府,宮城県,Medium_Truck,17.0,Completed
2023-05-31,福岡県,愛知県,Light_Van,2.4,On_Time
2023-09-11,東京都,愛知県,Light_Van,10.6,On_Time
2023-11-07,北海道,大阪府,Light_Van,12.7,On_Time
2023-04-12,宮城県,広島県,Refrigerated,11.4,On_Time
2023-04-09,東京都,愛知県,Large_Truck,20.3,Delayed
2023-06-27,愛知県,宮城県,Light_Van,8.6,Completed
2023-08-22,愛知県,広島県,Medium_Truck,22.6,Completed
2023-02-25,宮城県,大阪府,Medium_Truck,22.3,On_Time
2023-01-16,北海道,愛知県,Medium_Truck,5.4,Completed
2023-03-13,宮城県,北海道,Medium_Truck,33.7,Completed
2023-03-29,愛知県,福岡県,Medium_Truck,10.3,Delayed
2023-03-07,宮城県,北海道,Refrigerated,21.2,Delayed
2023-02-02,東京都,大阪府,Light_Van,3.6,On_Time
2024-01-21,大阪府,東京都,Large_Truck,16.7,Completed
2023-02-27,大阪府,宮城県,Large_Truck,10.1,On_Time
2023-01-29,大阪府,広島県,Light_Van,1.5,On_Time
2023-04-19,愛知県,北海道,Light_Van,24.0,On_Time
2023-10-13,福岡県,宮城県,Refrigerated,17.3,Delayed
2023-04-01,福岡県,大阪府,Medium_Truck,21.6,Delayed
2023-08-20,大阪府,宮城県,Large_Truck,10.2,On_Time
2023-09-07,宮城県,北海道,Medium_Truck,1.5,Completed
2023-05-01,福岡県,北海道,Light_Van,20.9,On_Time
2023-07-03,愛知県,福岡県,Light_Van,1.1,On_Time
2023-08-11,福岡県,東京都,Refrigerated,11.6,Delayed
2023-02-14,東京都,愛知県,Medium_Truck,24.0,On_Time
2023-11-01,北海道,東京都,Light_Van,9.0,Delayed
2023-03-31,大阪府,福岡県,Medium_Truck,26.6,Delayed
2023-11-13,広島県,宮城県,Light_Van,16.2,On_Time
2024-02-05,大阪府,宮城県,Large_Truck,14.0,Delayed
2023-11-07,宮城県,北海道,Refrigerated,22.0,Completed
2024-01-13,愛知県,宮城県,Refrigerated,2.5,Delayed
2023-08-23,愛知県,大阪府,Light_Van,9.9,Delayed
2024-01-24,北海道,大阪府,Refrigerated,21.4,Completed
2023-02-08,大阪府,愛知県,Refrigerated,11.0,On_Time
2023-12-23,宮城県,広島県,Light_Van,24.3,On_Time
2023-01-24,北海道,宮城県,Large_Truck,19.4,On_Time
2023-06-23,東京都,愛知県,Light_Van,15.3,Delayed
2023-01-12,宮城県,北海道,Large_Truck,21.9,On_Time
2023-08-27,東京都,北海道,Refrigerated,5.6,On_Time
2023-09-30,大阪府,東京都,Light_Van,8.6,On_Time
2023-05-15,北海道,宮城県,Light_Van,7.4,Completed
2023-07-11,宮城県,東京都,Refrigerated,11.7,Completed
2024-01-14,東京都,大阪府,Medium_Truck,17.4,Delayed
2023-10-04,愛知県,広島県,Medium_Truck,9.3,Completed
2023-04-17,福岡県,愛知県,Refrigerated,3.6,Delayed
2023-03-27,大阪府,福岡県,Medium_Truck,12.1,On_Time
2023-06-27,北海道,福岡県,Light_Van,17.2,Delayed
2023-03-15,大阪府,愛知県,Large_Truck,10.0,Completed
2023-11-07,福岡県,東京都,Medium_Truck,1.3,Completed
2024-01-06,大阪府,愛知県,Large_Truck,16.7,Delayed
2023-02-12,東京都,大阪府,Light_Van,6.2,Delayed
2023-11-15,大阪府,愛知県,Medium_Truck,14.5,Completed
2023-12-31,北海道,東京都,Refrigerated,3.0,Delayed
2023-05-15,北海道,広島県,Refrigerated,1.2,Completed
2023-11-19,福岡県,大阪府,Light_Van,9.4,Delayed
2023-07-01,愛知県,大阪府,Refrigerated,19.6,On_Time
2023-09-03,広島県,宮城県,Refrigerated,21.2,Completed
2023-04-14,広島県,東京都,Medium_Truck,15.2,Delayed
2023-04-04,北海道,大阪府,Refrigerated,20.1,Completed
2023-10-16,大阪府,広島県,Large_Truck,12.1,On_Time
2023-08-29,大阪府,福岡県,Light_Van,18.1,Delayed
2023-07-13,東京都,北海道,Light_Van,17.7,Delayed
2023-10-19,広島県,北海道,Light_Van,9.4,Completed
2023-05-21,広島県,東京都,Large_Truck,13.5,Completed
2023-08-18,東京都,北海道,Light_Van,19.9,Delayed
2023-07-28,大阪府,愛知県,Light_Van,15.8,Completed
2023-05-30,大阪府,広島県,Medium_Truck,2.4,Completed
2023-12-17,福岡県,愛知県,Large_Truck,17.5,Delayed
2023-04-15,北海道,愛知県,Refrigerated,19.3,On_Time
2023-05-08,北海道,福岡県,Light_Van,19.5,Completed
2023-10-30,大阪府,北海道,Large_Truck,7.2,Completed
2023-10-18,愛知県,宮城県,Refrigerated,23.2,Delayed
2023-11-19,広島県,東京都,Refrigerated,19.0,On_Time
2023-01-19,愛知県,東京都,Large_Truck,11.1,Delayed
2023-05-28,愛知県,大阪府,Large_Truck,1.4,Completed
2023-10-12,愛知県,宮城県,Light_Van,7.2,On_Time
2023-10-23,東京都,大阪府,Refrigerated,8.0,On_Time
2023-08-04,東京都,広島県,Medium_Truck,20.5,On_Time
2023-09-19,愛知県,広島県,Large_Truck,1.0,Delayed
2023-03-29,東京都,大阪府,Large_Truck,20.8,On_Time
2024-02-05,東京都,北海道,Light_Van,6.4,Completed
2024-02-03,東京都,宮城県,Large_Truck,9.1,Completed
2023-05-29,福岡県,東京都,Large_Truck,23.6,On_Time
2023-11-09,大阪府,福岡県,Large_Truck,5.5,Completed
2023-07-22,東京都,福岡県,Refrigerated,19.1,Completed
2023-05-04,宮城県,大阪府,Refrigerated,4.1,On_Time
2023-06-08,広島県,福岡県,Light_Van,11.8,On_Time
2023-02-26,愛知県,大阪府,Medium_Truck,16.1,Delayed
2023-10-17,大阪府,宮城県,Refrigerated,11.5,Completed
2024-01-19,大阪府,福岡県,Medium_Truck,4.7,On_Time
2023-09-01,大阪府,福岡県,Medium_Truck,18.0,Completed
2023-07-16,東京都,北海道,Large_Truck,18.5,Completed
2023-05-15,北海道,大阪府,Large_Truck,20.2,On_Time
2024-01-08,宮城県,福岡県,Large_Truck,5.3,On_Time
2023-03-31,東京都,広島県,Light_Van,20.4,Completed
2023-08-23,福岡県,愛知県,Light_Van,3.7,Completed
2023-03-30,福岡県,愛知県,Large_Truck,25.0,Delayed
2023-03-13,宮城県,大阪府,Large_Truck,24.1,Delayed
2023-11-14,福岡県,北海道,Large_Truck,9.9,Delayed
2023-06-07,北海道,宮城県,Refrigerated,8.2,Delayed
2023-07-16,広島県,宮城県,Medium_Truck,19.6,On_Time
2023-08-25,広島県,東京都,Light_Van,7.5,Completed
2023-03-28,北海道,愛知県,Large_Truck,29.2,Completed
2023-02-12,福岡県,北海道,Large_Truck,24.7,Delayed
2023-10-28,東京都,広島県,Medium_Truck,18.9,On_Time
2023-05-05,広島県,福岡県,Light_Van,22.4,Delayed
2023-04-20,愛知県,大阪府,Large_Truck,5.5,Completed
2023-02-18,東京都,福岡県,Refrigerated,2.6,On_Time
2023-04-09,宮城県,北海道,Large_Truck,3.6,Delayed
2023-01-06,愛知県,宮城県,Refrigerated,19.4,Completed
2023-04-20,福岡県,広島県,Large_Truck,23.6,Delayed
2023-12-04,宮城県,愛知県,Refrigerated,17.4,Delayed
2023-01-22,大阪府,宮城県,Medium_Truck,2.2,On_Time
2024-01-21,北海道,福岡県,Large_Truck,24.7,Completed
2023-05-13,宮城県,愛知県,Medium_Truck,15.2,On_Time
2024-01-03,北海道,宮城県,Medium_Truck,12.1,Completed
2023-09-15,愛知県,福岡県,Light_Van,17.0,Completed
2024-01-10,北海道,東京都,Large_Truck,16.9,Completed
2023-12-21,北海道,東京都,Light_Van,31.3,Delayed
2023-09-26,北海道,東京都,Light_Van,9.5,Completed
2023-10-25,大阪府,広島県,Medium_Truck,5.2,Delayed
2023-10-11,東京都,大阪府,Refrigerated,22.2,On_Time
2023-10-01,東京都,大阪府,Light_Van,22.3,Delayed
2023-11-22,大阪府,広島県,Medium_Truck,15.7,On_Time
2023-10-07,宮城県,愛知県,Medium_Truck,5.2,On_Time
2023-04-07,東京都,愛知県,Light_Van,6.9,On_Time
2023-08-05,広島県,宮城県,Large_Truck,4.6,Completed
2023-05-29,広島県,愛知県,Light_Van,14.4,Completed
2023-03-11,東京都,北海道,Refrigerated,13.7,Delayed
2023-07-29,福岡県,広島県,Refrigerated,16.3,On_Time
2023-02-15,宮城県,北海道,Light_Van,6.6,On_Time
2023-05-08,愛知県,大阪府,Large_Truck,6.2,Completed
2024-01-15,宮城県,北海道,Large_Truck,16.6,Completed
2023-12-02,大阪府,宮城県,Large_Truck,28.0,Delayed
2023-11-03,広島県,東京都,Large_Truck,18.3,Delayed
2023-03-04,福岡県,大阪府,Refrigerated,34.3,Delayed
2023-12-10,東京都,福岡県,Medium_Truck,30.4,On_Time
2023-05-10,宮城県,広島県,Light_Van,11.5,Completed
2023-08-08,愛知県,北海道,Large_Truck,16.0,Completed
2023-10-08,愛知県,東京都,Large_Truck,9.3,On_Time
2023-11-25,宮城県,東京都,Light_Van,10.6,On_Time
2023-08-11,北海道,福岡県,Large_Truck,2.2,Completed
2023-05-18,北海道,愛知県,Medium_Truck,11.8,Completed
2023-12-24,愛知県,北海道,Medium_Truck,18.9,Delayed
2023-08-23,大阪府,広島県,Light_Van,7.5,On_Time
2023-08-14,愛知県,広島県,Refrigerated,10.7,Delayed
2023-08-17,宮城県,広島県,Light_Van,1.1,Delayed
2023-09-12,広島県,大阪府,Medium_Truck,3.7,Delayed
2023-12-18,福岡県,愛知県,Large_Truck,30.6,Delayed
2023-03-09,北海道,福岡県,Large_Truck,9.8,On_Time
2023-05-08,広島県,東京都,Light_Van,19.0,Completed
2023-12-29,東京都,宮城県,Medium_Truck,11.0,Delayed
2023-10-09,宮城県,大阪府,Light_Van,24.6,Delayed
2023-04-22,福岡県,東京都,Light_Van,6.0,Completed
2023-08-10,大阪府,愛知県,Large_Truck,19.0,Completed
2023-01-09,愛知県,宮城県,Medium_Truck,16.5,Completed
2023-08-28,広島県,大阪府,Large_Truck,17.2,On_Time
2024-01-19,宮城県,北海道,Large_Truck,2.2,Delayed
2023-06-02,大阪府,宮城県,Light_Van,12.5,On_Time
2023-03-12,広島県,福岡県,Light_Van,17.4,On_Time
2023-04-22,福岡県,宮城県,Medium_Truck,17.7,Completed
2023-11-08,大阪府,福岡県,Large_Truck,4.4,On_Time
2023-05-18,大阪府,広島県,Medium_Truck,22.9,Completed
2023-05-01,宮城県,東京都,Medium_Truck,13.8,Delayed
2023-09-26,東京都,広島県,Large_Truck,5.3,Completed
2023-01-08,愛知県,福岡県,Light_Van,15.9,Delayed
2023-09-23,北海道,大阪府,Large_Truck,21.2,Completed
2023-03-11,愛知県,東京都,Light_Van,27.4,On_Time
2023-07-16,北海道,愛知県,Large_Truck,17.3,Delayed
2023-06-29,東京都,大阪府,Large_Truck,21.7,Delayed
2023-02-12,大阪府,広島県,Light_Van,21.2,Completed
2023-02-05,福岡県,東京都,Large_Truck,2.8,Completed
2023-07-27,広島県,大阪府,Light_Van,12.1,Completed
2023-08-14,愛知県,大阪府,Large_Truck,5.5,Completed
2024-01-12,福岡県,広島県,Large_Truck,19.4,Delayed
2023-06-07,福岡県,宮城県,Large_Truck,9.1,Delayed
2024-01-25,宮城県,福岡県,Refrigerated,16.5,Completed
2023-09-19,福岡県,広島県,Light_Van,3.0,On_Time
2023-12-22,大阪府,北海道,Large_Truck,28.4,Delayed
2023-04-14,広島県,福岡県,Medium_Truck,9.3,Completed
2023-08-16,広島県,北海道,Light_Van,6.6,Delayed
2023-12-16,北海道,愛知県,Medium_Truck,37.4,Delayed
2023-07-29,北海道,東京都,Large_Truck,21.6,On_Time
2024-01-23,大阪府,愛知県,Refrigerated,23.8,Delayed
2023-07-23,広島県,北海道,Light_Van,22.7,On_Time
2023-04-27,広島県,大阪府,Large_Truck,10.9,Completed
2023-08-06,北海道,大阪府,Medium_Truck,10.2,Delayed
2023-06-29,福岡県,北海道,Medium_Truck,5.9,Delayed
2023-08-26,東京都,大阪府,Large_Truck,13.7,On_Time
2023-05-14,福岡県,広島県,Medium_Truck,23.9,Completed
2023-01-21,広島県,愛知県,Light_Van,2.3,On_Time
2023-07-15,広島県,宮城県,Medium_Truck,11.7,Delayed
2023-11-16,東京都,愛知県,Light_Van,13.9,On_Time
2023-04-01,東京都,北海道,Light_Van,22.5,Delayed
2023-08-15,広島県,福岡県,Large_Truck,15.1,Completed
2023-10-02,福岡県,東京都,Medium_Truck,18.1,On_Time
2023-11-15,大阪府,東京都,Refrigerated,9.0,Delayed
2024-01-04,福岡県,広島県,Large_Truck,15.0,On_Time
2023-10-28,北海道,広島県,Light_Van,15.8,On_Time
2023-05-11,北海道,大阪府,Light_Van,14.7,Delayed
2023-08-31,宮城県,北海道,Medium_Truck,11.2,Completed
2023-09-29,福岡県,大阪府,Medium_Truck,21.6,Delayed
2023-10-16,福岡県,広島県,Refrigerated,14.0,Completed
2024-02-03,福岡県,宮城県,Refrigerated,20.7,Delayed
2023-12-08,東京都,北海道,Refrigerated,28.4,On_Time
2023-01-17,北海道,大阪府,Medium_Truck,6.9,On_Time
2023-09-23,北海道,福岡県,Refrigerated,23.9,Completed
2023-10-24,愛知県,宮城県,Light_Van,7.9,Completed
2023-05-23,大阪府,愛知県,Medium_Truck,2.5,Delayed
2023-12-31,北海道,東京都,Large_Truck,4.6,Delayed
2023-09-09,大阪府,東京都,Large_Truck,14.1,On_Time
2023-01-08,東京都,福岡県,Refrigerated,2.5,Delayed
2023-12-19,福岡県,東京都,Light_Van,9.8,On_Time
2023-10-29,愛知県,東京都,Refrigerated,13.9,Delayed
2023-06-23,福岡県,愛知県,Large_Truck,18.6,Completed
2023-10-16,愛知県,北海道,Refrigerated,23.1,Completed
2023-07-23,東京都,福岡県,Light_Van,24.9,On_Time
2023-05-25,福岡県,宮城県,Large_Truck,1.9,Delayed
2023-03-25,福岡県,宮城県,Medium_Truck,4.8,On_Time
2023-02-15,東京都,愛知県,Light_Van,16.7,Delayed
2023-11-18,北海道,宮城県,Light_Van,4.5,Completed
2023-11-03,東京都,愛知県,Refrigerated,7.5,On_Time
2023-09-18,愛知県,大阪府,Large_Truck,8.9,Delayed
2023-11-20,東京都,愛知県,Light_Van,6.7,On_Time
2023-09-15,愛知県,広島県,Large_Truck,22.9,On_Time
2023-12-18,宮城県,東京都,Light_Van,12.4,Completed
2023-10-10,福岡県,東京都,Refrigerated,3.4,On_Time
2023-06-09,東京都,大阪府,Medium_Truck,21.1,On_Time
2023-04-07,宮城県,広島県,Large_Truck,11.9,Completed
2023-07-15,広島県,宮城県,Light_Van,4.3,Completed
2023-01-16,大阪府,宮城県,Refrigerated,24.9,On_Time
2023-12-09,福岡県,広島県,Medium_Truck,31.8,On_Time
2024-02-05,愛知県,広島県,Large_Truck,14.9,Completed
2023-09-04,宮城県,大阪府,Light_Van,15.8,Completed
2023-09-01,東京都,福岡県,Light_Van,4.7,On_Time
2023-12-30,大阪府,福岡県,Refrigerated,11.1,On_Time
2023-01-11,福岡県,愛知県,Light_Van,13.5,On_Time
2023-03-29,東京都,大阪府,Light_Van,25.9,Completed
2023-10-30,福岡県,宮城県,Large_Truck,12.5,Completed
2024-02-01,大阪府,宮城県,Large_Truck,6.8,On_Time
2023-03-01,大阪府,宮城県,Medium_Truck,30.2,Delayed
2023-09-24,福岡県,宮城県,Medium_Truck,18.3,On_Time
2023-05-10,大阪府,福岡県,Light_Van,11.0,Completed
2023-04-24,愛知県,大阪府,Medium_Truck,7.5,On_Time
2023-06-08,東京都,宮城県,Light_Van,22.5,Completed
2023-11-26,東京都,大阪府,Light_Van,2.3,Delayed
2023-12-13,福岡県,大阪府,Light_Van,27.0,Delayed
2023-07-06,福岡県,大阪府,Large_Truck,24.5,On_Time
2023-12-19,広島県,大阪府,Light_Van,13.8,Delayed
2023-03-11,福岡県,東京都,Large_Truck,7.2,Completed
2023-06-18,北海道,大阪府,Medium_Truck,22.6,Completed
2023-02-08,東京都,愛知県,Light_Van,12.5,On_Time
2023-07-13,東京都,広島県,Large_Truck,9.6,Completed
2023-07-01,北海道,広島県,Medium_Truck,22.9,On_Time
2023-09-11,宮城県,広島県,Refrigerated,22.8,Completed
2023-06-20,福岡県,北海道,Light_Van,9.6,Completed
2023-08-12,大阪府,広島県,Large_Truck,11.0,Delayed
2023-10-24,大阪府,福岡県,Large_Truck,3.9,On_Time
2023-02-14,大阪府,福岡県,Large_Truck,6.5,On_Time
2023-08-25,東京都,福岡県,Light_Van,18.2,Delayed
2023-10-01,大阪府,宮城県,Large_Truck,19.3,Completed
2023-05-30,宮城県,愛知県,Large_Truck,6.4,On_Time
2023-04-13,東京都,宮城県,Light_Van,16.4,Delayed
2023-09-05,大阪府,広島県,Large_Truck,16.7,On_Time
2023-08-04,広島県,北海道,Large_Truck,15.1,Completed
2023-04-10,愛知県,大阪府,Refrigerated,7.0,Completed
2024-01-25,北海道,広島県,Light_Van,2.7,Delayed
2023-01-16,大阪府,北海道,Large_Truck,23.2,On_Time
2024-02-02,福岡県,広島県,Medium_Truck,4.4,Completed
2023-02-09,北海道,大阪府,Light_Van,2.8,Delayed
2023-08-17,広島県,東京都,Refrigerated,15.8,Delayed
2024-01-08,東京都,宮城県,Medium_Truck,12.3,Delayed
2023-05-17,宮城県,広島県,Refrigerated,10.4,On_Time
2023-02-03,北海道,広島県,Medium_Truck,7.0,On_Time
2023-03-12,福岡県,宮城県,Medium_Truck,13.9,Delayed
2023-12-05,広島県,北海道,Refrigerated,19.0,Delayed
2023-03-11,愛知県,宮城県,Medium_Truck,3.6,On_Time
2023-01-03,大阪府,宮城県,Refrigerated,19.0,On_Time
2024-01-11,宮城県,東京都,Medium_Truck,12.5,Completed
2023-08-19,東京都,北海道,Large_Truck,12.9,On_Time
2023-08-11,福岡県,大阪府,Medium_Truck,16.2,Delayed
2023-03-24,広島県,福岡県,Light_Van,35.5,Delayed
2023-09-07,北海道,東京都,Refrigerated,15.7,Delayed
2023-06-08,福岡県,北海道,Refrigerated,8.9,On_Time
2023-06-14,広島県,福岡県,Refrigerated,9.9,On_Time
2024-01-23,宮城県,福岡県,Refrigerated,15.2,Completed
2023-11-17,福岡県,大阪府,Large_Truck,23.8,Completed
2023-02-25,北海道,広島県,Medium_Truck,24.3,Delayed
2023-10-15,北海道,大阪府,Refrigerated,4.8,Completed
2023-02-03,宮城県,北海道,Refrigerated,6.9,Completed
2023-05-28,宮城県,東京都,Large_Truck,4.6,Completed
2023-02-19,広島県,東京都,Medium_Truck,17.0,Delayed
2023-10-10,東京都,宮城県,Refrigerated,3.4,On_Time
2023-06-24,大阪府,東京都,Large_Truck,1.7,Completed
2023-02-19,北海道,広島県,Medium_Truck,6.7,On_Time
2023-02-08,愛知県,広島県,Refrigerated,8.7,On_Time
2023-07-08,福岡県,大阪府,Medium_Truck,14.5,Delayed
2023-04-10,愛知県,大阪府,Light_Van,24.8,On_Time
2023-09-30,愛知県,広島県,Light_Van,4.2,Delayed
2023-06-09,大阪府,福岡県,Medium_Truck,20.9,Delayed
2023-08-01,福岡県,宮城県,Medium_Truck,1.6,Delayed
2023-08-17,愛知県,北海道,Medium_Truck,24.6,On_Time
2023-11-16,東京都,北海道,Light_Van,15.4,Delayed
2023-06-25,福岡県,愛知県,Refrigerated,2.0,Delayed
2023-07-15,福岡県,宮城県,Refrigerated,21.8,Delayed
2023-02-21,広島県,北海道,Refrigerated,5.9,Delayed
2023-06-19,北海道,福岡県,Light_Van,2.6,On_Time
2023-11-13,福岡県,広島県,Refrigerated,8.4,Delayed
2023-03-19,北海道,福岡県,Large_Truck,14.5,Delayed
2023-12-06,愛知県,東京都,Light_Van,13.6,Delayed
2023-05-31,宮城県,東京都,Large_Truck,24.4,Completed
2023-08-21,福岡県,大阪府,Large_Truck,7.0,On_Time
2023-06-08,愛知県,東京都,Refrigerated,3.5,On_Time
2023-06-17,広島県,北海道,Refrigerated,10.9,On_Time
2023-06-23,東京都,北海道,Medium_Truck,13.6,Delayed
2023-11-03,北海道,東京都,Refrigerated,22.8,On_Time
2023-09-18,宮城県,北海道,Light_Van,14.9,Delayed
2023-08-20,愛知県,宮城県,Large_Truck,11.4,Completed
2023-09-12,北海道,宮城県,Medium_Truck,2.1,Completed
2023-03-07,北海道,宮城県,Refrigerated,34.2,Delayed
2023-03-15,福岡県,宮城県,Medium_Truck,21.0,Completed
2024-01-30,大阪府,広島県,Refrigerated,21.0,On_Time
2023-09-27,東京都,大阪府,Refrigerated,18.3,Completed
2023-07-12,愛知県,大阪府,Refrigerated,17.3,Completed
2023-12-10,東京都,北海道,Medium_Truck,23.5,Completed
2023-03-10,大阪府,広島県,Large_Truck,22.9,On_Time
2024-01-23,北海道,東京都,Large_Truck,1.7,On_Time
2023-03-13,宮城県,大阪府,Refrigerated,20.6,On_Time
2024-01-29,大阪府,東京都,Light_Van,18.5,Completed
2023-04-17,宮城県,北海道,Large_Truck,4.9,On_Time
2023-02-26,東京都,北海道,Medium_Truck,1.2,Completed
2023-04-11,大阪府,愛知県,Medium_Truck,23.2,Delayed
2023-04-27,福岡県,大阪府,Light_Van,18.3,On_Time
2023-11-16,北海道,広島県,Large_Truck,24.0,Completed
2023-11-01,北海道,東京都,Medium_Truck,12.9,On_Time
2023-11-18,宮城県,愛知県,Medium_Truck,19.6,Completed
2024-01-17,広島県,大阪府,Large_Truck,16.6,Completed
2023-01-05,広島県,宮城県,Light_Van,20.1,On_Time
2023-04-23,広島県,宮城県,Medium_Truck,22.4,Completed
2023-02-04,大阪府,北海道,Medium_Truck,5.4,Delayed
2023-02-16,東京都,大阪府,Large_Truck,3.4,Delayed
2024-01-24,愛知県,北海道,Refrigerated,6.9,Completed
2023-03-26,東京都,愛知県,Light_Van,11.3,Delayed
2023-04-07,大阪府,宮城県,Large_Truck,4.6,Delayed
2023-12-22,福岡県,宮城県,Large_Truck,34.6,Delayed
2023-02-03,宮城県,北海道,Light_Van,6.2,Completed
2023-04-24,北海道,東京都,Medium_Truck,18.9,Delayed
2024-01-19,広島県,宮城県,Medium_Truck,15.7,Completed
2023-07-23,東京都,広島県,Refrigerated,21.9,Delayed
2023-04-13,愛知県,東京都,Medium_Truck,19.1,Completed
2023-07-05,東京都,愛知県,Light_Van,11.4,Completed
2023-12-16,北海道,大阪府,Light_Van,29.9,On_Time
2023-03-23,宮城県,福岡県,Large_Truck,7.8,Completed
2023-02-02,愛知県,広島県,Refrigerated,8.2,Completed
2024-01-09,北海道,宮城県,Large_Truck,18.1,Completed
2023-03-30,東京都,宮城県,Light_Van,6.0,On_Time
2023-02-15,福岡県,宮城県,Light_Van,10.6,Delayed
2023-12-14,大阪府,愛知県,Large_Truck,2.5,On_Time
2023-05-28,東京都,福岡県,Refrigerated,24.0,On_Time
2023-08-29,愛知県,広島県,Medium_Truck,9.8,Delayed
2023-05-23,大阪府,愛知県,Medium_Truck,8.5,On_Time
2023-05-25,東京都,広島県,Refrigerated,3.0,On_Time
2023-06-21,愛知県,大阪府,Light_Van,2.9,On_Time
2023-04-05,福岡県,愛知県,Large_Truck,2.9,Delayed
2023-03-18,東京都,広島県,Refrigerated,25.6,On_Time
2023-10-20,大阪府,北海道,Medium_Truck,13.4,Delayed
2023-02-26,大阪府,北海道,Refrigerated,10.7,Completed
2023-03-07,大阪府,愛知県,Medium_Truck,15.3,On_Time
2023-05-11,広島県,福岡県,Large_Truck,12.3,On_Time
2023-04-08,北海道,宮城県,Medium_Truck,16.7,On_Time
2023-03-21,愛知県,宮城県,Refrigerated,25.4,Delayed
2023-07-06,大阪府,広島県,Large_Truck,2.9,Completed
2023-03-28,北海道,広島県,Large_Truck,23.2,Completed
2023-06-18,宮城県,福岡県,Light_Van,3.4,Completed
2023-09-01,大阪府,愛知県,Medium_Truck,17.0,Delayed
2023-12-28,東京都,愛知県,Large_Truck,5.4,On_Time
2024-01-24,北海道,福岡県,Large_Truck,18.0,Completed
2023-09-03,大阪府,広島県,Refrigerated,2.6,Delayed
2023-02-17,宮城県,北海道,Medium_Truck,1.4,On_Time
2023-01-31,東京都,北海道,Refrigerated,24.8,Completed
2023-06-20,宮城県,愛知県,Medium_Truck,18.3,Completed
2023-12-21,北海道,東京都,Refrigerated,36.3,On_Time
2023-07-31,広島県,東京都,Medium_Truck,14.1,Completed
2023-03-23,北海道,広島県,Medium_Truck,31.4,Completed
2023-02-16,宮城県,東京都,Large_Truck,10.5,Delayed
2023-05-09,広島県,愛知県,Large_Truck,22.9,On_Time
2023-01-20,愛知県,広島県,Light_Van,12.7,On_Time
2023-02-14,福岡県,広島県,Refrigerated,2.1,Completed
2023-02-03,広島県,大阪府,Medium_Truck,12.2,Completed
2023-08-08,福岡県,大阪府,Light_Van,9.1,Delayed
2023-04-07,東京都,福岡県,Refrigerated,5.5,On_Time
2023-05-30,広島県,北海道,Medium_Truck,9.2,On_Time
2023-09-02,北海道,福岡県,Refrigerated,3.6,Completed
2023-05-03,北海道,東京都,Refrigerated,23.6,Completed
2023-02-13,東京都,福岡県,Light_Van,1.4,Completed
2023-03-11,大阪府,広島県,Refrigerated,19.8,Delayed
2023-02-26,広島県,愛知県,Light_Van,5.7,Completed
2023-01-29,東京都,宮城県,Medium_Truck,14.2,On_Time
2023-05-08,大阪府,福岡県,Light_Van,15.5,Delayed
2023-05-20,大阪府,広島県,Medium_Truck,22.5,Delayed
2023-05-25,大阪府,北海道,Refrigerated,22.3,Delayed
2023-11-25,大阪府,東京都,Light_Van,21.9,On_Time
2023-01-09,北海道,福岡県,Light_Van,1.5,Delayed
2023-10-04,大阪府,宮城県,Refrigerated,5.5,Delayed
2023-12-26,東京都,福岡県,Large_Truck,36.9,Completed
2023-06-24,愛知県,北海道,Refrigerated,12.1,On_Time
2023-06-17,福岡県,愛知県,Medium_Truck,1.7,On_Time
2023-05-26,広島県,愛知県,Light_Van,21.1,Completed
2023-08-15,北海道,宮城県,Large_Truck,22.3,Delayed
2023-05-05,東京都,福岡県,Large_Truck,21.0,Completed
2023-10-11,北海道,東京都,Light_Van,15.7,Delayed
2023-12-28,東京都,広島県,Light_Van,34.7,On_Time
2023-03-07,東京都,愛知県,Medium_Truck,34.1,Delayed
2023-02-14,広島県,宮城県,Refrigerated,12.1,On_Time
2023-05-31,愛知県,広島県,Light_Van,2.8,Delayed
2024-01-06,大阪府,北海道,Large_Truck,5.4,Completed
2023-09-14,大阪府,福岡県,Light_Van,8.0,Completed
2023-07-05,愛知県,広島県,Medium_Truck,8.9,Completed
2023-10-23,宮城県,北海道,Large_Truck,3.0,On_Time
2023-01-05,北海道,福岡県,Refrigerated,4.3,Delayed
2023-08-17,広島県,北海道,Light_Van,9.3,Delayed
2023-11-26,北海道,東京都,Refrigerated,16.4,Completed
2023-10-21,東京都,福岡県,Refrigerated,21.8,Delayed
2023-06-04,愛知県,東京都,Light_Van,9.6,On_Time
2023-04-29,北海道,東京都,Medium_Truck,9.6,Delayed
2023-05-30,北海道,宮城県,Refrigerated,4.2,Delayed
2023-02-14,宮城県,愛知県,Light_Van,2.5,Completed
2023-05-06,宮城県,福岡県,Medium_Truck,3.2,Completed
2023-01-13,福岡県,大阪府,Medium_Truck,24.0,Completed
2023-01-28,広島県,宮城県,Large_Truck,20.8,On_Time
2024-01-05,福岡県,広島県,Medium_Truck,10.7,Delayed
2023-07-18,東京都,福岡県,Large_Truck,17.6,On_Time
2023-10-02,広島県,宮城県,Light_Van,11.4,Completed
2023-10-08,広島県,東京都,Medium_Truck,6.3,On_Time
2023-04-11,広島県,東京都,Medium_Truck,8.0,Completed
2023-12-09,北海道,福岡県,Refrigerated,10.6,Completed
2023-10-30,宮城県,北海道,Light_Van,9.0,Completed
2023-11-14,北海道,福岡県,Medium_Truck,6.2,Completed
2023-11-05,福岡県,大阪府,Light_Van,10.2,On_Time
2023-02-23,福岡県,愛知県,Light_Van,11.6,On_Time
2023-11-16,大阪府,北海道,Large_Truck,15.7,Completed
2023-09-20,愛知県,北海道,Refrigerated,20.9,Completed
2023-10-02,広島県,大阪府,Large_Truck,2.8,Completed
2024-01-18,福岡県,宮城県,Light_Van,18.7,Delayed
2023-06-28,大阪府,北海道,Large_Truck,6.2,On_Time
2023-03-22,北海道,東京都,Large_Truck,27.7,Completed
2024-02-02,北海道,大阪府,Refrigerated,20.5,On_Time
2024-01-10,福岡県,北海道,Refrigerated,14.4,On_Time
2023-01-25,北海道,福岡県,Large_Truck,19.4,On_Time
2023-01-14,北海道,宮城県,Light_Van,9.5,Delayed
2023-12-03,北海道,愛知県,Light_Van,10.5,Delayed
2023-05-20,宮城県,大阪府,Light_Van,21.8,On_Time
2023-05-01,福岡県,愛知県,Refrigerated,21.7,Delayed
2023-08-29,東京都,宮城県,Large_Truck,9.6,On_Time
2023-08-16,北海道,愛知県,Refrigerated,20.3,Delayed
2023-04-15,北海道,広島県,Refrigerated,21.6,Completed
2023-09-20,愛知県,福岡県,Light_Van,8.6,Completed
2023-02-03,宮城県,東京都,Refrigerated,12.5,Completed
2023-03-07,広島県,宮城県,Light_Van,36.8,Completed
2023-07-22,宮城県,福岡県,Medium_Truck,10.0,Delayed
2023-06-04,愛知県,東京都,Large_Truck,13.9,On_Time
2023-05-13,宮城県,愛知県,Light_Van,18.0,Delayed
2023-06-05,東京都,愛知県,Medium_Truck,21.3,Completed
2023-10-25,福岡県,東京都,Refrigerated,5.4,Delayed
2023-08-27,大阪府,福岡県,Refrigerated,4.9,Delayed
2023-03-30,北海道,宮城県,Medium_Truck,14.5,Completed
2023-03-03,愛知県,北海道,Refrigerated,10.6,Delayed
2023-11-08,福岡県,広島県,Refrigerated,18.4,Delayed
2023-07-31,福岡県,広島県,Light_Van,16.4,Completed
2023-09-16,大阪府,北海道,Medium_Truck,4.8,Completed
2023-05-09,東京都,北海道,Refrigerated,7.2,Delayed
2024-01-14,大阪府,広島県,Light_Van,17.0,Delayed
2023-04-02,大阪府,福岡県,Large_Truck,25.0,Delayed
2023-02-27,福岡県,北海道,Large_Truck,22.1,On_Time
2024-01-17,大阪府,東京都,Refrigerated,1.4,On_Time
2024-01-06,東京都,大阪府,Large_Truck,6.8,On_Time
2023-07-29,愛知県,北海道,Refrigerated,10.2,On_Time
2023-06-14,愛知県,広島県,Large_Truck,9.4,Delayed
2023-10-09,福岡県,愛知県,Refrigerated,15.5,Delayed
2023-07-20,大阪府,宮城県,Refrigerated,22.0,On_Time
2023-01-12,北海道,宮城県,Light_Van,21.1,Delayed
2023-01-15,福岡県,東京都,Large_Truck,11.7,On_Time
2023-12-30,愛知県,広島県,Refrigerated,2.6,Delayed
2023-07-17,福岡県,東京都,Large_Truck,19.4,On_Time
2023-07-09,宮城県,北海道,Light_Van,24.0,Delayed
2023-09-22,愛知県,大阪府,Large_Truck,15.4,On_Time
2023-06-23,大阪府,広島県,Refrigerated,10.3,Delayed
2023-09-29,広島県,東京都,Refrigerated,20.3,Delayed
2023-10-16,福岡県,広島県,Large_Truck,10.0,Delayed
2023-02-27,北海道,大阪府,Refrigerated,14.4,On_Time
2023-05-22,愛知県,北海道,Medium_Truck,14.2,Completed
2023-08-22,広島県,北海道,Medium_Truck,17.8,Delayed
2023-08-04,愛知県,宮城県,Refrigerated,10.9,Delayed
2024-01-10,福岡県,宮城県,Large_Truck,19.1,Delayed
2023-03-14,福岡県,宮城県,Refrigerated,29.0,Delayed
2023-03-06,愛知県,宮城県,Large_Truck,9.6,Completed
2023-04-10,北海道,広島県,Refrigerated,18.3,Delayed
2023-12-02,広島県,福岡県,Refrigerated,37.2,Completed
2023-02-21,北海道,愛知県,Medium_Truck,18.6,On_Time
2023-03-09,大阪府,広島県,Refrigerated,31.9,Completed
2023-01-24,宮城県,東京都,Medium_Truck,24.9,On_Time
2023-03-24,東京都,大阪府,Refrigerated,7.4,On_Time
2023-04-26,北海道,広島県,Medium_Truck,24.4,Delayed
2023-09-24,大阪府,北海道,Large_Truck,6.5,Delayed
2023-11-26,東京都,愛知県,Refrigerated,13.7,On_Time
2023-12-31,広島県,宮城県,Light_Van,23.2,Completed
2023-03-12,北海道,福岡県,Refrigerated,34.9,Completed
2023-10-18,広島県,大阪府,Light_Van,4.3,Completed
2023-07-18,東京都,宮城県,Large_Truck,4.4,Completed
2023-07-07,広島県,愛知県,Refrigerated,17.0,Delayed
2023-05-21,東京都,広島県,Large_Truck,12.0,Completed
2023-06-06,広島県,大阪府,Large_Truck,11.9,On_Time
2023-12-19,愛知県,広島県,Medium_Truck,29.4,Completed
2023-05-01,広島県,東京都,Medium_Truck,16.7,Completed
2023-01-10,北海道,愛知県,Medium_Truck,14.6,Delayed
2023-02-17,広島県,大阪府,Medium_Truck,10.4,Completed
2023-06-14,宮城県,福岡県,Medium_Truck,20.5,Completed
2023-09-30,大阪府,北海道,Refrigerated,12.8,On_Time
2023-04-11,大阪府,広島県,Light_Van,21.8,On_Time
2023-03-18,愛知県,宮城県,Large_Truck,29.3,Delayed
2023-02-03,大阪府,福岡県,Medium_Truck,21.5,Completed
2023-08-15,福岡県,宮城県,Refrigerated,1.6,Completed
2023-03-18,大阪府,北海道,Refrigerated,9.4,Delayed
2023-12-08,大阪府,広島県,Large_Truck,28.3,Delayed
2023-01-03,愛知県,東京都,Light_Van,7.9,Delayed
2023-12-24,宮城県,愛知県,Light_Van,10.0,Completed
2023-06-24,北海道,大阪府,Medium_Truck,16.8,Delayed
2023-11-07,宮城県,東京都,Refrigerated,13.8,On_Time
2023-09-09,宮城県,東京都,Light_Van,5.8,On_Time
2023-03-29,愛知県,広島県,Medium_Truck,25.8,Completed
2023-06-08,大阪府,北海道,Medium_Truck,8.8,Delayed
2023-11-15,宮城県,広島県,Large_Truck,9.6,On_Time
2023-12-10,東京都,福岡県,Refrigerated,18.8,On_Time
2023-12-29,愛知県,東京都,Refrigerated,34.1,Delayed
2023-02-01,広島県,大阪府,Large_Truck,8.2,On_Time
2023-09-17,大阪府,広島県,Light_Van,23.8,On_Time
2023-03-14,大阪府,北海道,Refrigerated,5.2,Completed
2023-09-24,福岡県,大阪府,Large_Truck,17.0,On_Time
2023-09-12,広島県,愛知県,Large_Truck,5.9,Delayed
2023-08-30,大阪府,宮城県,Large_Truck,13.0,On_Time
2023-07-19,愛知県,東京都,Light_Van,22.5,Completed
2023-06-22,東京都,宮城県,Large_Truck,13.3,Completed
2023-11-25,北海道,福岡県,Refrigerated,1.5,On_Time
2023-09-18,大阪府,広島県,Light_Van,13.9,On_Time
2023-05-05,大阪府,東京都,Medium_Truck,10.2,Completed
2023-05-31,福岡県,広島県,Medium_Truck,16.1,Completed
2023-04-15,福岡県,東京都,Refrigerated,4.7,Completed
2023-06-24,大阪府,北海道,Large_Truck,7.6,On_Time
2023-03-07,宮城県,北海道,Medium_Truck,2.9,On_Time
2023-05-28,北海道,福岡県,Medium_Truck,23.8,Completed
2023-03-15,大阪府,東京都,Large_Truck,14.6,Completed
2023-11-07,広島県,愛知県,Refrigerated,13.8,On_Time
2023-01-03,北海道,福岡県,Medium_Truck,11.7,Completed
2023-06-17,愛知県,北海道,Refrigerated,16.4,Delayed
2023-04-27,福岡県,大阪府,Light_Van,3.7,On_Time
2023-06-30,東京都,広島県,Light_Van,6.9,On_Time
2023-06-18,福岡県,宮城県,Light_Van,12.5,Completed
2023-12-07,福岡県,東京都,Refrigerated,9.7,Delayed
2023-09-19,愛知県,宮城県,Light_Van,23.9,Completed
2023-10-07,東京都,大阪府,Refrigerated,16.4,Completed
2023-04-03,東京都,宮城県,Medium_Truck,5.2,On_Time
2023-05-17,大阪府,広島県,Medium_Truck,20.1,Completed
2023-07-30,北海道,大阪府,Light_Van,10.1,On_Time
2023-01-06,宮城県,愛知県,Medium_Truck,21.2,On_Time
2023-02-02,広島県,愛知県,Large_Truck,16.1,Completed
2023-03-27,東京都,宮城県,Medium_Truck,9.5,Completed
2023-11-23,北海道,宮城県,Large_Truck,7.2,On_Time
2023-05-14,福岡県,東京都,Large_Truck,6.1,On_Time
2023-09-19,大阪府,広島県,Light_Van,2.9,On_Time
2023-04-20,北海道,宮城県,Refrigerated,22.0,Delayed
2023-12-27,北海道,東京都,Medium_Truck,10.9,Completed
2023-09-11,福岡県,大阪府,Refrigerated,7.3,On_Time
2023-10-19,愛知県,東京都,Medium_Truck,8.6,Delayed
2023-02-23,東京都,広島県,Refrigerated,22.5,On_Time
2023-12-07,東京都,大阪府,Light_Van,4.2,On_Time
2023-08-09,福岡県,北海道,Medium_Truck,13.5,Completed
2023-08-11,愛知県,東京都,Large_Truck,16.6,Delayed
2023-09-26,北海道,宮城県,Large_Truck,4.4,Delayed
2023-09-14,愛知県,東京都,Light_Van,23.6,Delayed
2023-11-22,広島県,愛知県,Light_Van,12.3,On_Time
2023-10-29,東京都,大阪府,Large_Truck,22.3,On_Time
2023-12-09,広島県,宮城県,Large_Truck,17.1,On_Time
2023-05-24,広島県,宮城県,Light_Van,19.3,On_Time
2023-08-23,広島県,福岡県,Medium_Truck,12.7,Completed
2023-12-25,東京都,宮城県,Light_Van,20.9,On_Time
2023-11-15,福岡県,大阪府,Light_Van,18.3,Delayed
2023-05-22,福岡県,愛知県,Light_Van,4.4,Delayed
2023-03-02,愛知県,北海道,Large_Truck,31.8,Completed
2023-02-02,福岡県,東京都,Light_Van,18.7,Completed
2023-08-04,広島県,大阪府,Light_Van,13.6,On_Time
2023-02-03,宮城県,東京都,Medium_Truck,22.0,Delayed
2023-07-21,福岡県,広島県,Light_Van,17.9,Delayed
2023-03-23,福岡県,愛知県,Medium_Truck,20.2,Completed
2023-12-23,大阪府,北海道,Refrigerated,13.5,Delayed
2023-07-07,北海道,広島県,Large_Truck,1.6,Completed
2023-07-01,福岡県,広島県,Medium_Truck,12.8,On_Time
2023-03-19,広島県,愛知県,Medium_Truck,23.3,Delayed
2023-03-03,福岡県,広島県,Medium_Truck,13.0,Completed
2023-07-14,大阪府,北海道,Refrigerated,2.3,Delayed
2023-04-24,広島県,宮城県,Light_Van,2.2,Delayed
2023-09-06,広島県,東京都,Light_Van,9.8,Completed
2023-03-16,大阪府,福岡県,Refrigerated,1.6,Completed
2023-09-03,宮城県,大阪府,Refrigerated,10.9,Delayed
2023-02-23,大阪府,愛知県,Light_Van,11.4,Completed
2023-11-09,東京都,福岡県,Refrigerated,5.2,Completed
2023-08-01,広島県,東京都,Light_Van,22.6,On_Time
2023-09-12,広島県,東京都,Large_Truck,3.1,Completed
2023-01-19,北海道,広島県,Medium_Truck,4.3,Delayed
2023-12-30,大阪府,愛知県,Medium_Truck,5.4,Completed
2023-03-30,東京都,広島県,Light_Van,24.6,Delayed
2023-07-08,広島県,福岡県,Medium_Truck,9.9,On_Time
2023-10-17,東京都,宮城県,Medium_Truck,3.4,Delayed
2024-01-02,宮城県,北海道,Large_Truck,11.3,On_Time
2023-12-13,宮城県,大阪府,Medium_Truck,11.3,On_Time
2023-10-21,愛知県,東京都,Light_Van,19.3,On_Time
2023-01-17,広島県,東京都,Large_Truck,18.0,On_Time
2024-01-09,福岡県,宮城県,Medium_Truck,7.4,Completed
2023-05-08,大阪府,宮城県,Refrigerated,13.1,Delayed
2023-11-23,福岡県,東京都,Refrigerated,8.7,On_Time
2023-02-11,大阪府,宮城県,Light_Van,11.0,Completed
2023-07-18,広島県,東京都,Large_Truck,2.0,On_Time
2024-01-22,広島県,北海道,Refrigerated,24.4,On_Time
2023-04-05,大阪府,宮城県,Refrigerated,9.1,Completed
2023-05-25,宮城県,東京都,Light_Van,16.3,Completed
2023-02-18,愛知県,宮城県,Large_Truck,22.6,On_Time
2023-03-26,愛知県,北海道,Medium_Truck,26.7,On_Time
2023-01-15,広島県,北海道,Light_Van,14.5,Delayed
2023-10-17,福岡県,広島県,Large_Truck,3.3,Completed
2023-04-19,大阪府,愛知県,Light_Van,1.1,Completed
2023-12-25,愛知県,北海道,Light_Van,26.3,Completed
2023-03-19,福岡県,広島県,Refrigerated,5.5,Completed
2024-02-04,福岡県,愛知県,Large_Truck,14.5,On_Time
2023-07-16,宮城県,大阪府,Medium_Truck,7.1,On_Time
2023-02-07,宮城県,大阪府,Large_Truck,7.0,Delayed
2024-01-14,愛知県,大阪府,Medium_Truck,24.8,On_Time
2023-04-05,広島県,大阪府,Refrigerated,21.3,Completed
2023-10-17,広島県,東京都,Light_Van,6.8,Delayed
2023-05-18,愛知県,北海道,Large_Truck,7.6,Delayed
2023-01-30,東京都,広島県,Large_Truck,15.1,Delayed
2023-10-23,愛知県,宮城県,Refrigerated,6.2,On_Time
2024-01-22,福岡県,北海道,Refrigerated,11.5,Completed
2023-11-19,北海道,広島県,Refrigerated,20.2,Completed
2023-04-22,広島県,宮城県,Refrigerated,17.0,Completed
2023-12-29,大阪府,北海道,Large_Truck,20.2,On_Time
2023-12-17,大阪府,福岡県,Large_Truck,30.9,Completed
2024-01-03,大阪府,愛知県,Large_Truck,20.4,On_Time
2023-08-25,宮城県,大阪府,Large_Truck,20.0,Delayed
2023-10-16,東京都,広島県,Large_Truck,18.4,On_Time
2023-09-04,愛知県,広島県,Medium_Truck,20.7,Delayed
2023-11-22,広島県,福岡県,Refrigerated,23.2,Delayed
2023-10-14,北海道,東京都,Refrigerated,12.9,Delayed
2023-10-12,広島県,大阪府,Light_Van,15.5,On_Time
2023-07-16,北海道,大阪府,Medium_Truck,21.2,Completed
2023-12-06,宮城県,福岡県,Refrigerated,23.9,Completed
2023-11-30,東京都,広島県,Refrigerated,1.1,Completed
2023-09-29,愛知県,東京都,Light_Van,19.9,Completed
2023-07-08,広島県,宮城県,Refrigerated,7.0,On_Time
2023-09-15,宮城県,東京都,Medium_Truck,6.8,Delayed
2023-04-08,広島県,大阪府,Light_Van,19.1,Completed
2023-06-18,北海道,愛知県,Light_Van,19.7,Completed
2023-05-07,宮城県,愛知県,Refrigerated,16.3,Completed
2023-02-04,大阪府,福岡県,Medium_Truck,21.6,Completed
2023-01-22,愛知県,福岡県,Refrigerated,18.3,On_Time
2023-03-26,東京都,大阪府,Medium_Truck,27.7,Delayed
2023-01-14,宮城県,福岡県,Light_Van,12.2,Delayed
2023-09-20,福岡県,大阪府,Refrigerated,12.8,Delayed
2023-10-20,大阪府,東京都,Refrigerated,4.6,On_Time
2023-12-22,愛知県,北海道,Medium_Truck,17.8,Delayed
2023-12-06,宮城県,東京都,Large_Truck,14.1,Completed
2023-08-14,大阪府,広島県,Large_Truck,1.2,Delayed
2023-04-06,東京都,福岡県,Large_Truck,23.4,Delayed
2023-05-10,愛知県,福岡県,Medium_Truck,3.6,Delayed
2023-07-15,福岡県,愛知県,Large_Truck,16.7,Completed
2023-04-26,大阪府,広島県,Large_Truck,9.6,Delayed
2023-04-28,東京都,大阪府,Medium_Truck,11.7,On_Time
2023-01-17,広島県,大阪府,Light_Van,22.1,Delayed
2023-11-13,宮城県,愛知県,Refrigerated,6.8,Completed
2023-04-25,愛知県,北海道,Medium_Truck,23.0,Completed
2023-02-17,福岡県,東京都,Refrigerated,23.9,On_Time
2023-11-11,大阪府,東京都,Medium_Truck,14.1,On_Time
2023-10-27,福岡県,大阪府,Light_Van,21.9,Completed
2023-08-13,広島県,大阪府,Medium_Truck,14.3,Completed
2023-06-16,北海道,広島県,Refrigerated,15.5,Delayed
2023-10-18,福岡県,北海道,Large_Truck,23.9,On_Time
2023-03-29,大阪府,福岡県,Refrigerated,36.3,Delayed
2023-11-15,宮城県,福岡県,Light_Van,11.5,On_Time
2023-07-29,北海道,宮城県,Light_Van,2.8,On_Time
2023-09-07,宮城県,広島県,Medium_Truck,12.2,Delayed
2023-12-14,北海道,宮城県,Medium_Truck,29.9,Delayed
2023-05-27,愛知県,広島県,Refrigerated,9.3,Delayed
2024-01-30,愛知県,広島県,Light_Van,13.1,Delayed
2023-11-24,北海道,福岡県,Large_Truck,8.3,On_Time
2023-07-18,愛知県,福岡県,Medium_Truck,24.7,Delayed
2023-01-30,宮城県,東京都,Light_Van,24.4,On_Time
2023-03-18,大阪府,東京都,Refrigerated,25.7,Delayed
2023-06-12,北海道,福岡県,Refrigerated,20.5,Delayed
2023-09-20,東京都,宮城県,Medium_Truck,23.2,Completed
2023-09-27,東京都,広島県,Light_Van,20.8,Delayed
2023-07-03,北海道,東京都,Refrigerated,14.4,On_Time
2023-11-24,東京都,大阪府,Refrigerated,24.3,On_Time
2023-02-02,福岡県,宮城県,Refrigerated,10.3,On_Time
2023-10-02,大阪府,東京都,Light_Van,11.1,On_Time
2023-08-27,愛知県,宮城県,Large_Truck,7.1,Delayed
2024-01-06,広島県,愛知県,Light_Van,1.6,On_Time
2023-12-04,愛知県,北海道,Large_Truck,15.2,Delayed
2023-07-09,広島県,大阪府,Large_Truck,11.6,Delayed
2023-01-12,北海道,東京都,Refrigerated,10.6,On_Time
2023-06-03,広島県,北海道,Medium_Truck,19.2,On_Time
2023-08-17,宮城県,大阪府,Large_Truck,7.4,Delayed
2023-09-06,愛知県,宮城県,Large_Truck,2.2,Completed
2023-04-16,宮城県,北海道,Refrigerated,2.2,Completed
2023-06-13,宮城県,北海道,Large_Truck,24.5,On_Time
2023-12-01,愛知県,大阪府,Refrigerated,11.5,On_Time
2023-05-09,東京都,大阪府,Light_Van,8.3,Delayed
2023-11-15,広島県,宮城県,Large_Truck,12.9,Delayed
2023-08-11,広島県,宮城県,Medium_Truck,22.3,On_Time
2023-07-16,宮城県,大阪府,Large_Truck,10.4,Completed
2023-09-29,広島県,福岡県,Light_Van,19.7,Completed
2023-09-25,北海道,宮城県,Light_Van,1.1,Delayed
2023-05-13,広島県,北海道,Large_Truck,6.2,Delayed
2023-02-26,東京都,宮城県,Large_Truck,24.3,Completed
2023-02-01,広島県,北海道,Light_Van,21.2,On_Time
2023-08-29,宮城県,広島県,Medium_Truck,21.8,On_Time
2023-05-17,愛知県,東京都,Refrigerated,23.3,Delayed
2024-01-11,北海道,東京都,Light_Van,23.3,On_Time
2023-11-22,大阪府,東京都,Large_Truck,14.0,On_Time
2023-04-13,北海道,東京都,Light_Van,23.6,On_Time
2023-07-26,大阪府,東京都,Light_Van,21.9,On_Time
2023-07-31,東京都,北海道,Medium_Truck,3.9,Completed
2023-09-27,宮城県,東京都,Light_Van,18.4,Completed
2023-09-02,北海道,愛知県,Large_Truck,15.8,Delayed
2023-08-06,大阪府,福岡県,Refrigerated,12.1,Delayed
2023-04-25,広島県,宮城県,Refrigerated,21.5,Delayed
2023-06-09,大阪府,宮城県,Large_Truck,18.4,On_Time
2023-10-10,大阪府,宮城県,Large_Truck,6.7,Delayed
2024-01-30,愛知県,宮城県,Large_Truck,5.6,Completed
2023-10-02,福岡県,大阪府,Light_Van,15.8,Completed
2023-08-19,広島県,愛知県,Light_Van,8.0,Delayed
2024-01-15,福岡県,宮城県,Light_Van,17.7,On_Time
2023-12-30,宮城県,愛知県,Medium_Truck,4.6,Delayed
2023-12-06,福岡県,北海道,Light_Van,8.8,Completed
2023-04-10,北海道,福岡県,Large_Truck,1.0,On_Time
2023-09-15,東京都,宮城県,Large_Truck,8.4,Completed
2023-05-26,北海道,東京都,Refrigerated,21.8,Completed
2023-02-11,北海道,宮城県,Medium_Truck,13.7,Completed
2024-01-26,広島県,愛知県,Medium_Truck,14.3,Completed
2023-04-24,宮城県,大阪府,Medium_Truck,24.5,On_Time
2023-03-04,宮城県,大阪府,Medium_Truck,16.1,Completed
2023-04-27,愛知県,北海道,Light_Van,4.8,Delayed
2023-12-21,広島県,北海道,Light_Van,22.0,Completed
2023-07-04,広島県,宮城県,Refrigerated,19.1,On_Time
2023-10-29,北海道,広島県,Large_Truck,13.1,Completed
2023-02-13,大阪府,福岡県,Large_Truck,24.0,Delayed
2023-04-05,宮城県,東京都,Light_Van,17.8,Delayed
2023-06-12,宮城県,愛知県,Large_Truck,4.6,Delayed
2024-01-23,福岡県,宮城県,Refrigerated,17.1,On_Time
2023-12-24,宮城県,愛知県,Large_Truck,13.0,Completed
2023-11-09,北海道,愛知県,Light_Van,14.6,Delayed
2023-05-13,東京都,大阪府,Large_Truck,7.1,Delayed
2023-07-27,東京都,福岡県,Refrigerated,17.1,On_Time
2023-02-17,東京都,愛知県,Medium_Truck,21.7,Completed
2024-01-08,宮城県,広島県,Medium_Truck,13.4,Completed
2023-11-01,北海道,広島県,Light_Van,6.3,Delayed
2023-11-15,東京都,宮城県,Refrigerated,16.0,On_Time
2023-01-25,大阪府,北海道,Refrigerated,5.4,On_Time
2023-08-12,福岡県,愛知県,Large_Truck,7.6,Delayed
2023-03-20,広島県,宮城県,Large_Truck,36.0,Delayed
2023-10-12,宮城県,愛知県,Medium_Truck,7.9,Completed
2023-03-28,広島県,愛知県,Large_Truck,10.5,Delayed
2023-07-20,宮城県,愛知県,Light_Van,11.2,On_Time
2023-08-21,愛知県,北海道,Refrigerated,16.0,Completed
2023-03-07,宮城県,大阪府,Medium_Truck,21.1,Completed
2023-08-21,東京都,大阪府,Large_Truck,8.0,On_Time
2023-07-02,広島県,宮城県,Refrigerated,16.5,Delayed
2023-10-22,北海道,広島県,Refrigerated,23.9,Completed
2023-02-07,宮城県,広島県,Light_Van,24.8,On_Time
2023-01-16,福岡県,広島県,Light_Van,16.7,Completed
2023-12-11,東京都,大阪府,Medium_Truck,16.3,Delayed
2023-07-17,愛知県,福岡県,Light_Van,22.2,Completed
2023-01-15,福岡県,宮城県,Medium_Truck,22.3,Completed
2024-01-23,東京都,大阪府,Light_Van,13.7,Completed
2023-02-26,大阪府,東京都,Light_Van,4.5,On_Time
2023-06-19,大阪府,北海道,Refrigerated,3.1,Completed
2023-07-07,福岡県,大阪府,Medium_Truck,14.0,On_Time
2023-10-06,東京都,愛知県,Light_Van,21.4,On_Time
2023-10-29,愛知県,大阪府,Refrigerated,24.3,Delayed
2023-04-30,北海道,東京都,Light_Van,3.8,Delayed
2024-01-31,広島県,福岡県,Light_Van,17.6,Completed
2024-01-04,北海道,東京都,Refrigerated,8.1,Completed
2023-10-31,北海道,広島県,Light_Van,7.6,Completed
2023-05-29,東京都,北海道,Medium_Truck,23.1,Delayed
2023-01-05,福岡県,北海道,Large_Truck,8.2,Delayed
2023-03-05,宮城県,広島県,Light_Van,14.4,On_Time
2023-04-17,愛知県,宮城県,Light_Van,6.4,Delayed
2023-11-06,広島県,宮城県,Large_Truck,19.6,Delayed
2023-10-20,宮城県,北海道,Light_Van,1.0,Delayed
2024-02-02,広島県,愛知県,Medium_Truck,15.2,Completed
2023-03-09,愛知県,福岡県,Large_Truck,14.7,Completed
2023-09-08,愛知県,広島県,Large_Truck,14.7,Delayed
2023-04-16,福岡県,宮城県,Medium_Truck,10.8,Delayed
2023-04-13,東京都,愛知県,Light_Van,15.3,Completed
2023-09-13,北海道,愛知県,Refrigerated,22.9,Completed
2023-07-07,福岡県,愛知県,Refrigerated,9.5,On_Time
2024-01-22,北海道,愛知県,Large_Truck,9.9,Completed
2023-01-10,愛知県,北海道,Light_Van,16.6,Delayed
2023-01-11,東京都,宮城県,Refrigerated,16.7,Delayed
2023-02-27,東京都,宮城県,Light_Van,19.9,On_Time
2023-12-21,北海道,愛知県,Light_Van,37.1,On_Time
2023-08-10,宮城県,東京都,Light_Van,21.6,On_Time
2023-08-07,北海道,愛知県,Refrigerated,22.6,On_Time
2023-03-23,東京都,宮城県,Light_Van,2.9,Completed
2023-08-20,北海道,愛知県,Refrigerated,13.4,On_Time
2023-01-20,北海道,福岡県,Large_Truck,12.1,On_Time
2024-01-02,福岡県,宮城県,Large_Truck,11.3,Delayed
2024-01-23,東京都,大阪府,Large_Truck,11.0,On_Time
2023-07-11,北海道,福岡県,Medium_Truck,7.7,Delayed
2023-07-03,広島県,東京都,Large_Truck,16.1,On_Time
2023-09-17,広島県,福岡県,Refrigerated,8.8,Completed
2023-04-02,東京都,北海道,Refrigerated,2.4,On_Time
2023-10-26,宮城県,広島県,Large_Truck,2.0,Delayed
2023-09-20,愛知県,大阪府,Large_Truck,23.8,Completed
2023-05-10,大阪府,宮城県,Medium_Truck,7.4,On_Time
2023-12-15,宮城県,東京都,Refrigerated,16.3,Completed
2024-01-12,福岡県,広島県,Refrigerated,5.5,Delayed
2023-05-14,北海道,大阪府,Medium_Truck,17.1,Delayed
2023-03-07,宮城県,福岡県,Medium_Truck,29.4,On_Time
2023-07-17,愛知県,広島県,Refrigerated,16.7,Delayed
2023-03-11,愛知県,広島県,Refrigerated,26.3,Delayed
2023-06-30,福岡県,東京都,Light_Van,6.1,Completed
2023-05-17,宮城県,北海道,Large_Truck,24.4,Delayed
2023-08-04,広島県,東京都,Medium_Truck,15.1,Delayed
2023-04-25,東京都,愛知県,Refrigerated,2.5,Completed
2023-10-15,宮城県,福岡県,Large_Truck,16.0,Completed
2024-01-07,東京都,大阪府,Light_Van,7.0,On_Time
2023-06-15,宮城県,東京都,Large_Truck,4.5,Delayed
2023-02-03,宮城県,広島県,Large_Truck,2.0,On_Time
2023-06-09,東京都,広島県,Medium_Truck,9.5,Delayed
2023-01-18,大阪府,福岡県,Large_Truck,14.3,On_Time
2023-04-01,東京都,福岡県,Refrigerated,1.3,Delayed
2023-01-04,宮城県,東京都,Light_Van,6.9,Completed
2023-10-05,大阪府,北海道,Refrigerated,11.5,On_Time
2023-11-02,愛知県,広島県,Medium_Truck,2.6,Delayed
2023-11-13,福岡県,東京都,Medium_Truck,24.6,On_Time
2023-01-27,福岡県,愛知県,Refrigerated,2.5,Delayed
2023-04-02,東京都,愛知県,Light_Van,6.7,Delayed
2023-02-07,北海道,大阪府,Light_Van,24.8,On_Time
2023-04-01,愛知県,福岡県,Large_Truck,21.0,Completed
2023-05-14,福岡県,大阪府,Large_Truck,19.3,Completed
2023-07-01,福岡県,愛知県,Large_Truck,4.4,On_Time
2023-03-22,愛知県,北海道,Refrigerated,14.4,Completed
2023-02-01,大阪府,東京都,Medium_Truck,2.4,On_Time
2023-06-10,愛知県,宮城県,Medium_Truck,9.9,On_Time
2023-10-21,広島県,愛知県,Medium_Truck,12.1,On_Time
2023-01-27,愛知県,福岡県,Refrigerated,2.8,Delayed
2023-11-06,北海道,愛知県,Medium_Truck,7.3,Completed
2023-04-01,東京都,大阪府,Light_Van,1.3,Completed
2023-06-28,愛知県,北海道,Refrigerated,11.2,On_Time
2024-01-01,広島県,東京都,Medium_Truck,8.5,Completed
2023-04-16,福岡県,東京都,Large_Truck,1.9,On_Time
2023-03-30,東京都,愛知県,Light_Van,9.4,Completed
2023-05-02,福岡県,北海道,Large_Truck,4.9,On_Time
2023-05-05,福岡県,北海道,Medium_Truck,11.5,Delayed
2023-04-01,広島県,福岡県,Refrigerated,17.5,On_Time
2023-03-18,大阪府,広島県,Large_Truck,18.7,On_Time
2023-05-23,愛知県,宮城県,Refrigerated,23.8,Delayed
2023-11-23,大阪府,東京都,Light_Van,2.9,Completed
2023-07-28,大阪府,福岡県,Refrigerated,22.0,Delayed
2023-10-24,福岡県,北海道,Refrigerated,1.9,Delayed
2023-06-18,東京都,広島県,Refrigerated,11.3,Completed
2023-02-19,広島県,北海道,Medium_Truck,24.1,On_Time
2023-08-11,東京都,北海道,Large_Truck,5.9,Delayed
2023-08-03,北海道,福岡県,Refrigerated,6.4,Completed
2023-10-20,宮城県,愛知県,Refrigerated,8.4,Completed
2024-01-26,広島県,福岡県,Large_Truck,1.2,On_Time
2023-05-01,福岡県,東京都,Refrigerated,24.8,On_Time
2023-05-12,北海道,大阪府,Large_Truck,18.9,Completed
2023-04-18,大阪府,宮城県,Medium_Truck,9.8,On_Time
2023-01-05,大阪府,愛知県,Light_Van,22.5,Completed
2023-11-17,愛知県,福岡県,Light_Van,2.6,On_Time
2023-10-26,北海道,福岡県,Light_Van,14.8,On_Time
2023-07-14,宮城県,広島県,Medium_Truck,16.0,On_Time
2024-01-29,東京都,福岡県,Medium_Truck,21.5,Delayed
2023-11-03,北海道,大阪府,Medium_Truck,11.7,Completed
2023-01-26,宮城県,北海道,Refrigerated,7.3,Delayed
2023-09-20,広島県,北海道,Medium_Truck,4.6,Completed
2023-03-15,広島県,愛知県,Light_Van,22.1,Delayed
2023-05-03,宮城県,福岡県,Light_Van,2.3,Completed
2023-08-07,愛知県,北海道,Large_Truck,9.9,Completed
2023-10-15,大阪府,東京都,Light_Van,1.9,Delayed
2023-04-13,愛知県,北海道,Large_Truck,4.5,Delayed
2023-07-31,北海道,東京都,Light_Van,10.0,Delayed
2023-02-09,大阪府,福岡県,Large_Truck,12.9,Delayed
2023-07-08,愛知県,大阪府,Light_Van,5.7,Completed
2023-11-19,大阪府,福岡県,Refrigerated,16.0,On_Time
2023-05-11,北海道,広島県,Light_Van,19.4,On_Time
2023-08-21,北海道,広島県,Refrigerated,9.8,On_Time
2023-02-02,大阪府,東京都,Refrigerated,8.1,Delayed
2023-09-09,愛知県,宮城県,Large_Truck,17.6,Delayed
2024-02-04,福岡県,愛知県,Refrigerated,21.3,Completed
2024-01-29,東京都,愛知県,Refrigerated,4.2,Delayed
2023-08-01,北海道,愛知県,Light_Van,3.2,On_Time
2023-05-12,愛知県,大阪府,Refrigerated,24.6,Delayed
2024-02-05,宮城県,東京都,Large_Truck,20.9,On_Time
2024-01-02,大阪府,北海道,Light_Van,5.8,On_Time
2023-10-29,広島県,東京都,Large_Truck,1.8,Delayed
2024-01-13,東京都,北海道,Light_Van,4.0,Delayed
2024-01-15,大阪府,宮城県,Medium_Truck,23.9,On_Time
2023-10-11,大阪府,東京都,Refrigerated,2.0,Completed
2023-04-20,広島県,北海道,Light_Van,8.7,On_Time
2023-01-19,広島県,愛知県,Light_Van,18.2,On_Time
2023-09-10,北海道,宮城県,Light_Van,6.0,Delayed
2024-01-26,大阪府,福岡県,Refrigerated,23.4,Completed
2023-04-22,福岡県,北海道,Refrigerated,15.5,Delayed
2023-02-26,大阪府,福岡県,Medium_Truck,24.8,On_Time
2023-10-20,東京都,北海道,Large_Truck,1.4,Completed
2023-02-24,広島県,宮城県,Medium_Truck,12.2,Completed
2023-05-28,北海道,愛知県,Refrigerated,23.2,On_Time
2023-02-19,東京都,宮城県,Light_Van,15.0,Completed
2023-08-31,大阪府,広島県,Light_Van,5.5,On_Time
2023-06-28,福岡県,宮城県,Medium_Truck,22.8,Completed
2023-11-13,福岡県,愛知県,Medium_Truck,17.9,Delayed
2023-04-14,東京都,北海道,Medium_Truck,12.4,Delayed
2023-04-03,東京都,福岡県,Refrigerated,12.3,Completed
2023-10-14,宮城県,東京都,Large_Truck,4.9,On_Time
2023-10-14,大阪府,広島県,Refrigerated,22.0,Completed
2023-02-14,愛知県,東京都,Large_Truck,13.3,Delayed
2023-07-06,愛知県,東京都,Light_Van,15.9,Delayed
2023-03-29,宮城県,大阪府,Large_Truck,20.8,Delayed
2023-03-20,宮城県,東京都,Refrigerated,23.4,Delayed
2023-10-06,北海道,広島県,Refrigerated,5.4,On_Time
2023-11-07,北海道,大阪府,Medium_Truck,12.4,Delayed
2023-10-24,広島県,愛知県,Light_Van,23.4,Completed
2023-02-13,広島県,北海道,Refrigerated,3.8,On_Time
2023-09-07,福岡県,北海道,Light_Van,1.6,Delayed
2023-08-13,広島県,福岡県,Large_Truck,9.6,Delayed
2023-08-02,愛知県,福岡県,Medium_Truck,12.6,On_Time
2024-01-07,北海道,東京都,Refrigerated,3.3,On_Time
2024-01-01,福岡県,広島県,Large_Truck,20.3,Completed
2024-01-25,宮城県,大阪府,Light_Van,22.8,Delayed
2023-12-21,福岡県,北海道,Medium_Truck,14.1,Delayed
2023-04-01,福岡県,宮城県,Refrigerated,1.7,Completed
2023-11-21,北海道,福岡県,Refrigerated,22.3,Delayed
2023-01-04,広島県,東京都,Light_Van,17.9,On_Time
2023-04-18,東京都,愛知県,Large_Truck,13.8,On_Time
2023-05-30,大阪府,福岡県,Medium_Truck,2.3,Delayed
2023-04-11,北海道,愛知県,Medium_Truck,12.8,Delayed
2023-09-28,福岡県,大阪府,Large_Truck,16.1,Delayed
2024-01-18,東京都,宮城県,Large_Truck,16.1,On_Time
2023-10-13,大阪府,宮城県,Large_Truck,12.9,Completed
2023-06-14,広島県,福岡県,Medium_Truck,6.0,On_Time
2024-01-13,東京都,大阪府,Refrigerated,8.4,Delayed
2023-09-11,宮城県,広島県,Light_Van,5.5,Delayed
2024-01-23,広島県,福岡県,Refrigerated,24.9,Delayed
2023-11-12,北海道,東京都,Refrigerated,9.0,On_Time
2023-04-09,北海道,東京都,Light_Van,8.8,Completed
2023-09-23,宮城県,愛知県,Light_Van,13.6,Delayed
2023-05-28,福岡県,愛知県,Medium_Truck,12.5,Completed
2023-12-01,東京都,広島県,Large_Truck,30.4,Completed
2023-04-20,大阪府,福岡県,Large_Truck,16.7,Delayed
2023-10-03,愛知県,大阪府,Medium_Truck,6.4,Completed
2023-02-04,大阪府,福岡県,Light_Van,1.4,Delayed
2023-12-16,大阪府,福岡県,Medium_Truck,34.2,On_Time
2023-09-05,宮城県,東京都,Refrigerated,19.3,On_Time
2023-11-24,愛知県,東京都,Refrigerated,11.1,On_Time
2023-12-24,北海道,愛知県,Large_Truck,31.9,On_Time
2023-02-06,大阪府,福岡県,Medium_Truck,6.2,On_Time
2023-02-25,北海道,愛知県,Large_Truck,7.8,Delayed
2023-01-30,福岡県,宮城県,Medium_Truck,6.7,Delayed
2024-01-22,福岡県,北海道,Large_Truck,13.6,Completed
2023-12-14,大阪府,愛知県,Refrigerated,2.0,Delayed
2023-12-27,北海道,大阪府,Refrigerated,15.5,On_Time
2023-12-03,宮城県,広島県,Refrigerated,31.1,Delayed
2024-01-14,北海道,愛知県,Large_Truck,11.4,Delayed
2023-01-10,宮城県,広島県,Light_Van,19.4,Completed
2023-11-13,広島県,北海道,Refrigerated,12.5,Completed
2023-11-28,宮城県,広島県,Refrigerated,11.0,Completed
2024-01-11,愛知県,大阪府,Large_Truck,18.8,Delayed
2023-02-22,宮城県,広島県,Medium_Truck,6.1,On_Time
2023-08-05,東京都,福岡県,Medium_Truck,22.4,Delayed
2023-12-26,愛知県,宮城県,Refrigerated,2.3,Delayed
2023-12-02,広島県,福岡県,Medium_Truck,22.6,Delayed
2023-03-28,宮城県,大阪府,Large_Truck,28.2,Completed
2023-02-07,大阪府,北海道,Light_Van,7.4,Delayed
2023-10-15,東京都,福岡県,Light_Van,20.4,Completed
2023-05-31,北海道,広島県,Light_Van,8.5,Delayed
2023-08-25,広島県,北海道,Light_Van,16.3,Delayed
2023-09-21,愛知県,宮城県,Medium_Truck,22.0,Delayed
2023-07-23,愛知県,宮城県,Light_Van,9.9,On_Time
2023-06-27,東京都,大阪府,Refrigerated,24.7,Delayed
2023-07-20,宮城県,広島県,Large_Truck,11.2,Completed
2023-07-19,宮城県,大阪府,Refrigerated,11.8,On_Time
2024-02-01,東京都,大阪府,Medium_Truck,5.8,Delayed
2023-08-27,大阪府,広島県,Light_Van,16.6,On_Time
2023-07-31,北海道,福岡県,Large_Truck,23.4,Completed
2023-05-06,愛知県,福岡県,Refrigerated,13.3,On_Time
2023-11-04,大阪府,福岡県,Large_Truck,18.4,Completed
2023-10-02,北海道,宮城県,Medium_Truck,15.8,Delayed
2023-11-12,愛知県,福岡県,Medium_Truck,1.7,On_Time
2023-06-11,北海道,愛知県,Large_Truck,1.4,Completed
2023-12-13,大阪府,福岡県,Refrigerated,23.6,Delayed
2023-08-30,福岡県,広島県,Refrigerated,7.5,On_Time
2023-12-24,北海道,広島県,Refrigerated,20.4,On_Time
2023-02-20,広島県,大阪府,Medium_Truck,2.5,Delayed
2023-07-03,大阪府,愛知県,Refrigerated,19.6,Delayed
2023-12-04,東京都,大阪府,Large_Truck,36.2,Completed
2023-10-18,宮城県,東京都,Refrigerated,19.0,On_Time
2023-01-01,東京都,大阪府,Large_Truck,5.8,Completed
2024-01-09,東京都,愛知県,Large_Truck,15.4,Completed
2024-01-20,北海道,広島県,Large_Truck,19.1,Delayed
2023-12-20,愛知県,広島県,Refrigerated,19.3,On_Time
2023-06-21,福岡県,広島県,Medium_Truck,16.5,Completed
2023-07-11,広島県,北海道,Large_Truck,24.2,Delayed
2023-10-07,宮城県,北海道,Medium_Truck,18.2,Delayed
2023-12-13,東京都,広島県,Large_Truck,15.6,Completed
2023-09-11,大阪府,北海道,Large_Truck,6.6,Delayed
2024-01-15,大阪府,福岡県,Large_Truck,16.7,On_Time
2023-03-06,北海道,愛知県,Light_Van,4.1,On_Time
2023-01-20,福岡県,北海道,Medium_Truck,3.5,On_Time
2023-08-05,広島県,大阪府,Light_Van,8.6,Delayed
2024-02-04,宮城県,東京都,Large_Truck,7.2,Delayed
2023-09-11,東京都,広島県,Light_Van,20.8,On_Time
2024-01-19,宮城県,大阪府,Large_Truck,18.6,Completed
2023-04-29,北海道,福岡県,Refrigerated,23.2,On_Time
2023-01-10,北海道,広島県,Large_Truck,21.4,Delayed
2023-11-11,北海道,大阪府,Light_Van,24.2,On_Time
2023-07-23,愛知県,北海道,Light_Van,22.4,Delayed
2023-02-02,広島県,福岡県,Medium_Truck,20.5,On_Time
2023-11-26,愛知県,広島県,Medium_Truck,11.0,Completed
2023-09-14,東京都,大阪府,Medium_Truck,10.5,On_Time
2023-12-27,大阪府,広島県,Refrigerated,4.0,Delayed
2023-04-02,北海道,福岡県,Refrigerated,25.0,Delayed
2023-07-30,東京都,広島県,Light_Van,16.6,On_Time
2023-12-07,広島県,愛知県,Light_Van,9.0,On_Time
2023-11-18,愛知県,宮城県,Medium_Truck,17.7,On_Time
2023-05-14,広島県,福岡県,Medium_Truck,5.3,Completed
2023-10-17,福岡県,宮城県,Refrigerated,3.2,Delayed
2023-09-27,愛知県,東京都,Large_Truck,21.2,Delayed
2023-03-28,北海道,広島県,Medium_Truck,18.0,Delayed
2023-08-14,愛知県,広島県,Medium_Truck,23.6,Completed
2023-05-23,東京都,福岡県,Medium_Truck,1.3,Delayed
2023-07-03,広島県,大阪府,Large_Truck,4.5,Completed
2023-12-04,愛知県,福岡県,Light_Van,3.0,Completed
2023-06-15,大阪府,広島県,Large_Truck,23.2,Delayed
2024-01-19,広島県,北海道,Light_Van,17.5,Delayed
2023-12-10,大阪府,北海道,Large_Truck,19.9,On_Time
2023-11-15,大阪府,北海道,Light_Van,20.1,Delayed
2023-02-08,広島県,愛知県,Medium_Truck,23.2,Completed
2023-09-15,北海道,大阪府,Refrigerated,13.1,On_Time
2023-10-01,東京都,福岡県,Refrigerated,21.6,Delayed
2023-04-04,広島県,東京都,Light_Van,14.1,Completed
2023-04-08,広島県,宮城県,Light_Van,2.3,Delayed
2023-12-23,宮城県,東京都,Medium_Truck,12.7,On_Time
2023-12-27,北海道,福岡県,Refrigerated,25.0,Completed
2024-01-23,東京都,愛知県,Medium_Truck,12.5,Completed
2023-12-01,宮城県,北海道,Light_Van,14.5,Delayed
2024-01-26,福岡県,宮城県,Large_Truck,5.7,Completed
2024-02-05,北海道,大阪府,Medium_Truck,6.8,On_Time
2023-02-04,東京都,福岡県,Light_Van,6.2,Completed
2023-07-04,宮城県,北海道,Light_Van,3.7,Completed
2023-07-14,北海道,東京都,Medium_Truck,15.8,Completed
2023-12-17,愛知県,東京都,Large_Truck,6.4,Completed
2023-09-09,宮城県,大阪府,Refrigerated,11.2,On_Time
2023-05-11,大阪府,宮城県,Large_Truck,23.1,Delayed
2023-07-21,東京都,広島県,Large_Truck,1.6,On_Time
2023-01-10,北海道,大阪府,Light_Van,19.0,Delayed
2023-11-10,愛知県,宮城県,Medium_Truck,14.3,Delayed
2023-07-19,東京都,広島県,Medium_Truck,16.6,Completed
2023-03-30,北海道,愛知県,Light_Van,4.7,Completed
2023-07-11,福岡県,愛知県,Large_Truck,16.9,Completed
2023-02-05,大阪府,宮城県,Large_Truck,3.1,Completed
2023-01-19,大阪府,広島県,Medium_Truck,5.9,Delayed
2023-06-09,北海道,宮城県,Light_Van,5.0,Delayed
2023-04-25,大阪府,愛知県,Refrigerated,18.2,Completed
2023-07-05,福岡県,北海道,Refrigerated,20.4,Completed
2023-01-24,宮城県,大阪府,Medium_Truck,1.4,Completed
2023-01-21,大阪府,宮城県,Medium_Truck,21.6,Delayed
2023-11-02,大阪府,愛知県,Refrigerated,4.7,Delayed
2023-03-04,愛知県,広島県,Refrigerated,19.9,Completed
2023-01-15,大阪府,宮城県,Light_Van,4.9,On_Time
2023-03-09,宮城県,北海道,Large_Truck,26.3,Completed
2023-01-06,広島県,東京都,Large_Truck,24.8,Delayed
2023-11-11,大阪府,東京都,Refrigerated,20.5,Completed
2023-12-05,北海道,広島県,Large_Truck,15.0,On_Time
2023-01-11,宮城県,愛知県,Large_Truck,10.9,Completed
2023-08-07,東京都,福岡県,Medium_Truck,23.7,Delayed
2023-07-31,大阪府,宮城県,Large_Truck,5.3,Completed
2023-05-06,広島県,福岡県,Large_Truck,15.3,Completed
2023-06-11,北海道,福岡県,Refrigerated,3.0,Delayed
2023-10-12,福岡県,東京都,Light_Van,8.9,Delayed
2023-04-02,愛知県,福岡県,Light_Van,17.5,Delayed
2023-08-29,宮城県,愛知県,Medium_Truck,12.5,On_Time
2023-08-07,広島県,大阪府,Large_Truck,2.8,On_Time
2023-10-13,大阪府,東京都,Light_Van,21.9,Completed
2023-08-28,大阪府,宮城県,Light_Van,8.5,Delayed
2023-09-25,愛知県,広島県,Medium_Truck,19.1,On_Time
2023-02-12,愛知県,東京都,Medium_Truck,19.7,Delayed
2023-05-05,宮城県,北海道,Light_Van,17.0,Delayed
2024-01-08,広島県,福岡県,Refrigerated,19.3,Delayed
2023-03-09,福岡県,大阪府,Light_Van,17.0,Completed
2023-02-09,北海道,宮城県,Large_Truck,4.6,Completed
2023-02-22,北海道,広島県,Light_Van,2.8,On_Time
2023-01-18,東京都,大阪府,Light_Van,16.4,On_Time
2023-12-16,宮城県,愛知県,Large_Truck,25.5,Completed
2023-04-27,愛知県,宮城県,Refrigerated,9.0,Completed
2023-09-06,東京都,福岡県,Refrigerated,18.3,On_Time
2023-04-07,福岡県,北海道,Large_Truck,9.7,On_Time
2023-09-07,福岡県,広島県,Refrigerated,3.8,Delayed
2023-03-28,宮城県,広島県,Medium_Truck,19.1,On_Time
2023-03-12,北海道,愛知県,Large_Truck,20.3,Completed
2023-11-07,東京都,宮城県,Medium_Truck,22.9,On_Time
2023-09-06,東京都,大阪府,Light_Van,6.2,Delayed
2024-01-31,東京都,宮城県,Large_Truck,6.3,Completed
2024-01-15,福岡県,愛知県,Medium_Truck,19.1,On_Time
2023-04-27,宮城県,広島県,Refrigerated,17.3,On_Time
2023-08-16,東京都,北海道,Medium_Truck,2.9,Completed
2023-11-28,東京都,福岡県,Refrigerated,16.6,Completed
2023-09-01,東京都,福岡県,Light_Van,19.3,Completed
2023-05-17,東京都,愛知県,Large_Truck,6.7,Delayed
2023-04-26,東京都,広島県,Refrigerated,7.7,On_Time
2023-07-03,福岡県,東京都,Light_Van,20.3,Completed
2023-01-22,広島県,愛知県,Large_Truck,6.6,On_Time
2023-02-07,大阪府,宮城県,Refrigerated,4.0,On_Time
2023-11-23,福岡県,東京都,Large_Truck,17.2,Completed
2023-01-26,福岡県,東京都,Refrigerated,10.2,On_Time
2023-02-20,東京都,広島県,Refrigerated,12.0,On_Time
2023-01-09,愛知県,大阪府,Medium_Truck,14.6,Delayed
2023-09-20,北海道,東京都,Medium_Truck,9.6,Completed
2024-01-15,福岡県,宮城県,Large_Truck,6.8,Completed
2023-01-09,宮城県,大阪府,Light_Van,14.9,On_Time
2023-09-11,大阪府,宮城県,Medium_Truck,16.1,Completed
2023-05-21,宮城県,愛知県,Large_Truck,12.1,Completed
2023-04-24,北海道,福岡県,Light_Van,23.3,Delayed
2024-01-31,大阪府,東京都,Light_Van,4.5,Completed
2024-01-04,宮城県,福岡県,Medium_Truck,6.9,Delayed
2023-12-01,北海道,東京都,Light_Van,28.0,On_Time
2023-01-13,東京都,福岡県,Medium_Truck,10.6,Delayed
2023-06-22,北海道,広島県,Large_Truck,14.2,Completed
2023-05-18,東京都,北海道,Light_Van,2.0,On_Time
2023-08-20,福岡県,愛知県,Light_Van,11.0,Delayed
2023-10-14,福岡県,愛知県,Medium_Truck,22.4,On_Time
2023-03-23,広島県,宮城県,Refrigerated,4.1,Completed
2023-06-20,大阪府,広島県,Light_Van,14.5,Delayed
2023-05-16,東京都,愛知県,Medium_Truck,23.7,Delayed
2023-02-01,北海道,愛知県,Refrigerated,5.3,Delayed
2023-10-31,愛知県,広島県,Light_Van,24.8,Delayed
2023-06-26,広島県,北海道,Medium_Truck,8.5,On_Time
2023-12-15,東京都,大阪府,Light_Van,30.3,Delayed
2023-08-13,広島県,福岡県,Medium_Truck,10.8,On_Time
2023-12-03,宮城県,大阪府,Medium_Truck,26.9,Completed
2024-01-18,福岡県,北海道,Medium_Truck,24.4,On_Time
2023-03-14,東京都,福岡県,Medium_Truck,13.6,Delayed
2023-10-30,北海道,大阪府,Medium_Truck,21.9,On_Time
2023-07-15,広島県,愛知県,Medium_Truck,8.9,Completed
2023-09-03,東京都,宮城県,Large_Truck,10.3,Delayed
2023-06-10,東京都,北海道,Medium_Truck,7.9,On_Time
2023-11-06,広島県,北海道,Refrigerated,9.6,Completed
2023-10-08,広島県,大阪府,Refrigerated,6.1,On_Time
2023-09-15,大阪府,東京都,Refrigerated,17.0,On_Time
2023-08-24,広島県,愛知県,Light_Van,2.4,On_Time
2023-09-16,北海道,愛知県,Large_Truck,17.2,On_Time
2023-08-14,愛知県,東京都,Light_Van,17.6,Delayed
2023-10-12,愛知県,宮城県,Light_Van,11.5,On_Time
2023-05-12,大阪府,北海道,Light_Van,24.6,Completed
2023-10-12,愛知県,広島県,Light_Van,22.8,Delayed
2023-06-05,宮城県,愛知県,Light_Van,23.8,Completed
2023-03-02,愛知県,東京都,Refrigerated,25.5,On_Time
2023-12-17,愛知県,宮城県,Large_Truck,34.8,Completed
2024-01-31,愛知県,大阪府,Light_Van,4.2,On_Time
2023-03-03,福岡県,北海道,Medium_Truck,30.9,On_Time
2023-03-06,愛知県,宮城県,Refrigerated,33.8,Completed
2023-12-12,宮城県,東京都,Light_Van,12.0,Delayed
2023-05-17,宮城県,北海道,Large_Truck,3.8,Delayed
2023-04-16,福岡県,大阪府,Large_Truck,11.9,Delayed
2023-06-12,福岡県,宮城県,Medium_Truck,9.2,On_Time
2023-03-08,東京都,福岡県,Medium_Truck,23.8,Delayed
2023-11-14,大阪府,福岡県,Medium_Truck,2.3,On_Time
2023-12-07,広島県,愛知県,Medium_Truck,28.7,On_Time
2023-02-04,宮城県,広島県,Large_Truck,1.6,On_Time
2023-06-01,東京都,愛知県,Light_Van,12.0,On_Time
2023-01-03,愛知県,東京都,Medium_Truck,24.3,Completed
2023-03-29,宮城県,大阪府,Light_Van,17.7,Delayed
2023-09-07,北海道,宮城県,Refrigerated,4.3,On_Time
2023-02-24,宮城県,東京都,Large_Truck,22.1,On_Time
2024-01-06,北海道,大阪府,Light_Van,17.5,On_Time
2023-12-12,東京都,宮城県,Large_Truck,3.7,Delayed
2023-05-08,広島県,愛知県,Large_Truck,24.6,On_Time
2024-01-27,宮城県,東京都,Light_Van,20.6,Completed
2023-12-20,北海道,広島県,Medium_Truck,2.9,Completed
2023-09-14,愛知県,福岡県,Light_Van,5.0,Delayed
2023-04-06,愛知県,北海道,Medium_Truck,13.6,Completed
2023-09-26,福岡県,東京都,Light_Van,8.0,Delayed
2023-04-17,北海道,福岡県,Large_Truck,2.2,Delayed
2023-05-12,大阪府,宮城県,Medium_Truck,21.4,Delayed
2023-01-29,東京都,北海道,Refrigerated,4.3,Delayed
2023-12-26,東京都,広島県,Large_Truck,22.7,On_Time
2023-08-10,福岡県,東京都,Large_Truck,10.0,On_Time
2023-05-21,北海道,大阪府,Medium_Truck,5.5,Delayed
2023-11-16,広島県,東京都,Large_Truck,21.7,Completed
2023-12-26,宮城県,福岡県,Light_Van,34.8,On_Time
2023-04-05,福岡県,宮城県,Large_Truck,21.2,Completed
2023-04-19,広島県,大阪府,Medium_Truck,23.7,Completed
2023-05-30,広島県,北海道,Medium_Truck,20.2,Delayed
2023-07-27,宮城県,福岡県,Large_Truck,10.0,On_Time
2023-09-02,大阪府,愛知県,Refrigerated,4.9,On_Time
2023-07-13,東京都,宮城県,Large_Truck,13.3,Delayed
2023-12-14,宮城県,北海道,Light_Van,23.4,On_Time
2023-12-04,大阪府,東京都,Large_Truck,11.8,Completed
2023-08-15,広島県,福岡県,Large_Truck,19.9,On_Time
2023-11-29,大阪府,福岡県,Light_Van,3.8,Completed
2023-02-16,東京都,広島県,Light_Van,6.7,Completed
2023-09-25,愛知県,大阪府,Light_Van,17.0,Delayed
2023-06-24,広島県,東京都,Light_Van,12.1,On_Time
2023-02-25,愛知県,広島県,Refrigerated,5.1,Delayed
2023-06-02,広島県,大阪府,Large_Truck,17.1,Delayed
2023-10-26,愛知県,広島県,Medium_Truck,17.3,On_Time
2023-06-15,愛知県,広島県,Refrigerated,10.3,On_Time
2023-09-27,福岡県,東京都,Medium_Truck,22.3,Completed
2023-12-29,北海道,大阪府,Large_Truck,9.8,Delayed
2023-07-06,愛知県,東京都,Large_Truck,16.3,Delayed
2023-10-17,福岡県,広島県,Medium_Truck,14.8,Completed
2023-10-24,宮城県,北海道,Refrigerated,6.8,Delayed
2023-06-27,大阪府,宮城県,Large_Truck,14.2,Completed
2023-08-17,福岡県,東京都,Medium_Truck,16.3,On_Time
2023-11-17,東京都,北海道,Medium_Truck,18.6,Completed
2023-04-25,福岡県,大阪府,Light_Van,18.5,Delayed
2023-12-27,愛知県,大阪府,Refrigerated,13.2,On_Time
2023-05-10,福岡県,愛知県,Medium_Truck,2.0,Delayed
2023-08-17,広島県,東京都,Medium_Truck,14.3,On_Time
2023-03-28,広島県,宮城県,Refrigerated,12.1,On_Time
2023-05-07,愛知県,北海道,Light_Van,13.7,Completed
2023-05-05,大阪府,北海道,Medium_Truck,1.2,Delayed
2023-09-26,東京都,北海道,Large_Truck,12.4,On_Time
2023-05-23,福岡県,愛知県,Light_Van,16.7,On_Time
2023-10-01,北海道,大阪府,Refrigerated,18.9,On_Time
2023-08-11,福岡県,大阪府,Large_Truck,23.5,On_Time
2024-01-27,東京都,大阪府,Large_Truck,21.2,On_Time
2023-05-03,東京都,北海道,Medium_Truck,21.6,On_Time
2023-06-08,宮城県,福岡県,Refrigerated,23.5,On_Time
2023-05-20,愛知県,宮城県,Refrigerated,9.8,Delayed
2023-04-03,東京都,福岡県,Medium_Truck,17.1,On_Time
2024-01-04,宮城県,広島県,Light_Van,6.9,Delayed
2024-02-05,大阪府,北海道,Refrigerated,2.3,On_Time
2023-07-04,福岡県,東京都,Refrigerated,1.5,Delayed
2023-10-18,愛知県,大阪府,Light_Van,11.1,Completed
2024-01-31,大阪府,東京都,Medium_Truck,22.3,On_Time
2023-12-27,北海道,広島県,Light_Van,9.4,Completed
2023-12-14,大阪府,東京都,Refrigerated,13.6,Completed
2023-07-23,北海道,大阪府,Large_Truck,10.9,On_Time
2024-01-14,愛知県,福岡県,Medium_Truck,24.7,Delayed
2023-12-28,宮城県,北海道,Light_Van,18.6,Completed
2023-11-27,宮城県,北海道,Medium_Truck,14.1,Delayed
2023-04-23,福岡県,大阪府,Light_Van,11.8,Completed
2023-07-03,宮城県,北海道,Large_Truck,13.6,Delayed
2024-01-04,北海道,大阪府,Large_Truck,24.4,Delayed
2024-01-08,愛知県,北海道,Refrigerated,1.3,On_Time
2023-12-12,大阪府,北海道,Refrigerated,11.4,Completed
2023-11-04,愛知県,東京都,Light_Van,10.1,Completed
2023-09-21,北海道,愛知県,Medium_Truck,18.9,Delayed
2023-01-30,愛知県,東京都,Large_Truck,23.8,Completed
2023-08-14,愛知県,北海道,Light_Van,22.5,Completed
2023-02-22,北海道,宮城県,Light_Van,1.2,Delayed
2023-07-01,愛知県,東京都,Light_Van,9.7,Completed
2023-06-08,広島県,愛知県,Medium_Truck,23.8,Delayed
2023-08-24,愛知県,北海道,Medium_Truck,13.6,On_Time
2023-12-25,愛知県,北海道,Refrigerated,14.2,On_Time
2023-09-25,東京都,宮城県,Medium_Truck,4.8,Completed
2024-01-06,福岡県,北海道,Refrigerated,23.3,Completed
2023-05-23,福岡県,愛知県,Large_Truck,18.6,On_Time
2023-01-28,福岡県,宮城県,Refrigerated,18.0,Completed
2023-10-04,東京都,広島県,Medium_Truck,18.6,Completed
2023-03-11,東京都,福岡県,Refrigerated,24.9,Completed
2024-01-22,福岡県,東京都,Large_Truck,14.3,Delayed
2024-01-01,宮城県,東京都,Large_Truck,11.7,Delayed
2023-01-01,愛知県,東京都,Light_Van,3.7,On_Time
2023-10-06,大阪府,愛知県,Light_Van,21.8,On_Time
2023-06-27,宮城県,大阪府,Medium_Truck,2.5,On_Time
2023-01-16,福岡県,宮城県,Refrigerated,24.7,Delayed
2023-09-10,宮城県,大阪府,Large_Truck,7.6,On_Time
2024-01-11,福岡県,東京都,Medium_Truck,5.8,On_Time
2023-10-06,北海道,広島県,Large_Truck,9.4,On_Time
2023-11-04,宮城県,大阪府,Refrigerated,23.6,On_Time
2023-10-07,広島県,東京都,Medium_Truck,13.7,Delayed
2023-01-01,東京都,愛知県,Medium_Truck,22.8,Completed
2023-03-08,愛知県,東京都,Large_Truck,31.0,Completed
2024-01-06,大阪府,福岡県,Medium_Truck,21.9,On_Time
2023-06-16,北海道,東京都,Light_Van,20.7,Completed
2023-03-06,広島県,北海道,Large_Truck,21.5,Delayed
2023-09-08,宮城県,愛知県,Large_Truck,11.4,Completed
2023-01-23,愛知県,広島県,Large_Truck,21.1,On_Time
2023-08-30,北海道,宮城県,Large_Truck,16.6,Delayed
2023-10-11,大阪府,北海道,Refrigerated,19.0,Completed
2023-09-11,東京都,大阪府,Refrigerated,1.7,On_Time
2023-07-05,広島県,福岡県,Refrigerated,5.7,Completed
2023-11-02,愛知県,北海道,Medium_Truck,16.0,Delayed
2023-06-09,北海道,宮城県,Medium_Truck,11.9,On_Time
2023-04-09,北海道,大阪府,Light_Van,16.9,On_Time
2023-06-20,愛知県,大阪府,Medium_Truck,18.3,On_Time
2023-03-11,大阪府,東京都,Refrigerated,31.7,Delayed
2024-01-10,福岡県,東京都,Refrigerated,5.4,Delayed
2023-04-12,宮城県,広島県,Large_Truck,3.7,Delayed
2023-02-28,東京都,北海道,Refrigerated,1.9,On_Time
2023-03-01,宮城県,福岡県,Medium_Truck,15.4,Completed
2023-01-22,福岡県,東京都,Medium_Truck,22.9,On_Time
2023-06-05,宮城県,福岡県,Large_Truck,13.6,On_Time
2023-07-04,東京都,北海道,Refrigerated,12.6,Completed
2023-04-11,広島県,大阪府,Light_Van,19.2,Completed
2023-08-28,北海道,福岡県,Light_Van,17.6,On_Time
2023-10-08,宮城県,広島県,Light_Van,17.1,Completed
2023-10-12,愛知県,大阪府,Refrigerated,23.0,Completed
2023-10-20,大阪府,東京都,Refrigerated,21.2,Delayed
2023-05-04,愛知県,東京都,Large_Truck,5.5,Completed
2023-12-02,福岡県,北海道,Medium_Truck,26.0,On_Time
2023-11-22,大阪府,広島県,Medium_Truck,5.6,Completed
2023-01-25,広島県,愛知県,Light_Van,23.3,Delayed
2023-06-11,宮城県,広島県,Medium_Truck,10.6,Delayed
2023-05-10,宮城県,福岡県,Medium_Truck,12.7,On_Time
2023-11-02,福岡県,東京都,Large_Truck,18.5,Completed
2023-09-26,宮城県,広島県,Medium_Truck,11.0,Delayed
2023-11-26,宮城県,東京都,Light_Van,23.3,Completed
2023-08-30,広島県,大阪府,Light_Van,1.1,Completed
2023-01-17,東京都,広島県,Refrigerated,15.7,Completed
2023-05-23,広島県,宮城県,Medium_Truck,4.8,Completed
2024-01-20,北海道,宮城県,Medium_Truck,9.1,On_Time
2023-07-21,東京都,広島県,Refrigerated,20.9,Delayed
2023-09-13,福岡県,大阪府,Medium_Truck,24.3,On_Time
2024-01-14,東京都,大阪府,Refrigerated,7.9,On_Time
2024-01-10,東京都,愛知県,Refrigerated,7.5,Delayed
2023-12-23,北海道,宮城県,Light_Van,37.4,Completed
2023-10-15,広島県,宮城県,Refrigerated,8.6,Completed
2024-02-02,宮城県,福岡県,Refrigerated,5.4,Completed
2023-02-05,福岡県,北海道,Light_Van,22.3,Delayed
2023-03-25,福岡県,愛知県,Refrigerated,14.3,Delayed
2023-12-17,愛知県,北海道,Medium_Truck,4.2,Delayed
2023-09-23,宮城県,北海道,Large_Truck,1.1,Delayed
2023-12-02,東京都,宮城県,Large_Truck,20.4,Completed
2023-07-21,愛知県,宮城県,Light_Van,6.2,Completed
2023-01-06,北海道,愛知県,Medium_Truck,15.1,Delayed
2023-12-27,北海道,愛知県,Large_Truck,31.2,On_Time
2023-02-06,宮城県,広島県,Large_Truck,2.6,On_Time
2023-11-15,大阪府,東京都,Medium_Truck,8.8,Delayed
2023-12-26,東京都,広島県,Large_Truck,33.7,Completed
2023-12-19,北海道,広島県,Medium_Truck,32.4,Delayed
2023-07-23,宮城県,東京都,Refrigerated,17.7,Delayed
2023-01-20,東京都,愛知県,Refrigerated,17.4,Delayed
2023-05-02,広島県,宮城県,Refrigerated,21.3,Delayed
2023-05-24,広島県,大阪府,Light_Van,16.4,On_Time
2023-02-09,愛知県,広島県,Medium_Truck,24.2,Completed
2023-10-23,大阪府,広島県,Medium_Truck,16.8,Completed
2023-07-12,広島県,北海道,Medium_Truck,22.6,Delayed
2023-12-18,大阪府,広島県,Light_Van,22.6,Delayed
2023-06-05,大阪府,福岡県,Refrigerated,13.9,Delayed
2023-02-03,愛知県,北海道,Medium_Truck,2.9,Delayed
2023-06-27,宮城県,東京都,Medium_Truck,5.4,Delayed
2023-03-04,宮城県,広島県,Large_Truck,18.0,Delayed
2023-09-28,愛知県,福岡県,Large_Truck,9.9,Delayed
2023-05-02,北海道,大阪府,Large_Truck,13.7,Delayed
2023-09-11,広島県,北海道,Medium_Truck,17.7,Completed
2023-08-13,宮城県,北海道,Light_Van,7.8,Delayed
2023-05-21,東京都,大阪府,Light_Van,9.1,Completed
2023-09-15,福岡県,宮城県,Refrigerated,8.7,Completed
2023-06-29,北海道,福岡県,Large_Truck,19.3,Completed
2023-08-11,愛知県,広島県,Medium_Truck,7.6,On_Time
2023-01-01,大阪府,広島県,Refrigerated,11.4,On_Time
2024-01-16,愛知県,大阪府,Large_Truck,18.7,On_Time
2023-03-09,宮城県,愛知県,Light_Van,35.6,Delayed
2023-12-24,福岡県,東京都,Light_Van,27.1,On_Time
2023-12-12,広島県,北海道,Medium_Truck,35.6,Completed
2023-03-19,福岡県,愛知県,Light_Van,15.2,On_Time
2023-09-04,東京都,福岡県,Large_Truck,8.9,Delayed
2023-01-16,宮城県,愛知県,Large_Truck,16.9,Completed
2023-02-28,大阪府,東京都,Medium_Truck,14.0,On_Time
2023-05-26,広島県,北海道,Refrigerated,18.8,Delayed
2024-02-04,愛知県,広島県,Large_Truck,5.2,Delayed
2023-11-23,大阪府,愛知県,Refrigerated,6.5,Completed
2024-02-01,福岡県,大阪府,Light_Van,6.0,Completed
2023-05-25,愛知県,宮城県,Refrigerated,24.6,Completed
2023-09-06,福岡県,大阪府,Medium_Truck,2.0,Delayed
2023-05-25,福岡県,大阪府,Large_Truck,21.7,Delayed
2023-12-30,北海道,東京都,Large_Truck,20.0,Completed
2023-05-23,宮城県,愛知県,Refrigerated,5.7,Delayed
2023-05-13,福岡県,北海道,Light_Van,8.0,Completed
2023-10-10,広島県,北海道,Light_Van,2.8,Delayed
2023-10-06,宮城県,大阪府,Refrigerated,23.4,Completed
2023-06-23,愛知県,広島県,Refrigerated,17.2,On_Time
2023-01-09,広島県,福岡県,Light_Van,13.3,On_Time
2024-01-30,愛知県,福岡県,Light_Van,2.9,On_Time
2024-02-05,北海道,福岡県,Refrigerated,5.3,On_Time
2024-02-05,宮城県,愛知県,Large_Truck,6.8,Completed
2023-10-31,宮城県,大阪府,Light_Van,7.5,Delayed
2023-02-12,広島県,福岡県,Large_Truck,19.5,On_Time
2023-02-17,愛知県,東京都,Medium_Truck,6.1,On_Time
2023-12-06,愛知県,大阪府,Refrigerated,31.3,Completed
2023-10-07,宮城県,愛知県,Medium_Truck,11.7,Delayed
2023-05-13,北海道,福岡県,Large_Truck,24.4,Completed
2023-01-04,愛知県,広島県,Large_Truck,19.6,Delayed
2023-07-17,北海道,広島県,Large_Truck,16.2,Completed
2023-07-23,宮城県,広島県,Large_Truck,19.9,Delayed
2023-06-27,福岡県,東京都,Refrigerated,6.0,Completed
2023-06-27,広島県,宮城県,Light_Van,8.2,On_Time
2023-09-16,広島県,宮城県,Refrigerated,10.0,Completed
2023-02-10,愛知県,北海道,Large_Truck,5.9,Completed
2023-03-19,愛知県,北海道,Large_Truck,11.8,Completed
2024-01-07,宮城県,東京都,Medium_Truck,19.2,Delayed
2023-08-16,広島県,東京都,Large_Truck,7.1,Delayed
2023-09-26,東京都,福岡県,Large_Truck,15.4,Delayed
2023-09-25,北海道,宮城県,Medium_Truck,24.6,On_Time
2023-05-19,東京都,宮城県,Medium_Truck,4.2,Completed
2023-05-12,東京都,宮城県,Light_Van,8.9,Delayed
2023-01-13,北海道,大阪府,Medium_Truck,2.2,On_Time
2023-12-25,東京都,北海道,Large_Truck,12.9,Delayed
2023-04-10,福岡県,広島県,Refrigerated,13.8,On_Time
2023-05-13,北海道,東京都,Medium_Truck,24.5,Completed
2023-01-16,大阪府,東京都,Refrigerated,5.9,On_Time
2023-08-16,東京都,大阪府,Refrigerated,6.2,Completed
2023-12-31,大阪府,宮城県,Light_Van,33.2,Delayed
2024-01-24,福岡県,宮城県,Light_Van,19.7,On_Time
2023-11-05,宮城県,広島県,Refrigerated,14.4,Delayed
2023-09-27,福岡県,大阪府,Light_Van,10.6,On_Time
2024-01-07,愛知県,宮城県,Large_Truck,12.2,Delayed
2023-04-30,北海道,宮城県,Large_Truck,7.4,On_Time
2023-10-09,宮城県,福岡県,Large_Truck,11.3,On_Time
2023-11-21,広島県,東京都,Medium_Truck,17.2,On_Time
2023-02-04,宮城県,北海道,Medium_Truck,19.8,Delayed
2023-01-18,福岡県,大阪府,Light_Van,23.7,On_Time
2023-05-03,北海道,福岡県,Light_Van,22.6,On_Time
2023-10-09,大阪府,福岡県,Large_Truck,1.4,On_Time
2023-02-18,北海道,愛知県,Light_Van,21.0,On_Time
2023-07-04,広島県,大阪府,Large_Truck,14.2,Completed
2023-10-03,広島県,福岡県,Medium_Truck,24.7,Delayed
2023-06-13,愛知県,北海道,Medium_Truck,3.7,Delayed
2023-11-02,大阪府,北海道,Medium_Truck,9.6,Delayed
2023-06-13,大阪府,愛知県,Light_Van,22.2,Delayed
2023-08-27,福岡県,愛知県,Refrigerated,21.9,Completed
2024-01-09,広島県,大阪府,Large_Truck,22.8,On_Time
2023-02-10,広島県,宮城県,Large_Truck,6.0,On_Time
2023-07-29,宮城県,東京都,Medium_Truck,7.5,Completed
2023-11-08,大阪府,福岡県,Large_Truck,1.4,On_Time
2023-05-28,大阪府,愛知県,Refrigerated,4.9,On_Time
2023-01-18,北海道,愛知県,Medium_Truck,21.3,Completed
2024-02-05,宮城県,福岡県,Refrigerated,5.5,Delayed
2023-11-03,東京都,宮城県,Light_Van,24.8,On_Time
2023-12-06,北海道,福岡県,Refrigerated,29.8,Completed
2023-07-11,北海道,宮城県,Large_Truck,14.3,On_Time
2023-02-15,大阪府,宮城県,Refrigerated,4.5,Completed
2023-04-09,広島県,福岡県,Light_Van,12.3,On_Time
2023-09-17,愛知県,大阪府,Light_Van,6.4,On_Time
2023-07-09,東京都,愛知県,Medium_Truck,19.3,Completed
2023-07-24,東京都,宮城県,Large_Truck,16.3,Completed
2023-08-02,広島県,北海道,Large_Truck,9.7,Completed
2023-10-25,大阪府,広島県,Large_Truck,2.4,Completed
2023-01-20,福岡県,広島県,Light_Van,13.0,Completed
2023-01-05,広島県,北海道,Light_Van,18.2,Completed
2023-10-25,大阪府,愛知県,Medium_Truck,14.7,Completed
2023-07-22,福岡県,北海道,Large_Truck,23.8,Delayed
2023-04-02,宮城県,大阪府,Refrigerated,8.3,Completed
2023-12-08,宮城県,福岡県,Light_Van,14.4,On_Time
2023-11-17,東京都,大阪府,Refrigerated,2.9,Delayed
2023-10-22,福岡県,東京都,Large_Truck,22.4,Delayed
2023-12-10,東京都,広島県,Light_Van,37.5,On_Time
2023-03-21,広島県,北海道,Large_Truck,28.9,Completed
2023-07-04,宮城県,東京都,Refrigerated,24.7,On_Time
2023-03-11,宮城県,福岡県,Light_Van,23.8,Completed
2024-01-01,福岡県,北海道,Medium_Truck,20.3,On_Time
2023-06-09,宮城県,北海道,Medium_Truck,1.9,Completed
2023-05-07,東京都,愛知県,Large_Truck,15.5,Completed
2024-01-13,福岡県,宮城県,Light_Van,4.6,Delayed
2023-02-23,福岡県,宮城県,Refrigerated,2.7,On_Time
2023-03-18,広島県,愛知県,Medium_Truck,27.8,Delayed
2023-09-29,宮城県,東京都,Light_Van,16.8,Completed
2024-01-05,愛知県,広島県,Large_Truck,3.3,Completed
2023-11-08,福岡県,東京都,Refrigerated,7.4,Delayed
2023-03-19,東京都,広島県,Medium_Truck,35.5,On_Time
2023-08-12,北海道,広島県,Medium_Truck,6.3,Completed
2023-08-12,大阪府,愛知県,Light_Van,6.0,Completed
2023-01-22,北海道,広島県,Refrigerated,14.8,Completed
2023-10-08,北海道,宮城県,Refrigerated,17.8,Completed
2023-02-26,東京都,宮城県,Light_Van,13.7,Delayed
2023-12-13,東京都,大阪府,Light_Van,17.9,Delayed
2023-08-05,愛知県,北海道,Light_Van,24.7,Completed
2023-12-02,北海道,広島県,Medium_Truck,17.3,On_Time
2023-03-06,大阪府,愛知県,Refrigerated,31.2,Delayed
2023-12-05,宮城県,愛知県,Refrigerated,24.9,Delayed
2023-06-27,愛知県,福岡県,Medium_Truck,18.0,Completed
2023-10-22,東京都,福岡県,Medium_Truck,13.2,On_Time
2024-01-09,広島県,福岡県,Large_Truck,21.0,Delayed
2023-09-01,福岡県,東京都,Refrigerated,23.1,Delayed
2023-02-26,福岡県,愛知県,Large_Truck,12.8,Delayed
2023-04-23,福岡県,大阪府,Light_Van,24.7,Delayed
2023-12-20,大阪府,愛知県,Refrigerated,9.1,On_Time
2023-02-17,大阪府,愛知県,Medium_Truck,12.9,Delayed
2023-05-27,北海道,愛知県,Refrigerated,1.4,On_Time
2023-12-02,広島県,北海道,Light_Van,36.1,On_Time
2023-06-27,福岡県,愛知県,Light_Van,2.8,Delayed
2023-06-07,宮城県,愛知県,Medium_Truck,13.4,On_Time
2023-04-04,北海道,宮城県,Refrigerated,11.0,Completed
2023-11-21,東京都,広島県,Large_Truck,14.5,On_Time
2023-11-18,宮城県,福岡県,Large_Truck,12.0,On_Time
2023-10-03,東京都,大阪府,Large_Truck,5.7,Delayed
2023-04-19,北海道,東京都,Light_Van,12.0,On_Time
2024-01-21,愛知県,宮城県,Light_Van,23.2,On_Time
2024-02-03,愛知県,北海道,Refrigerated,5.1,Delayed
2023-06-18,愛知県,大阪府,Large_Truck,7.2,Delayed
2023-02-21,東京都,北海道,Refrigerated,3.4,Delayed
2023-04-22,福岡県,大阪府,Medium_Truck,18.7,Delayed
2023-10-03,東京都,愛知県,Light_Van,18.8,Completed
2023-06-22,広島県,東京都,Medium_Truck,16.6,Delayed
2023-03-21,北海道,福岡県,Large_Truck,35.3,Completed
2023-10-06,愛知県,北海道,Refrigerated,17.9,Delayed
2023-08-06,宮城県,北海道,Light_Van,20.9,Completed
2023-12-22,福岡県,愛知県,Light_Van,21.3,Delayed
2023-12-30,愛知県,大阪府,Medium_Truck,33.2,On_Time
2023-02-27,福岡県,大阪府,Large_Truck,16.9,Completed
2023-10-25,広島県,愛知県,Large_Truck,18.5,On_Time
2024-01-23,宮城県,東京都,Refrigerated,19.3,On_Time
2023-03-01,北海道,福岡県,Medium_Truck,6.6,Completed
2023-12-02,大阪府,広島県,Refrigerated,11.4,Completed
2023-04-15,宮城県,広島県,Large_Truck,4.3,Delayed
2024-01-14,愛知県,東京都,Medium_Truck,19.3,Delayed
2023-11-03,大阪府,東京都,Large_Truck,9.4,Delayed
2023-04-29,広島県,北海道,Light_Van,19.1,Completed
2024-01-24,広島県,北海道,Light_Van,7.9,Completed
2023-10-12,東京都,大阪府,Light_Van,13.3,Delayed
2023-05-31,東京都,愛知県,Medium_Truck,13.1,On_Time
2023-03-12,大阪府,東京都,Medium_Truck,29.7,Completed
2023-03-24,大阪府,北海道,Refrigerated,7.4,Completed
2023-08-07,宮城県,東京都,Medium_Truck,24.2,Completed
2023-12-09,北海道,東京都,Light_Van,16.4,Delayed
2023-02-22,北海道,愛知県,Light_Van,7.8,On_Time
2024-01-14,宮城県,北海道,Large_Truck,11.3,Completed
2023-11-16,大阪府,広島県,Light_Van,14.3,On_Time
2023-12-14,宮城県,福岡県,Refrigerated,26.6,On_Time
2023-08-07,福岡県,愛知県,Medium_Truck,22.7,Delayed
2023-05-05,広島県,大阪府,Medium_Truck,21.3,On_Time
2023-05-03,北海道,宮城県,Medium_Truck,11.9,Completed
2023-07-09,東京都,北海道,Large_Truck,4.4,Completed
2023-07-07,愛知県,広島県,Light_Van,21.5,Delayed
2023-06-06,東京都,宮城県,Medium_Truck,23.2,On_Time
2023-05-10,東京都,福岡県,Refrigerated,3.3,On_Time
2023-03-19,宮城県,大阪府,Light_Van,13.1,Delayed
2023-04-20,宮城県,東京都,Light_Van,18.2,Delayed
2023-03-16,広島県,福岡県,Medium_Truck,21.3,Delayed
2023-01-24,宮城県,福岡県,Refrigerated,15.3,Delayed
2023-11-29,北海道,愛知県,Medium_Truck,10.0,Delayed
2023-11-22,宮城県,広島県,Medium_Truck,1.1,Completed
2023-12-08,福岡県,愛知県,Refrigerated,35.4,Completed
2023-11-07,東京都,愛知県,Refrigerated,1.2,Completed
2023-05-14,広島県,福岡県,Large_Truck,16.1,Completed
2023-12-25,福岡県,宮城県,Large_Truck,11.0,Delayed
2023-05-26,東京都,大阪府,Large_Truck,5.1,Completed
2023-10-03,福岡県,宮城県,Large_Truck,21.0,Delayed
2023-11-30,宮城県,北海道,Refrigerated,1.3,On_Time
2023-06-10,北海道,東京都,Medium_Truck,11.8,Completed
2023-12-02,北海道,福岡県,Refrigerated,31.4,Completed
2023-02-19,東京都,愛知県,Refrigerated,21.4,Completed
2023-07-27,東京都,福岡県,Refrigerated,3.6,On_Time
2023-11-07,東京都,愛知県,Light_Van,3.8,Delayed
2023-06-17,広島県,愛知県,Refrigerated,9.7,Completed
2024-01-01,大阪府,愛知県,Refrigerated,23.3,Delayed
2023-11-13,福岡県,宮城県,Large_Truck,24.3,Delayed
2023-07-11,東京都,広島県,Medium_Truck,15.4,Delayed
2023-12-02,愛知県,福岡県,Light_Van,32.8,Delayed
2023-05-27,北海道,愛知県,Light_Van,16.1,On_Time
2024-01-12,福岡県,東京都,Light_Van,4.1,Completed
2023-12-05,福岡県,大阪府,Refrigerated,25.4,Delayed
2023-07-05,宮城県,福岡県,Medium_Truck,9.1,On_Time
2023-05-04,東京都,愛知県,Large_Truck,8.9,Completed
2023-12-09,東京都,愛知県,Medium_Truck,36.1,Delayed
2023-09-09,宮城県,愛知県,Light_Van,13.7,On_Time
2023-08-02,宮城県,愛知県,Large_Truck,4.3,On_Time
2023-07-16,北海道,東京都,Medium_Truck,13.2,Completed
2023-09-03,東京都,愛知県,Refrigerated,15.6,Completed
2023-04-15,東京都,北海道,Large_Truck,11.6,Completed
2023-04-22,宮城県,東京都,Refrigerated,24.5,On_Time
2023-06-25,福岡県,広島県,Large_Truck,17.3,Delayed
2023-10-28,宮城県,大阪府,Medium_Truck,11.9,Completed
2024-01-01,大阪府,広島県,Medium_Truck,7.3,Completed
2023-03-28,愛知県,宮城県,Light_Van,16.2,Delayed
2023-09-25,福岡県,愛知県,Medium_Truck,5.7,On_Time
2023-08-06,広島県,大阪府,Light_Van,17.1,On_Time
2023-07-29,北海道,愛知県,Medium_Truck,21.7,On_Time
2023-12-07,東京都,福岡県,Medium_Truck,27.2,On_Time
2024-01-17,福岡県,東京都,Light_Van,24.2,Completed
2023-08-30,愛知県,大阪府,Light_Van,9.8,Delayed
2023-06-12,宮城県,北海道,Refrigerated,21.3,Completed
2023-01-23,宮城県,大阪府,Light_Van,9.8,On_Time
2023-08-02,福岡県,愛知県,Light_Van,3.9,Completed
2023-12-30,北海道,福岡県,Large_Truck,9.2,Delayed
2023-03-13,福岡県,東京都,Refrigerated,32.7,On_Time
2023-11-08,福岡県,大阪府,Light_Van,2.3,Delayed
2024-01-12,宮城県,東京都,Medium_Truck,13.3,On_Time
2023-04-21,愛知県,宮城県,Large_Truck,13.1,Completed
2023-08-21,北海道,福岡県,Refrigerated,5.6,On_Time
2023-04-24,広島県,愛知県,Light_Van,1.9,Delayed
2023-03-12,北海道,福岡県,Medium_Truck,10.9,On_Time
2024-01-13,大阪府,愛知県,Refrigerated,4.5,Completed
2023-10-22,広島県,愛知県,Light_Van,23.9,On_Time
2023-06-02,広島県,宮城県,Large_Truck,24.9,Delayed
2023-06-14,福岡県,北海道,Large_Truck,2.0,Delayed
2023-01-21,宮城県,東京都,Medium_Truck,6.4,On_Time
2023-05-02,愛知県,東京都,Refrigerated,14.1,On_Time
2023-10-27,宮城県,東京都,Large_Truck,10.8,Delayed
2023-05-10,福岡県,宮城県,Light_Van,12.3,Completed
2023-12-18,宮城県,愛知県,Light_Van,17.3,On_Time
2023-07-27,福岡県,愛知県,Large_Truck,7.5,Delayed
2023-11-19,北海道,広島県,Refrigerated,16.6,Delayed
2023-11-05,東京都,愛知県,Large_Truck,5.4,On_Time
2023-11-11,宮城県,北海道,Refrigerated,4.0,On_Time
2023-11-02,東京都,福岡県,Light_Van,2.5,Completed
2023-05-19,大阪府,愛知県,Refrigerated,4.6,Delayed
2023-03-03,福岡県,愛知県,Large_Truck,24.0,On_Time
2023-07-13,愛知県,大阪府,Large_Truck,13.2,Completed
2024-02-04,愛知県,宮城県,Refrigerated,14.4,Delayed
2023-03-24,北海道,宮城県,Large_Truck,17.3,Delayed
2023-11-05,東京都,宮城県,Light_Van,14.1,Delayed
2023-10-30,大阪府,愛知県,Medium_Truck,12.3,Completed
2023-10-17,福岡県,広島県,Medium_Truck,12.2,Delayed
2023-06-21,北海道,大阪府,Refrigerated,6.4,Completed
2023-08-13,大阪府,宮城県,Medium_Truck,23.7,On_Time
2023-08-23,東京都,愛知県,Light_Van,17.2,Completed
2023-12-16,福岡県,広島県,Medium_Truck,34.6,Completed
2023-10-29,広島県,愛知県,Refrigerated,23.8,On_Time
2023-02-15,広島県,東京都,Medium_Truck,18.5,On_Time
2024-01-16,宮城県,広島県,Light_Van,6.3,Delayed
2023-03-14,東京都,広島県,Large_Truck,15.6,On_Time
2023-09-23,広島県,宮城県,Medium_Truck,20.7,On_Time
2023-08-17,大阪府,愛知県,Medium_Truck,2.7,Completed
2023-07-16,大阪府,宮城県,Light_Van,22.0,On_Time
2023-12-22,北海道,福岡県,Light_Van,31.2,Completed
2023-11-13,広島県,大阪府,Refrigerated,12.3,On_Time
2023-08-20,広島県,宮城県,Refrigerated,8.7,Delayed
2023-03-03,大阪府,福岡県,Medium_Truck,16.5,On_Time
2023-01-08,大阪府,福岡県,Large_Truck,17.8,Completed
2024-01-17,北海道,愛知県,Medium_Truck,9.7,Delayed
2023-04-24,福岡県,宮城県,Large_Truck,10.4,On_Time
2023-11-21,東京都,大阪府,Medium_Truck,10.9,Completed
2023-12-24,愛知県,広島県,Medium_Truck,33.6,Delayed
2023-04-17,福岡県,北海道,Light_Van,2.3,Completed
2023-10-10,北海道,東京都,Refrigerated,13.8,Completed
2023-11-20,東京都,福岡県,Large_Truck,18.3,Completed
2023-09-12,北海道,広島県,Refrigerated,10.1,Completed
2023-08-18,愛知県,大阪府,Light_Van,6.6,On_Time
2023-07-31,北海道,大阪府,Medium_Truck,18.1,Delayed
2023-05-20,東京都,愛知県,Refrigerated,15.8,On_Time
2023-01-29,福岡県,愛知県,Large_Truck,3.3,On_Time
2023-06-02,宮城県,愛知県,Large_Truck,16.6,Delayed
2023-10-06,北海道,宮城県,Refrigerated,10.1,On_Time
2023-10-20,広島県,宮城県,Light_Van,6.7,Delayed
2023-01-07,大阪府,福岡県,Refrigerated,24.7,On_Time
2023-01-24,北海道,大阪府,Large_Truck,14.9,On_Time
2023-08-08,愛知県,福岡県,Refrigerated,8.0,Delayed
2023-11-24,北海道,福岡県,Light_Van,16.0,On_Time
2023-03-22,宮城県,広島県,Light_Van,4.0,Completed
2023-07-01,大阪府,広島県,Medium_Truck,3.1,Delayed
2024-01-12,北海道,大阪府,Large_Truck,16.0,On_Time
2023-02-20,東京都,愛知県,Medium_Truck,10.6,On_Time
2024-01-12,大阪府,福岡県,Medium_Truck,21.5,Completed
2023-09-01,北海道,福岡県,Light_Van,7.9,Delayed
2024-02-05,福岡県,愛知県,Refrigerated,12.3,Delayed
2023-07-08,広島県,北海道,Large_Truck,2.8,On_Time
2023-10-07,広島県,宮城県,Medium_Truck,20.6,Completed
2023-02-15,福岡県,北海道,Medium_Truck,2.9,Completed
2023-05-19,北海道,福岡県,Refrigerated,8.1,Delayed
2023-07-04,大阪府,広島県,Light_Van,6.9,Completed
2023-02-01,大阪府,宮城県,Light_Van,14.2,Completed
2023-10-07,東京都,大阪府,Refrigerated,13.4,Completed
2023-06-05,宮城県,北海道,Light_Van,5.5,Completed
2023-12-28,福岡県,宮城県,Medium_Truck,30.9,On_Time
2023-03-09,宮城県,広島県,Large_Truck,4.2,Completed
2023-10-12,広島県,北海道,Large_Truck,22.0,Completed
2023-03-14,大阪府,東京都,Medium_Truck,4.2,Completed
2023-10-07,北海道,福岡県,Light_Van,6.4,On_Time
2023-09-20,福岡県,北海道,Refrigerated,13.3,Completed
2023-07-06,大阪府,東京都,Refrigerated,7.8,Delayed
2023-12-15,広島県,福岡県,Light_Van,32.6,Completed
2023-02-17,宮城県,福岡県,Medium_Truck,3.7,Delayed
2023-08-30,福岡県,宮城県,Refrigerated,12.0,Delayed
2023-06-26,宮城県,大阪府,Large_Truck,4.2,Completed
2023-09-12,大阪府,広島県,Refrigerated,4.1,On_Time
2023-08-09,北海道,宮城県,Large_Truck,19.8,On_Time
2023-12-15,福岡県,宮城県,Large_Truck,24.3,Delayed
2023-09-13,愛知県,東京都,Medium_Truck,17.2,Completed
2023-02-12,宮城県,北海道,Light_Van,19.0,Delayed
2023-05-11,北海道,宮城県,Large_Truck,7.6,Delayed
2023-10-17,福岡県,北海道,Light_Van,1.9,On_Time
2024-01-26,広島県,大阪府,Light_Van,3.7,On_Time
2023-09-19,東京都,宮城県,Refrigerated,24.1,Delayed
2023-05-16,愛知県,大阪府,Large_Truck,19.2,On_Time
2023-01-04,北海道,福岡県,Refrigerated,22.5,Delayed
2023-08-13,北海道,大阪府,Refrigerated,22.8,Delayed
2023-08-02,愛知県,福岡県,Light_Van,17.8,Completed
2024-01-15,北海道,福岡県,Medium_Truck,11.8,Delayed
2023-12-27,福岡県,東京都,Medium_Truck,12.1,Delayed
2023-09-17,北海道,愛知県,Light_Van,15.8,Completed
2023-07-09,福岡県,東京都,Medium_Truck,11.8,Delayed
2023-10-01,宮城県,広島県,Refrigerated,16.2,Delayed
2023-01-23,広島県,大阪府,Large_Truck,23.3,Completed
2023-05-13,福岡県,大阪府,Medium_Truck,4.1,Completed
2023-05-12,大阪府,宮城県,Light_Van,17.0,Completed
2023-06-20,大阪府,北海道,Light_Van,8.1,Delayed
2023-03-24,東京都,北海道,Large_Truck,27.4,Completed
2023-12-20,広島県,大阪府,Medium_Truck,22.7,Delayed
2023-11-04,愛知県,福岡県,Large_Truck,7.0,Delayed
2023-08-27,愛知県,東京都,Light_Van,10.3,Completed
2023-04-24,東京都,大阪府,Light_Van,2.1,Completed
2023-12-13,宮城県,福岡県,Refrigerated,11.1,Completed
2023-01-30,福岡県,大阪府,Refrigerated,18.2,On_Time
2023-06-03,広島県,東京都,Medium_Truck,7.3,Completed
2023-11-01,広島県,宮城県,Large_Truck,21.9,Completed
2023-04-30,大阪府,広島県,Light_Van,10.5,Delayed
2023-09-15,福岡県,東京都,Medium_Truck,3.8,Delayed
2023-02-16,愛知県,東京都,Medium_Truck,2.8,Completed
2023-08-29,福岡県,東京都,Medium_Truck,9.2,Completed
2023-04-13,北海道,愛知県,Large_Truck,5.4,Completed
2023-11-18,愛知県,大阪府,Light_Van,6.0,Delayed
2023-12-05,大阪府,福岡県,Light_Van,33.9,Delayed
2023-05-07,北海道,広島県,Medium_Truck,18.2,Delayed
2023-07-18,大阪府,宮城県,Refrigerated,4.3,Delayed
2023-11-17,福岡県,北海道,Light_Van,18.0,Delayed
2023-01-30,広島県,東京都,Medium_Truck,14.5,On_Time
2023-03-12,福岡県,大阪府,Light_Van,20.4,Completed
2023-04-27,愛知県,広島県,Refrigerated,22.1,Delayed
2023-11-04,大阪府,愛知県,Medium_Truck,7.0,Delayed
2023-03-20,福岡県,東京都,Medium_Truck,33.6,Completed
2023-01-09,愛知県,広島県,Large_Truck,21.6,On_Time
2023-12-02,大阪府,愛知県,Light_Van,13.6,On_Time
2023-05-01,愛知県,宮城県,Medium_Truck,17.3,Delayed
2023-08-30,東京都,北海道,Medium_Truck,4.4,On_Time
2023-09-18,東京都,宮城県,Light_Van,2.8,Completed
2023-02-16,東京都,広島県,Large_Truck,16.2,On_Time
2023-08-11,宮城県,愛知県,Refrigerated,6.7,Completed
2023-12-29,北海道,福岡県,Large_Truck,24.5,Delayed
2023-08-26,愛知県,宮城県,Large_Truck,22.0,On_Time
2023-09-04,宮城県,広島県,Light_Van,10.2,Delayed
2023-10-15,宮城県,広島県,Refrigerated,16.1,Completed
2023-03-02,愛知県,福岡県,Light_Van,21.0,Delayed
2023-08-14,大阪府,北海道,Light_Van,13.3,Completed
2023-09-29,愛知県,広島県,Medium_Truck,11.8,On_Time
2023-04-15,広島県,大阪府,Medium_Truck,23.4,On_Time
2023-10-06,北海道,宮城県,Light_Van,11.9,Delayed
2023-11-26,福岡県,大阪府,Medium_Truck,17.5,Delayed
2023-07-02,福岡県,愛知県,Light_Van,18.2,On_Time
2023-06-12,大阪府,宮城県,Light_Van,13.5,Delayed
2023-01-10,愛知県,広島県,Refrigerated,11.1,Delayed
2023-11-07,宮城県,北海道,Large_Truck,22.7,Delayed
2023-09-27,北海道,福岡県,Light_Van,8.5,Completed
2023-09-29,愛知県,東京都,Medium_Truck,13.7,On_Time
2023-06-26,広島県,大阪府,Large_Truck,11.3,Delayed
2024-01-03,福岡県,宮城県,Light_Van,7.1,Completed
2023-05-28,北海道,宮城県,Refrigerated,23.6,On_Time
2023-01-02,宮城県,大阪府,Large_Truck,3.6,Completed
2024-01-30,愛知県,北海道,Refrigerated,10.0,Delayed
2023-09-11,愛知県,東京都,Medium_Truck,5.6,Completed
2024-01-09,福岡県,大阪府,Light_Van,18.3,On_Time
2023-06-22,福岡県,宮城県,Medium_Truck,11.4,On_Time
2023-10-01,広島県,福岡県,Refrigerated,12.4,Delayed
2023-01-16,愛知県,福岡県,Light_Van,18.9,Completed
2023-09-03,愛知県,北海道,Medium_Truck,13.1,On_Time
2023-05-15,東京都,愛知県,Refrigerated,3.3,On_Time
2023-08-13,宮城県,大阪府,Medium_Truck,22.0,Completed
2023-11-29,宮城県,北海道,Refrigerated,9.4,Delayed
2024-01-19,広島県,北海道,Large_Truck,20.0,Completed
2023-02-26,広島県,福岡県,Medium_Truck,9.7,On_Time
2023-11-15,東京都,広島県,Large_Truck,3.0,Delayed
2023-05-30,東京都,愛知県,Refrigerated,10.9,Delayed
2023-09-15,広島県,北海道,Large_Truck,1.6,On_Time
2024-02-02,大阪府,北海道,Light_Van,8.4,Delayed
2023-06-08,大阪府,宮城県,Refrigerated,10.4,Delayed
2023-02-21,北海道,愛知県,Large_Truck,13.0,Delayed
2024-01-13,愛知県,大阪府,Refrigerated,17.7,On_Time
2023-05-21,広島県,大阪府,Light_Van,9.9,Completed
2023-10-28,北海道,広島県,Light_Van,24.4,On_Time
2023-09-05,宮城県,北海道,Light_Van,15.8,Completed
2023-05-07,宮城県,福岡県,Medium_Truck,16.7,On_Time
2023-06-06,東京都,愛知県,Medium_Truck,1.5,On_Time
2023-12-25,愛知県,北海道,Light_Van,35.3,Delayed
2023-07-07,宮城県,愛知県,Medium_Truck,18.1,Completed
2023-05-31,北海道,愛知県,Light_Van,19.2,Delayed
2024-02-04,愛知県,広島県,Medium_Truck,13.5,Completed
2023-08-28,大阪府,福岡県,Refrigerated,19.5,On_Time
2023-10-26,大阪府,福岡県,Medium_Truck,5.8,On_Time
2023-11-06,大阪府,東京都,Light_Van,10.0,Completed
2024-02-01,東京都,北海道,Refrigerated,22.1,Delayed
2023-12-18,宮城県,愛知県,Refrigerated,31.6,On_Time
2023-09-15,東京都,北海道,Large_Truck,3.4,Delayed
2023-06-12,愛知県,東京都,Light_Van,5.3,Completed
2023-06-01,東京都,北海道,Large_Truck,3.7,Completed
2023-05-17,福岡県,北海道,Large_Truck,19.9,Delayed
2023-09-07,愛知県,宮城県,Medium_Truck,10.6,Delayed
2023-01-19,東京都,福岡県,Large_Truck,2.9,Completed
2024-01-21,東京都,大阪府,Large_Truck,8.4,Completed
2023-05-27,広島県,福岡県,Medium_Truck,21.4,On_Time
2023-07-16,愛知県,北海道,Large_Truck,16.2,Completed
2023-12-16,愛知県,福岡県,Light_Van,2.3,Completed
2023-11-03,大阪府,福岡県,Light_Van,11.7,On_Time
2023-05-02,福岡県,広島県,Refrigerated,23.6,Completed
2023-06-05,愛知県,広島県,Large_Truck,15.2,Completed
2023-08-27,東京都,愛知県,Light_Van,24.9,Delayed
2023-06-04,東京都,福岡県,Medium_Truck,4.1,Delayed
2024-01-05,東京都,宮城県,Medium_Truck,14.5,On_Time
2023-09-18,大阪府,東京都,Large_Truck,15.6,On_Time
2023-11-19,福岡県,東京都,Refrigerated,2.1,Completed
2023-10-02,東京都,福岡県,Large_Truck,21.6,On_Time
2023-12-06,広島県,東京都,Large_Truck,19.5,Delayed
2023-08-01,福岡県,広島県,Medium_Truck,15.3,Delayed
2023-05-27,広島県,東京都,Refrigerated,6.1,Completed
2023-03-21,広島県,宮城県,Medium_Truck,19.9,Completed
2023-01-14,北海道,愛知県,Large_Truck,7.5,Completed
2023-08-26,福岡県,愛知県,Medium_Truck,23.9,Delayed
2023-03-31,愛知県,北海道,Refrigerated,16.9,Delayed
2023-02-12,宮城県,愛知県,Refrigerated,10.9,On_Time
2023-07-02,宮城県,東京都,Light_Van,11.6,Completed
2023-06-26,北海道,愛知県,Large_Truck,23.7,Delayed
2023-10-24,大阪府,愛知県,Refrigerated,1.4,Completed
2023-11-16,北海道,宮城県,Refrigerated,5.4,Delayed
2024-02-05,東京都,愛知県,Light_Van,23.6,Delayed
2023-12-28,宮城県,東京都,Large_Truck,37.3,On_Time
2023-09-06,東京都,宮城県,Refrigerated,1.6,Delayed
2023-04-01,愛知県,大阪府,Medium_Truck,3.1,Completed
2023-07-01,福岡県,広島県,Light_Van,9.8,Completed
2023-12-25,広島県,北海道,Light_Van,14.9,Completed
2024-01-28,愛知県,広島県,Light_Van,5.4,Delayed
2024-01-27,福岡県,大阪府,Medium_Truck,6.2,Completed
2023-12-16,福岡県,宮城県,Refrigerated,14.2,Completed
2023-10-19,福岡県,東京都,Medium_Truck,5.1,Delayed
2023-03-03,愛知県,宮城県,Refrigerated,27.8,Delayed
2023-12-22,東京都,大阪府,Large_Truck,14.2,Delayed
2023-07-21,大阪府,北海道,Refrigerated,21.0,Completed
2023-09-10,愛知県,広島県,Medium_Truck,10.8,Completed
2024-02-05,東京都,広島県,Refrigerated,22.8,Completed
2023-09-24,北海道,愛知県,Large_Truck,12.4,Delayed
2023-08-17,大阪府,北海道,Light_Van,16.5,Completed
2023-11-03,北海道,愛知県,Refrigerated,12.0,Delayed
2023-09-19,大阪府,愛知県,Large_Truck,14.6,On_Time
2023-01-30,福岡県,東京都,Refrigerated,6.1,Delayed
2023-12-08,福岡県,宮城県,Large_Truck,32.3,Delayed
2023-04-29,福岡県,愛知県,Refrigerated,22.3,Delayed
2023-03-26,大阪府,愛知県,Light_Van,25.7,Delayed
2023-03-09,愛知県,広島県,Large_Truck,8.9,Completed
2023-03-18,北海道,東京都,Medium_Truck,4.1,Completed
2023-06-21,福岡県,北海道,Large_Truck,2.3,Completed
2023-12-11,宮城県,広島県,Medium_Truck,5.5,On_Time
2023-08-23,東京都,宮城県,Refrigerated,12.1,On_Time
2023-04-19,大阪府,広島県,Light_Van,19.3,Completed
2023-12-27,広島県,宮城県,Refrigerated,3.8,On_Time
2023-09-19,北海道,福岡県,Light_Van,24.9,On_Time
2023-03-21,大阪府,北海道,Medium_Truck,2.5,Completed
2023-12-08,北海道,広島県,Refrigerated,13.2,On_Time
2023-01-18,東京都,福岡県,Light_Van,9.4,Delayed
2023-03-12,北海道,宮城県,Large_Truck,35.9,Delayed
2023-03-30,広島県,大阪府,Light_Van,25.1,Completed
2023-05-08,大阪府,宮城県,Medium_Truck,7.3,Completed
2023-10-13,広島県,福岡県,Light_Van,7.7,Completed
2023-01-03,愛知県,北海道,Medium_Truck,9.9,Delayed
2023-07-02,東京都,愛知県,Refrigerated,2.7,Delayed
2023-08-06,愛知県,北海道,Light_Van,12.4,Completed
2023-07-25,愛知県,大阪府,Medium_Truck,17.5,Delayed
2023-04-07,福岡県,広島県,Large_Truck,11.6,Delayed
2023-07-05,愛知県,大阪府,Light_Van,10.5,Delayed
2024-01-26,大阪府,北海道,Medium_Truck,1.5,Completed
2023-05-11,広島県,東京都,Medium_Truck,4.9,Completed
2023-12-08,東京都,福岡県,Large_Truck,19.5,On_Time
2023-02-10,大阪府,北海道,Light_Van,11.6,On_Time
2023-06-14,愛知県,大阪府,Refrigerated,14.6,Delayed
2023-07-07,愛知県,宮城県,Refrigerated,14.3,Delayed
2023-03-26,広島県,東京都,Large_Truck,12.9,On_Time
2023-07-03,愛知県,東京都,Refrigerated,9.1,On_Time
2023-12-03,福岡県,広島県,Light_Van,5.4,Completed
2023-02-16,北海道,宮城県,Large_Truck,19.5,On_Time
2023-09-30,愛知県,大阪府,Light_Van,22.5,Completed
2023-08-20,北海道,大阪府,Refrigerated,3.3,On_Time
2023-03-28,大阪府,広島県,Medium_Truck,2.0,Completed
2023-02-28,北海道,東京都,Refrigerated,23.7,Delayed
2023-01-02,愛知県,福岡県,Light_Van,21.8,Completed
2023-07-22,広島県,大阪府,Light_Van,15.4,On_Time
2023-12-04,広島県,愛知県,Light_Van,5.2,Delayed
2023-06-09,東京都,北海道,Refrigerated,16.2,Completed
2023-09-14,東京都,大阪府,Refrigerated,22.5,Completed
2023-08-05,広島県,東京都,Large_Truck,8.7,On_Time
2023-07-07,東京都,広島県,Large_Truck,1.4,On_Time
2023-06-20,愛知県,大阪府,Light_Van,13.9,Completed
2023-09-22,福岡県,大阪府,Large_Truck,8.0,Completed
2023-02-21,福岡県,北海道,Light_Van,11.9,Completed
2023-08-07,広島県,東京都,Light_Van,7.3,Completed
2023-08-04,愛知県,大阪府,Light_Van,20.3,Completed
2023-09-27,大阪府,宮城県,Light_Van,8.3,Completed
2023-10-29,愛知県,福岡県,Light_Van,19.9,Delayed
2024-02-03,大阪府,北海道,Refrigerated,8.3,Completed
2023-08-22,広島県,宮城県,Light_Van,8.0,Completed
2023-05-11,東京都,北海道,Medium_Truck,21.0,On_Time
2023-12-15,東京都,宮城県,Medium_Truck,27.8,Delayed
2023-08-28,宮城県,北海道,Refrigerated,17.1,On_Time
2023-06-05,大阪府,愛知県,Light_Van,19.8,Completed
2023-09-22,大阪府,広島県,Medium_Truck,6.7,On_Time
2023-11-16,北海道,福岡県,Light_Van,3.2,Delayed
2023-11-02,東京都,愛知県,Large_Truck,12.5,On_Time
2023-03-14,愛知県,大阪府,Light_Van,17.9,On_Time
2023-07-19,宮城県,広島県,Medium_Truck,9.8,On_Time
2024-02-01,広島県,東京都,Refrigerated,22.8,Completed
2023-08-27,宮城県,愛知県,Light_Van,10.9,Delayed
2023-09-13,福岡県,北海道,Light_Van,3.7,Delayed
2023-12-10,北海道,愛知県,Refrigerated,28.9,Completed
2023-01-28,福岡県,東京都,Light_Van,3.5,Delayed
2023-09-10,広島県,東京都,Large_Truck,14.8,On_Time
2023-08-20,福岡県,愛知県,Medium_Truck,20.8,Completed
2023-02-10,福岡県,北海道,Medium_Truck,4.9,On_Time
2023-11-07,大阪府,福岡県,Refrigerated,17.2,Delayed
2023-05-05,大阪府,広島県,Light_Van,9.3,Delayed
2023-04-19,宮城県,福岡県,Light_Van,17.2,Delayed
2023-06-09,宮城県,北海道,Large_Truck,3.4,On_Time
2023-03-11,宮城県,東京都,Light_Van,11.1,On_Time
2023-02-12,北海道,広島県,Light_Van,3.3,Delayed
2023-08-04,北海道,広島県,Light_Van,8.1,On_Time
2023-07-21,福岡県,北海道,Refrigerated,8.0,On_Time
2023-02-10,北海道,東京都,Medium_Truck,23.3,On_Time
2023-03-28,宮城県,福岡県,Refrigerated,11.9,Completed
2023-08-06,広島県,北海道,Refrigerated,9.3,Delayed
2023-10-08,北海道,宮城県,Refrigerated,13.8,On_Time
2023-07-17,大阪府,愛知県,Refrigerated,24.6,Delayed
2023-06-11,大阪府,宮城県,Large_Truck,8.2,Delayed
2023-05-07,大阪府,東京都,Large_Truck,8.2,Delayed
2023-03-13,福岡県,広島県,Large_Truck,19.4,On_Time
2023-05-08,愛知県,広島県,Large_Truck,13.5,On_Time
2023-02-07,東京都,大阪府,Light_Van,14.4,On_Time
2023-09-08,北海道,福岡県,Large_Truck,11.0,Completed
2023-03-03,東京都,北海道,Refrigerated,25.0,Delayed
2023-09-20,広島県,北海道,Refrigerated,16.2,Completed
2023-10-16,大阪府,愛知県,Light_Van,1.1,Delayed
2023-11-23,愛知県,北海道,Light_Van,2.6,On_Time
2023-04-24,大阪府,広島県,Refrigerated,24.0,On_Time
2023-04-02,福岡県,広島県,Light_Van,23.6,Completed
2023-05-10,大阪府,東京都,Refrigerated,3.2,On_Time
2023-05-20,愛知県,大阪府,Large_Truck,7.2,Delayed
2023-08-13,愛知県,福岡県,Medium_Truck,24.9,Delayed
2023-03-02,北海道,宮城県,Light_Van,6.9,Completed
2023-04-22,東京都,愛知県,Light_Van,10.4,Completed
2023-07-25,広島県,宮城県,Medium_Truck,16.8,Completed
2023-06-16,愛知県,福岡県,Medium_Truck,8.7,Delayed
2023-12-11,宮城県,愛知県,Large_Truck,7.0,On_Time
2023-07-15,広島県,北海道,Refrigerated,14.1,Completed
2023-10-15,福岡県,宮城県,Large_Truck,24.3,On_Time
2023-12-08,福岡県,東京都,Refrigerated,20.2,On_Time
2023-11-16,東京都,広島県,Light_Van,13.4,On_Time
2023-08-22,愛知県,大阪府,Refrigerated,14.6,On_Time
2023-02-09,北海道,宮城県,Refrigerated,12.1,Delayed
2023-04-18,宮城県,愛知県,Light_Van,4.8,Completed
2023-06-29,福岡県,東京都,Large_Truck,15.9,On_Time
2024-01-04,宮城県,東京都,Refrigerated,22.5,Delayed
2023-08-02,宮城県,福岡県,Light_Van,2.5,Completed
2023-09-29,広島県,大阪府,Light_Van,19.9,Completed
2024-01-21,宮城県,北海道,Large_Truck,2.1,Completed
2024-01-14,宮城県,大阪府,Medium_Truck,18.7,Completed
2023-05-11,宮城県,愛知県,Large_Truck,11.3,Completed
2023-11-01,宮城県,東京都,Refrigerated,3.9,Delayed
2023-07-22,東京都,広島県,Light_Van,2.8,Delayed
2023-05-02,愛知県,北海道,Medium_Truck,1.9,Delayed
2023-12-17,広島県,福岡県,Light_Van,13.0,Delayed
2023-11-08,福岡県,愛知県,Refrigerated,12.9,Delayed
2023-05-04,愛知県,福岡県,Large_Truck,6.4,On_Time
2023-07-28,北海道,宮城県,Light_Van,3.1,On_Time
2023-12-31,北海道,広島県,Light_Van,30.7,On_Time
2023-04-20,東京都,福岡県,Refrigerated,11.1,Completed
2023-01-07,愛知県,大阪府,Refrigerated,8.5,Delayed
2023-04-01,福岡県,大阪府,Light_Van,5.7,On_Time
2023-08-23,広島県,宮城県,Refrigerated,21.1,Delayed
2023-08-15,宮城県,大阪府,Refrigerated,23.8,Delayed
2023-03-08,宮城県,大阪府,Medium_Truck,31.2,On_Time
2023-02-08,愛知県,広島県,Medium_Truck,9.5,Delayed
2023-09-06,東京都,北海道,Large_Truck,23.8,Completed
2024-01-25,大阪府,福岡県,Light_Van,1.6,On_Time
2023-03-12,大阪府,愛知県,Light_Van,14.2,On_Time
2023-11-23,北海道,愛知県,Light_Van,16.0,Completed
2023-11-17,北海道,宮城県,Medium_Truck,9.0,On_Time
2023-09-26,愛知県,北海道,Large_Truck,18.0,Delayed
2023-09-11,宮城県,愛知県,Refrigerated,4.2,Completed
2023-04-14,広島県,宮城県,Light_Van,7.6,On_Time
2024-02-05,福岡県,北海道,Medium_Truck,14.1,Delayed
2023-06-04,広島県,東京都,Medium_Truck,18.4,On_Time
2023-08-02,北海道,愛知県,Medium_Truck,15.9,Completed
2023-05-11,広島県,福岡県,Refrigerated,10.3,Delayed
2023-01-30,広島県,宮城県,Light_Van,4.4,On_Time
2023-04-01,宮城県,大阪府,Large_Truck,23.2,On_Time
2023-07-26,宮城県,広島県,Refrigerated,3.9,Delayed
2023-04-09,愛知県,東京都,Refrigerated,9.2,Completed
2023-03-21,宮城県,広島県,Refrigerated,15.9,Completed
2024-01-08,福岡県,愛知県,Large_Truck,3.7,Delayed
2023-02-24,北海道,大阪府,Medium_Truck,12.4,Delayed
2024-01-10,宮城県,福岡県,Large_Truck,17.3,Completed
2023-05-25,大阪府,北海道,Large_Truck,16.3,On_Time
2023-03-23,大阪府,東京都,Refrigerated,14.5,Delayed
2023-10-26,北海道,広島県,Medium_Truck,7.8,Delayed
2023-07-08,愛知県,福岡県,Light_Van,2.5,On_Time
2024-02-04,愛知県,東京都,Large_Truck,4.6,Delayed
2023-06-27,宮城県,北海道,Refrigerated,9.6,Delayed
2023-02-19,大阪府,福岡県,Refrigerated,20.7,Delayed
2023-02-19,宮城県,愛知県,Medium_Truck,24.9,On_Time
2023-08-08,大阪府,宮城県,Medium_Truck,18.7,On_Time
2023-12-02,広島県,東京都,Refrigerated,9.4,Completed
2023-12-26,福岡県,広島県,Large_Truck,22.8,Delayed
2023-09-19,宮城県,大阪府,Large_Truck,7.9,Delayed
2023-07-11,東京都,愛知県,Medium_Truck,6.0,Completed
2024-01-25,愛知県,福岡県,Light_Van,24.4,On_Time
2023-11-12,宮城県,福岡県,Large_Truck,4.4,Delayed
2023-11-03,広島県,愛知県,Refrigerated,21.3,On_Time
2024-02-05,東京都,宮城県,Refrigerated,10.4,Delayed
2023-06-26,東京都,愛知県,Large_Truck,6.3,On_Time
2023-03-18,広島県,愛知県,Light_Van,34.2,Delayed
2023-11-12,愛知県,広島県,Light_Van,16.3,Completed
2023-08-07,広島県,福岡県,Medium_Truck,15.2,Completed
2023-08-16,宮城県,東京都,Large_Truck,5.0,Completed
2023-07-29,東京都,広島県,Large_Truck,1.1,Delayed
2023-03-03,北海道,福岡県,Light_Van,13.4,On_Time
2024-01-04,愛知県,北海道,Light_Van,16.6,Delayed
2023-10-15,福岡県,東京都,Large_Truck,20.8,Delayed
2023-02-13,愛知県,宮城県,Large_Truck,7.2,Completed
2023-04-30,北海道,広島県,Light_Van,22.7,Delayed
2023-04-10,愛知県,福岡県,Refrigerated,4.6,On_Time
2023-06-29,愛知県,北海道,Refrigerated,2.4,On_Time
2023-07-08,広島県,大阪府,Medium_Truck,14.3,Completed
2024-01-12,宮城県,広島県,Light_Van,17.3,On_Time
2023-12-05,広島県,宮城県,Large_Truck,34.9,Completed
2023-05-07,北海道,東京都,Refrigerated,18.2,On_Time
2023-09-01,福岡県,北海道,Refrigerated,4.2,Delayed
2023-09-26,宮城県,北海道,Refrigerated,2.7,Completed
2023-07-10,広島県,大阪府,Refrigerated,18.3,On_Time
2023-05-02,愛知県,大阪府,Large_Truck,18.2,On_Time
2023-01-17,愛知県,宮城県,Medium_Truck,2.4,Completed
2023-01-16,大阪府,東京都,Light_Van,11.6,Completed
2023-01-30,北海道,宮城県,Large_Truck,21.7,Delayed
2023-05-09,東京都,大阪府,Medium_Truck,20.4,Completed
2023-06-06,東京都,宮城県,Light_Van,24.8,On_Time
2023-11-12,北海道,広島県,Large_Truck,8.2,On_Time
2023-07-04,大阪府,北海道,Medium_Truck,22.5,Completed
2024-01-23,大阪府,広島県,Medium_Truck,10.4,On_Time
2024-01-24,東京都,宮城県,Refrigerated,11.0,On_Time
2023-04-06,北海道,宮城県,Large_Truck,19.4,Delayed
2023-04-11,福岡県,広島県,Refrigerated,24.3,On_Time
2023-09-04,大阪府,東京都,Light_Van,23.4,Delayed
2023-06-14,北海道,福岡県,Light_Van,11.4,On_Time
2023-02-12,大阪府,宮城県,Large_Truck,7.0,Completed
2023-06-21,愛知県,東京都,Refrigerated,23.2,On_Time
2023-03-25,宮城県,愛知県,Large_Truck,5.9,On_Time
2023-12-17,愛知県,東京都,Medium_Truck,35.2,On_Time
2023-08-01,広島県,大阪府,Light_Van,7.5,On_Time
2023-10-29,福岡県,北海道,Refrigerated,7.7,Delayed
2023-05-29,愛知県,福岡県,Medium_Truck,3.7,On_Time
2024-01-27,宮城県,愛知県,Medium_Truck,1.6,On_Time
2024-01-19,宮城県,北海道,Medium_Truck,16.4,Completed
2023-08-25,広島県,北海道,Large_Truck,16.3,On_Time
2023-03-21,宮城県,愛知県,Large_Truck,31.8,On_Time
2023-11-28,愛知県,大阪府,Medium_Truck,4.9,Delayed
2023-12-26,東京都,広島県,Light_Van,7.1,Delayed
2023-10-16,北海道,宮城県,Light_Van,12.2,Delayed
2023-07-11,大阪府,広島県,Large_Truck,9.9,On_Time
2023-08-16,福岡県,愛知県,Medium_Truck,16.8,On_Time
2023-12-06,福岡県,北海道,Refrigerated,19.1,On_Time
2023-06-11,宮城県,福岡県,Light_Van,5.9,Completed
2023-09-24,愛知県,北海道,Large_Truck,1.3,On_Time
2024-01-05,大阪府,福岡県,Large_Truck,3.7,Completed
2023-12-04,広島県,北海道,Large_Truck,36.3,Delayed
2023-11-23,福岡県,大阪府,Refrigerated,21.4,Delayed
2023-06-30,大阪府,広島県,Medium_Truck,15.8,Delayed
2023-02-17,宮城県,北海道,Light_Van,23.3,Delayed
2023-06-07,福岡県,愛知県,Medium_Truck,8.8,Completed
2023-06-16,大阪府,北海道,Large_Truck,4.0,Delayed
2023-12-19,広島県,東京都,Refrigerated,23.9,Delayed
2023-09-11,広島県,愛知県,Large_Truck,21.5,Delayed
2023-07-19,東京都,広島県,Medium_Truck,9.9,On_Time
2023-10-14,広島県,宮城県,Medium_Truck,20.2,On_Time
2024-02-02,福岡県,大阪府,Large_Truck,12.9,Delayed
2023-11-30,北海道,愛知県,Light_Van,9.9,Completed
2023-07-06,広島県,大阪府,Large_Truck,24.1,On_Time
2023-02-21,福岡県,北海道,Light_Van,17.0,Delayed
2023-12-11,愛知県,北海道,Large_Truck,31.5,Completed
2023-12-26,大阪府,愛知県,Light_Van,12.3,Completed
2023-08-15,広島県,愛知県,Light_Van,13.4,Delayed
2023-04-28,広島県,愛知県,Refrigerated,1.2,Delayed
2023-07-24,福岡県,北海道,Medium_Truck,10.2,On_Time
2023-01-11,広島県,東京都,Refrigerated,20.8,Completed
2023-02-02,大阪府,福岡県,Light_Van,15.1,On_Time
2023-11-11,広島県,大阪府,Medium_Truck,10.4,Completed
2023-05-08,宮城県,東京都,Large_Truck,2.5,Completed
2023-12-05,福岡県,愛知県,Large_Truck,3.2,On_Time
2023-01-31,東京都,福岡県,Refrigerated,2.9,Completed
2023-10-24,東京都,広島県,Light_Van,9.7,On_Time
2023-06-19,広島県,宮城県,Light_Van,25.0,Delayed
2023-02-08,北海道,宮城県,Light_Van,14.5,On_Time
2023-01-17,北海道,福岡県,Light_Van,4.5,Completed
2023-12-30,宮城県,大阪府,Large_Truck,17.2,Delayed
2023-10-21,宮城県,広島県,Medium_Truck,22.7,On_Time
2023-09-28,宮城県,広島県,Large_Truck,22.6,On_Time
2023-01-15,広島県,福岡県,Light_Van,4.7,On_Time
2023-07-26,北海道,広島県,Large_Truck,7.3,On_Time
2023-02-09,大阪府,広島県,Light_Van,19.3,Completed
2023-01-18,東京都,広島県,Large_Truck,9.7,Completed
2024-01-08,福岡県,広島県,Medium_Truck,17.7,Completed
2023-05-30,北海道,宮城県,Large_Truck,13.2,On_Time
2024-01-31,東京都,大阪府,Refrigerated,13.8,On_Time
2023-03-17,北海道,大阪府,Light_Van,14.2,Delayed
2023-08-24,広島県,愛知県,Medium_Truck,11.9,Completed
2023-04-05,宮城県,愛知県,Refrigerated,10.2,Delayed
2023-06-30,広島県,宮城県,Medium_Truck,24.4,Completed
2023-08-27,大阪府,愛知県,Large_Truck,11.0,On_Time
2023-08-09,大阪府,北海道,Medium_Truck,15.1,Delayed
2023-10-13,愛知県,広島県,Light_Van,1.5,Delayed
2023-04-27,福岡県,愛知県,Large_Truck,24.4,Completed
2023-04-08,広島県,大阪府,Medium_Truck,7.8,On_Time
2023-08-03,広島県,大阪府,Medium_Truck,1.7,Delayed
2023-08-27,広島県,宮城県,Medium_Truck,22.1,On_Time
2023-04-04,大阪府,福岡県,Medium_Truck,5.8,Completed
2024-01-02,広島県,愛知県,Refrigerated,21.0,Delayed
2023-10-22,広島県,愛知県,Light_Van,16.9,Delayed
2023-07-24,東京都,宮城県,Large_Truck,8.2,Completed
2023-08-27,福岡県,愛知県,Large_Truck,23.6,On_Time
2023-02-03,北海道,大阪府,Light_Van,9.8,Delayed
2023-10-09,北海道,大阪府,Medium_Truck,8.2,On_Time
2023-02-16,東京都,北海道,Light_Van,19.6,On_Time
2023-07-09,広島県,愛知県,Medium_Truck,9.8,Completed
2023-09-12,愛知県,北海道,Refrigerated,18.0,Completed
2023-11-29,広島県,東京都,Large_Truck,9.5,Delayed
2023-09-14,北海道,大阪府,Large_Truck,1.5,Completed
2023-12-18,福岡県,東京都,Refrigerated,24.5,Completed
2023-12-28,広島県,宮城県,Medium_Truck,2.1,Delayed
2023-12-14,大阪府,宮城県,Refrigerated,7.0,Completed
2023-08-07,大阪府,福岡県,Large_Truck,17.7,On_Time
2023-09-14,東京都,北海道,Light_Van,21.1,On_Time
2024-01-03,愛知県,宮城県,Large_Truck,21.4,On_Time
2023-03-31,広島県,東京都,Refrigerated,2.7,Completed
2023-10-11,福岡県,大阪府,Large_Truck,9.6,Delayed
2023-01-10,広島県,福岡県,Light_Van,24.4,Delayed
2023-04-04,東京都,大阪府,Light_Van,7.1,On_Time
2023-06-06,東京都,福岡県,Large_Truck,1.3,On_Time
2023-10-06,広島県,大阪府,Light_Van,24.1,Delayed
2023-11-27,東京都,大阪府,Medium_Truck,1.9,Completed
2023-12-28,愛知県,宮城県,Medium_Truck,19.1,Delayed
2023-07-12,愛知県,東京都,Large_Truck,8.0,Delayed
2023-09-11,広島県,北海道,Refrigerated,13.6,Delayed
2024-01-10,愛知県,北海道,Light_Van,1.8,On_Time
2024-01-26,宮城県,福岡県,Refrigerated,2.3,On_Time
2023-03-12,東京都,大阪府,Medium_Truck,29.2,On_Time
2023-12-03,広島県,宮城県,Large_Truck,13.6,On_Time
2023-04-18,福岡県,東京都,Light_Van,17.7,Delayed
2024-02-05,福岡県,宮城県,Medium_Truck,18.7,Completed
2023-03-27,福岡県,大阪府,Refrigerated,15.7,On_Time
2023-03-30,宮城県,大阪府,Large_Truck,18.1,Delayed
2023-04-17,宮城県,福岡県,Large_Truck,1.4,Delayed
2023-08-15,大阪府,広島県,Large_Truck,1.8,Delayed
2023-08-05,広島県,愛知県,Large_Truck,11.0,On_Time
2023-01-01,宮城県,東京都,Medium_Truck,21.0,Completed
2023-12-14,大阪府,宮城県,Light_Van,21.7,Completed
2024-01-26,広島県,福岡県,Light_Van,7.1,Delayed
2023-04-03,福岡県,北海道,Refrigerated,17.8,On_Time
2023-05-14,福岡県,広島県,Refrigerated,13.7,Delayed
2023-01-18,北海道,広島県,Large_Truck,20.9,Delayed
2023-04-12,福岡県,愛知県,Refrigerated,20.3,Completed
2024-01-22,福岡県,大阪府,Light_Van,7.3,Delayed
2023-09-04,東京都,宮城県,Medium_Truck,10.5,On_Time
2023-09-22,宮城県,福岡県,Refrigerated,9.0,On_Time
2023-12-10,大阪府,広島県,Refrigerated,16.8,On_Time
2023-10-01,大阪府,北海道,Refrigerated,15.1,Completed
2024-01-24,北海道,東京都,Refrigerated,2.2,Completed
2023-04-02,大阪府,広島県,Medium_Truck,22.2,Completed
2023-05-28,福岡県,東京都,Refrigerated,2.3,Delayed
2023-11-11,愛知県,北海道,Refrigerated,1.9,Delayed
2023-05-05,宮城県,東京都,Light_Van,11.0,On_Time
2023-02-05,大阪府,愛知県,Light_Van,21.3,On_Time
2023-10-26,広島県,大阪府,Refrigerated,3.0,Delayed
2023-12-04,東京都,福岡県,Refrigerated,5.7,Delayed
2023-01-03,愛知県,北海道,Light_Van,8.6,Delayed
2024-01-15,広島県,北海道,Large_Truck,17.2,Delayed
2023-09-22,宮城県,北海道,Light_Van,14.8,On_Time
2023-07-03,宮城県,福岡県,Medium_Truck,22.4,Delayed
2023-12-08,大阪府,北海道,Light_Van,37.2,Completed
2023-10-17,東京都,北海道,Medium_Truck,10.1,Delayed
2023-10-25,福岡県,愛知県,Medium_Truck,3.3,Delayed
2024-01-29,福岡県,宮城県,Light_Van,18.0,Delayed
2023-11-16,東京都,大阪府,Refrigerated,3.8,On_Time
2023-07-03,宮城県,大阪府,Medium_Truck,4.2,Completed
2023-04-18,北海道,大阪府,Refrigerated,18.4,On_Time
2023-01-21,大阪府,北海道,Large_Truck,10.4,Delayed
2023-04-07,大阪府,東京都,Large_Truck,23.0,Delayed
2023-11-09,大阪府,愛知県,Medium_Truck,4.3,On_Time
2023-04-07,愛知県,宮城県,Light_Van,6.5,Delayed
2023-01-23,広島県,宮城県,Large_Truck,15.7,Delayed
2023-10-19,東京都,広島県,Medium_Truck,14.4,On_Time
2023-01-29,東京都,北海道,Large_Truck,20.5,Completed
2024-02-01,大阪府,広島県,Refrigerated,3.4,Completed
2023-04-15,東京都,広島県,Light_Van,9.4,On_Time
2023-05-24,宮城県,愛知県,Medium_Truck,14.9,Delayed
2023-05-14,東京都,福岡県,Light_Van,1.9,On_Time
2023-11-28,宮城県,北海道,Refrigerated,9.1,Completed
2023-07-25,宮城県,大阪府,Refrigerated,24.4,Delayed
2023-05-13,宮城県,北海道,Medium_Truck,20.3,Delayed
2024-01-02,愛知県,福岡県,Light_Van,2.3,Completed
2023-06-20,福岡県,愛知県,Refrigerated,11.9,Delayed
2023-06-10,福岡県,広島県,Light_Van,20.6,On_Time
2023-02-12,愛知県,福岡県,Light_Van,19.9,Completed
2023-07-07,北海道,大阪府,Large_Truck,7.9,Completed
2023-01-26,宮城県,大阪府,Medium_Truck,3.5,On_Time
2023-06-01,福岡県,愛知県,Medium_Truck,23.3,Completed
2023-09-25,大阪府,愛知県,Light_Van,3.0,On_Time
2023-03-17,広島県,東京都,Refrigerated,31.5,Delayed
2023-03-02,愛知県,宮城県,Refrigerated,11.7,Completed
2023-05-04,大阪府,福岡県,Large_Truck,1.5,On_Time
2023-05-15,福岡県,愛知県,Refrigerated,17.1,Delayed
2023-09-02,福岡県,広島県,Light_Van,14.1,Delayed
2023-02-18,福岡県,宮城県,Light_Van,18.7,Completed
2023-08-11,大阪府,福岡県,Refrigerated,2.4,Delayed
2023-02-08,福岡県,北海道,Large_Truck,16.1,On_Time
2023-06-15,北海道,宮城県,Medium_Truck,13.5,On_Time
2023-12-07,愛知県,広島県,Medium_Truck,36.9,On_Time
2023-03-21,福岡県,北海道,Large_Truck,17.1,On_Time
2023-09-26,東京都,福岡県,Large_Truck,21.3,On_Time
2023-08-26,福岡県,北海道,Light_Van,10.6,On_Time
2023-06-27,大阪府,広島県,Large_Truck,20.8,Delayed
2023-02-13,宮城県,東京都,Large_Truck,4.2,On_Time
2023-04-19,宮城県,広島県,Refrigerated,21.8,On_Time
2023-02-16,愛知県,北海道,Light_Van,1.5,Delayed
2023-08-01,広島県,東京都,Medium_Truck,15.4,Delayed
2023-08-15,福岡県,広島県,Light_Van,11.8,Delayed
2023-02-23,広島県,福岡県,Refrigerated,23.7,Completed
2023-01-31,宮城県,大阪府,Refrigerated,8.9,On_Time
2024-02-01,宮城県,愛知県,Large_Truck,19.7,On_Time
2023-06-16,大阪府,広島県,Light_Van,4.9,On_Time
2023-07-13,愛知県,福岡県,Large_Truck,15.0,Delayed
2023-09-05,東京都,愛知県,Large_Truck,8.2,Delayed
2023-07-30,大阪府,北海道,Refrigerated,14.1,On_Time
2023-10-30,東京都,福岡県,Medium_Truck,18.0,On_Time
2023-01-07,大阪府,愛知県,Medium_Truck,4.0,On_Time
2023-12-09,東京都,大阪府,Large_Truck,12.5,On_Time
2023-12-10,東京都,宮城県,Large_Truck,17.7,Completed
2023-07-09,北海道,福岡県,Light_Van,23.0,On_Time
2023-01-24,広島県,福岡県,Large_Truck,18.2,Completed
2023-06-13,愛知県,東京都,Medium_Truck,15.1,Delayed
2023-01-15,宮城県,北海道,Medium_Truck,10.5,Delayed
2023-07-25,北海道,東京都,Refrigerated,12.9,Completed
2024-01-05,北海道,愛知県,Large_Truck,17.9,Delayed
2023-11-21,福岡県,東京都,Light_Van,4.1,Delayed
2023-02-11,宮城県,福岡県,Medium_Truck,1.2,Delayed
2023-04-06,北海道,東京都,Refrigerated,8.9,Delayed
2023-11-07,東京都,北海道,Refrigerated,4.2,Delayed
2023-05-18,愛知県,東京都,Large_Truck,13.3,On_Time
2023-07-21,福岡県,宮城県,Light_Van,10.3,Delayed
2023-12-17,福岡県,北海道,Light_Van,31.4,On_Time
2023-02-21,北海道,大阪府,Refrigerated,9.1,Completed
2024-01-11,大阪府,北海道,Medium_Truck,21.8,On_Time
2023-01-11,大阪府,福岡県,Refrigerated,3.9,On_Time
2024-01-02,広島県,愛知県,Large_Truck,5.7,Delayed
2023-03-23,福岡県,東京都,Medium_Truck,27.8,On_Time
2023-09-23,宮城県,愛知県,Light_Van,5.4,Completed
2023-09-13,北海道,広島県,Light_Van,11.3,On_Time
2023-08-07,宮城県,愛知県,Medium_Truck,8.6,Delayed
2023-02-22,大阪府,宮城県,Refrigerated,23.2,On_Time
2023-01-12,愛知県,宮城県,Light_Van,11.6,Completed
2023-05-21,広島県,愛知県,Large_Truck,10.6,Delayed
2023-02-01,広島県,福岡県,Medium_Truck,15.8,Completed
2024-02-03,広島県,愛知県,Refrigerated,20.3,Completed
2023-11-04,福岡県,東京都,Light_Van,19.7,On_Time
2023-10-05,福岡県,愛知県,Light_Van,23.1,On_Time
2023-06-03,北海道,大阪府,Medium_Truck,9.0,On_Time
2023-09-30,大阪府,愛知県,Refrigerated,16.5,On_Time
2023-02-12,宮城県,東京都,Light_Van,13.4,Completed
2023-03-17,北海道,宮城県,Refrigerated,11.8,Completed
2023-07-10,東京都,福岡県,Light_Van,1.3,Completed
2023-05-07,愛知県,北海道,Refrigerated,6.5,Completed
2023-07-07,大阪府,北海道,Large_Truck,24.1,On_Time
2023-05-17,広島県,福岡県,Refrigerated,18.9,Delayed
2023-03-17,大阪府,福岡県,Refrigerated,6.3,On_Time
2023-10-03,大阪府,東京都,Refrigerated,9.4,Completed
2024-01-26,愛知県,東京都,Large_Truck,9.2,On_Time
2023-01-11,愛知県,東京都,Light_Van,22.2,Completed
2023-10-01,愛知県,宮城県,Large_Truck,18.0,Delayed
2023-12-04,福岡県,大阪府,Light_Van,11.2,On_Time
2023-05-24,東京都,北海道,Medium_Truck,8.6,Completed
2023-02-24,福岡県,宮城県,Large_Truck,17.5,On_Time
2024-01-02,広島県,大阪府,Light_Van,24.0,On_Time
2023-09-10,福岡県,愛知県,Refrigerated,11.1,Delayed
2023-02-12,広島県,宮城県,Large_Truck,21.0,On_Time
2023-02-22,愛知県,福岡県,Medium_Truck,7.6,Completed
2023-02-14,宮城県,福岡県,Medium_Truck,2.2,On_Time
2023-12-23,広島県,北海道,Light_Van,19.3,Delayed
2023-08-23,大阪府,東京都,Light_Van,2.6,On_Time
2024-01-13,愛知県,宮城県,Large_Truck,3.0,Completed
2023-09-02,大阪府,東京都,Refrigerated,7.3,Delayed
2023-06-28,大阪府,愛知県,Light_Van,10.7,Completed
2023-04-28,大阪府,愛知県,Refrigerated,8.5,On_Time
2023-02-06,愛知県,宮城県,Large_Truck,13.3,Delayed
2023-07-06,北海道,大阪府,Medium_Truck,9.7,On_Time
2024-01-01,大阪府,北海道,Medium_Truck,9.1,On_Time
2023-10-04,愛知県,大阪府,Large_Truck,13.9,Delayed
2024-01-15,東京都,福岡県,Refrigerated,19.0,Completed
2023-02-22,広島県,愛知県,Large_Truck,4.1,Completed
2023-02-22,北海道,宮城県,Medium_Truck,24.6,On_Time
2023-07-26,東京都,大阪府,Light_Van,20.9,Completed
2023-08-23,東京都,愛知県,Light_Van,16.0,Delayed
2023-12-01,宮城県,大阪府,Refrigerated,9.7,On_Time
2023-06-21,大阪府,東京都,Medium_Truck,20.3,Completed
2024-01-06,大阪府,宮城県,Medium_Truck,4.8,Delayed
2023-12-08,福岡県,愛知県,Large_Truck,29.5,On_Time
2023-01-01,福岡県,北海道,Refrigerated,11.8,Delayed
2023-02-03,福岡県,東京都,Large_Truck,4.4,Delayed
2023-12-11,北海道,福岡県,Medium_Truck,6.7,Delayed
2023-05-07,福岡県,愛知県,Large_Truck,15.9,On_Time
2024-01-30,福岡県,北海道,Light_Van,4.5,Completed
2023-12-26,福岡県,宮城県,Light_Van,25.6,Delayed
2023-11-03,北海道,東京都,Medium_Truck,11.7,Completed
2023-08-20,広島県,愛知県,Refrigerated,16.3,Delayed
2023-06-08,北海道,大阪府,Light_Van,10.3,On_Time
2023-08-06,北海道,愛知県,Light_Van,14.5,On_Time
2023-10-07,愛知県,北海道,Refrigerated,11.3,Delayed
2023-04-24,愛知県,宮城県,Refrigerated,1.1,Completed
2023-06-12,福岡県,東京都,Light_Van,13.8,On_Time
2023-04-30,大阪府,宮城県,Refrigerated,21.9,On_Time
2023-07-05,愛知県,宮城県,Medium_Truck,21.2,On_Time
2023-09-11,広島県,北海道,Medium_Truck,2.7,On_Time
2023-11-24,北海道,愛知県,Refrigerated,23.0,Delayed
2023-09-28,宮城県,東京都,Light_Van,18.8,Delayed
2023-10-17,福岡県,北海道,Light_Van,6.6,Completed
2023-11-06,東京都,宮城県,Large_Truck,11.4,Delayed
2023-05-26,東京都,北海道,Medium_Truck,14.7,Delayed
2023-11-03,広島県,福岡県,Large_Truck,13.0,On_Time
2023-08-08,福岡県,北海道,Refrigerated,16.3,Completed
2023-09-20,大阪府,東京都,Light_Van,9.0,Delayed
2024-01-17,東京都,北海道,Large_Truck,6.7,Delayed
2023-04-25,広島県,東京都,Refrigerated,13.5,On_Time
2023-02-12,広島県,北海道,Refrigerated,13.4,On_Time
2023-09-25,福岡県,東京都,Light_Van,2.8,On_Time
2023-11-27,福岡県,大阪府,Refrigerated,22.0,Completed
2023-07-24,宮城県,北海道,Light_Van,1.7,Completed
2023-03-24,福岡県,北海道,Large_Truck,15.0,On_Time
2023-10-14,北海道,広島県,Refrigerated,20.8,Completed
2023-09-19,宮城県,北海道,Medium_Truck,21.9,On_Time
2023-05-08,宮城県,北海道,Medium_Truck,17.0,Completed
2023-08-24,福岡県,北海道,Large_Truck,23.5,On_Time
2024-01-31,福岡県,愛知県,Medium_Truck,15.6,Completed
2023-04-04,北海道,大阪府,Light_Van,8.9,On_Time
2023-05-20,愛知県,宮城県,Refrigerated,3.9,Delayed
2023-10-05,福岡県,大阪府,Light_Van,15.2,Delayed
2023-01-22,愛知県,北海道,Medium_Truck,23.0,Delayed
2023-03-30,広島県,宮城県,Light_Van,33.7,Completed
2023-02-04,愛知県,東京都,Medium_Truck,9.9,Completed
2023-08-11,北海道,愛知県,Refrigerated,8.6,Delayed
2023-09-12,広島県,大阪府,Large_Truck,20.1,Completed
2023-07-17,愛知県,宮城県,Light_Van,1.2,Completed
2023-07-23,大阪府,宮城県,Light_Van,13.9,Completed
2023-03-27,宮城県,北海道,Refrigerated,29.3,Delayed
2023-03-25,愛知県,福岡県,Large_Truck,5.3,Delayed
2024-01-29,宮城県,大阪府,Large_Truck,11.8,Delayed
2023-06-16,福岡県,北海道,Refrigerated,19.7,Completed
2023-10-21,愛知県,広島県,Refrigerated,15.9,Delayed
2024-01-04,大阪府,東京都,Medium_Truck,2.8,Delayed
2023-08-21,北海道,福岡県,Medium_Truck,11.3,Delayed
2023-09-25,福岡県,東京都,Large_Truck,6.2,Completed
2023-10-02,北海道,福岡県,Refrigerated,13.5,On_Time
2023-09-09,北海道,愛知県,Large_Truck,6.3,On_Time
2023-03-30,東京都,北海道,Large_Truck,27.3,Completed
2023-07-14,東京都,宮城県,Medium_Truck,9.1,On_Time
2023-03-15,宮城県,愛知県,Light_Van,27.1,Delayed
2023-02-03,東京都,北海道,Large_Truck,18.0,On_Time
2023-07-18,広島県,大阪府,Large_Truck,19.3,Completed
2024-01-04,愛知県,福岡県,Refrigerated,20.8,On_Time
2023-07-25,広島県,大阪府,Medium_Truck,9.3,Delayed
2023-12-01,福岡県,広島県,Medium_Truck,11.3,Completed
2023-03-28,宮城県,福岡県,Refrigerated,13.2,Completed
2024-01-17,宮城県,愛知県,Large_Truck,10.8,Delayed
2023-08-31,宮城県,福岡県,Large_Truck,13.7,Delayed
2024-01-08,大阪府,宮城県,Refrigerated,5.3,Delayed
2023-11-25,愛知県,東京都,Refrigerated,16.2,On_Time
2023-05-18,宮城県,北海道,Large_Truck,17.5,Delayed
2023-11-25,広島県,大阪府,Large_Truck,20.3,Delayed
2023-10-21,北海道,宮城県,Refrigerated,4.6,Delayed
2023-02-05,大阪府,東京都,Large_Truck,15.7,On_Time
2023-04-07,愛知県,福岡県,Large_Truck,12.1,Completed
2023-01-21,広島県,福岡県,Large_Truck,9.6,Completed
2023-09-22,大阪府,愛知県,Large_Truck,18.1,Delayed
2023-11-05,北海道,大阪府,Large_Truck,13.6,Delayed
2023-06-16,東京都,大阪府,Medium_Truck,24.0,Completed
2023-05-23,愛知県,大阪府,Medium_Truck,11.8,Completed
2023-12-01,大阪府,宮城県,Light_Van,26.7,Delayed
2023-04-05,大阪府,宮城県,Light_Van,11.0,On_Time
2023-05-14,福岡県,北海道,Large_Truck,21.7,Completed
2023-01-18,広島県,福岡県,Light_Van,6.9,On_Time
2023-06-24,北海道,広島県,Light_Van,15.7,On_Time
2023-09-09,愛知県,大阪府,Medium_Truck,5.9,Delayed
2023-04-04,宮城県,福岡県,Light_Van,10.1,Completed
2023-07-13,北海道,愛知県,Light_Van,4.2,On_Time
2023-07-02,宮城県,広島県,Large_Truck,16.6,Delayed
2023-05-23,宮城県,大阪府,Large_Truck,6.3,Completed
2023-10-12,大阪府,北海道,Medium_Truck,9.6,Delayed
2023-01-10,東京都,愛知県,Large_Truck,23.7,On_Time
2023-06-29,大阪府,広島県,Large_Truck,17.7,Completed
2023-06-09,愛知県,北海道,Medium_Truck,8.2,Completed
2023-03-08,福岡県,広島県,Large_Truck,7.0,Completed
2023-07-05,東京都,北海道,Light_Van,11.6,Delayed
2023-03-07,東京都,広島県,Light_Van,21.9,Delayed
2023-09-10,北海道,東京都,Light_Van,19.0,On_Time
2024-01-22,愛知県,大阪府,Light_Van,24.8,Completed
2023-06-05,北海道,東京都,Refrigerated,10.0,Completed
2023-08-09,東京都,北海道,Refrigerated,18.8,Delayed
2023-09-30,大阪府,宮城県,Refrigerated,19.7,Delayed
2023-03-05,福岡県,東京都,Large_Truck,18.4,Completed
2023-01-12,東京都,福岡県,Large_Truck,11.1,Delayed
2023-05-03,大阪府,愛知県,Refrigerated,5.9,On_Time
2023-07-11,宮城県,大阪府,Medium_Truck,7.6,Delayed
2023-11-25,愛知県,宮城県,Light_Van,15.4,Delayed
2023-08-28,東京都,大阪府,Large_Truck,5.1,Delayed
2023-07-26,宮城県,東京都,Light_Van,24.3,Delayed
2023-01-08,宮城県,北海道,Light_Van,19.7,Completed
2024-01-04,北海道,愛知県,Refrigerated,12.6,On_Time
2023-02-02,福岡県,広島県,Medium_Truck,21.0,Delayed
2023-12-24,広島県,大阪府,Medium_Truck,23.6,On_Time
2023-03-06,福岡県,大阪府,Medium_Truck,17.1,On_Time
2023-05-05,広島県,大阪府,Medium_Truck,24.4,On_Time
2023-09-23,東京都,宮城県,Refrigerated,17.8,On_Time
2023-04-29,宮城県,東京都,Refrigerated,6.5,Delayed
2023-02-12,東京都,福岡県,Medium_Truck,2.8,Completed
2023-04-21,広島県,愛知県,Medium_Truck,21.7,Delayed
2023-08-11,福岡県,大阪府,Medium_Truck,17.2,On_Time
2023-08-22,大阪府,北海道,Medium_Truck,11.7,On_Time
2023-10-13,広島県,北海道,Refrigerated,15.6,Completed
2023-10-05,福岡県,北海道,Refrigerated,12.6,Delayed
2023-11-08,福岡県,愛知県,Medium_Truck,2.7,Delayed
2023-11-29,愛知県,東京都,Large_Truck,11.3,Completed
2023-02-06,愛知県,東京都,Refrigerated,17.1,On_Time
2023-04-12,大阪府,福岡県,Light_Van,14.8,On_Time
2023-04-12,愛知県,北海道,Medium_Truck,16.2,On_Time
2023-07-28,東京都,福岡県,Refrigerated,21.1,On_Time
2024-01-07,広島県,宮城県,Medium_Truck,8.8,On_Time
2023-08-12,大阪府,愛知県,Large_Truck,20.5,Delayed
2023-12-04,福岡県,東京都,Light_Van,18.0,Delayed
2024-01-24,宮城県,広島県,Medium_Truck,7.1,Completed
2024-02-03,東京都,愛知県,Medium_Truck,5.3,On_Time
2023-03-24,愛知県,大阪府,Light_Van,2.3,On_Time
2023-08-07,宮城県,北海道,Large_Truck,17.2,On_Time
2023-06-14,東京都,福岡県,Medium_Truck,6.8,Completed
2023-07-31,東京都,愛知県,Large_Truck,10.3,Delayed
2023-05-31,広島県,宮城県,Large_Truck,20.1,Delayed
2023-05-07,愛知県,広島県,Refrigerated,4.5,Completed
2024-01-19,愛知県,北海道,Medium_Truck,21.3,Delayed
2024-01-22,大阪府,北海道,Large_Truck,21.6,Delayed
2023-12-25,大阪府,福岡県,Light_Van,26.8,Delayed
2023-04-12,広島県,東京都,Refrigerated,22.8,Delayed
2023-09-15,大阪府,宮城県,Large_Truck,1.2,Completed
2023-06-12,大阪府,宮城県,Light_Van,24.9,Delayed
2023-01-15,広島県,大阪府,Medium_Truck,1.7,Completed
2023-01-22,福岡県,大阪府,Refrigerated,13.5,On_Time
2023-06-16,北海道,広島県,Refrigerated,20.0,Delayed
2023-05-12,宮城県,東京都,Light_Van,24.3,Delayed
2023-07-11,愛知県,北海道,Refrigerated,6.7,On_Time
2023-01-13,愛知県,東京都,Medium_Truck,23.2,Completed
2023-11-29,広島県,福岡県,Refrigerated,22.7,Completed
2023-01-29,福岡県,大阪府,Medium_Truck,14.7,On_Time
2023-10-14,東京都,福岡県,Light_Van,20.6,Delayed
2023-01-21,東京都,大阪府,Light_Van,14.1,On_Time
2023-04-14,福岡県,大阪府,Light_Van,10.6,Delayed
2023-06-08,大阪府,福岡県,Light_Van,16.6,On_Time
2024-01-29,宮城県,福岡県,Refrigerated,7.6,Completed
2023-03-02,愛知県,福岡県,Large_Truck,28.9,Completed
2023-08-31,大阪府,広島県,Large_Truck,5.8,Completed
2023-10-13,広島県,大阪府,Medium_Truck,14.8,Delayed
2023-01-31,広島県,愛知県,Refrigerated,10.1,Delayed
2023-09-12,北海道,広島県,Refrigerated,4.0,On_Time
2023-02-05,広島県,東京都,Light_Van,21.6,Completed
2023-11-25,広島県,東京都,Medium_Truck,14.5,Delayed
2023-07-03,福岡県,東京都,Light_Van,1.8,On_Time
2023-02-13,東京都,広島県,Refrigerated,14.5,On_Time
2023-11-28,北海道,東京都,Medium_Truck,4.6,Delayed
2023-08-11,愛知県,宮城県,Light_Van,1.7,On_Time
2023-04-02,愛知県,福岡県,Medium_Truck,20.2,On_Time
2024-01-14,東京都,愛知県,Light_Van,9.5,On_Time
2023-07-02,北海道,宮城県,Large_Truck,19.4,Completed
2023-03-25,広島県,大阪府,Refrigerated,10.8,On_Time
2023-01-08,愛知県,宮城県,Large_Truck,8.9,Completed
2023-03-03,福岡県,広島県,Large_Truck,28.7,Delayed
2023-06-01,広島県,大阪府,Light_Van,11.9,Completed
2023-04-24,広島県,愛知県,Large_Truck,24.6,Delayed
2023-12-01,東京都,広島県,Large_Truck,24.8,On_Time
2023-08-25,大阪府,愛知県,Medium_Truck,10.6,Delayed
2024-01-19,東京都,愛知県,Medium_Truck,10.1,Completed
2023-06-28,大阪府,宮城県,Refrigerated,11.5,Delayed
2023-03-27,広島県,東京都,Refrigerated,20.6,On_Time
2023-11-27,北海道,広島県,Light_Van,5.8,Completed
2023-03-23,宮城県,福岡県,Large_Truck,15.9,Completed
2023-04-04,愛知県,広島県,Refrigerated,9.2,Completed
2023-05-20,東京都,宮城県,Medium_Truck,9.2,Completed
2023-11-17,大阪府,北海道,Medium_Truck,14.6,Completed
2023-11-25,東京都,大阪府,Medium_Truck,19.4,On_Time
2023-12-14,広島県,大阪府,Large_Truck,10.8,Delayed
2023-12-30,愛知県,北海道,Medium_Truck,28.9,Delayed
2023-01-01,大阪府,東京都,Large_Truck,24.7,Completed
2023-09-11,宮城県,福岡県,Large_Truck,2.2,Delayed
2023-01-11,福岡県,東京都,Refrigerated,12.6,Delayed
2023-03-27,宮城県,大阪府,Medium_Truck,9.1,Completed
2023-04-21,大阪府,北海道,Refrigerated,22.7,On_Time
2023-02-07,大阪府,広島県,Medium_Truck,21.1,Delayed
2024-01-14,東京都,北海道,Medium_Truck,14.3,On_Time
2023-12-21,愛知県,東京都,Large_Truck,23.1,Completed
2023-01-27,愛知県,福岡県,Refrigerated,15.5,Completed
2023-01-06,愛知県,東京都,Large_Truck,9.4,Completed
2023-11-16,北海道,愛知県,Large_Truck,19.0,Delayed
2023-09-20,愛知県,宮城県,Light_Van,19.7,Delayed
2023-12-13,東京都,大阪府,Large_Truck,21.4,Completed
2023-06-25,北海道,広島県,Refrigerated,9.9,Delayed
2023-08-31,大阪府,東京都,Refrigerated,10.7,Completed
2023-04-19,東京都,愛知県,Refrigerated,14.4,Completed
2023-10-17,福岡県,北海道,Medium_Truck,23.4,On_Time
2023-01-06,愛知県,広島県,Refrigerated,18.8,Delayed
2023-07-25,福岡県,愛知県,Refrigerated,14.8,Completed
2023-06-14,大阪府,愛知県,Light_Van,20.5,Delayed
2023-10-08,北海道,大阪府,Large_Truck,15.7,Delayed
2024-01-13,広島県,大阪府,Large_Truck,14.4,Delayed
2023-11-12,北海道,福岡県,Medium_Truck,5.7,Completed
2023-01-05,愛知県,大阪府,Refrigerated,2.8,On_Time
2023-12-29,北海道,福岡県,Refrigerated,26.9,On_Time
2023-01-04,大阪府,北海道,Refrigerated,5.2,Completed
2023-02-19,北海道,愛知県,Refrigerated,10.4,On_Time
2024-01-16,東京都,福岡県,Light_Van,15.9,Completed
2023-08-10,宮城県,広島県,Light_Van,16.5,Delayed
2023-10-26,東京都,愛知県,Refrigerated,19.4,On_Time
2023-03-21,大阪府,愛知県,Light_Van,37.3,On_Time
2023-12-03,北海道,宮城県,Large_Truck,4.6,On_Time
2023-02-10,北海道,大阪府,Medium_Truck,22.9,Completed
2023-09-06,大阪府,福岡県,Large_Truck,17.1,Completed
2023-01-25,大阪府,東京都,Medium_Truck,3.8,Delayed
2023-02-21,福岡県,北海道,Light_Van,21.7,Completed
2023-01-07,広島県,宮城県,Refrigerated,9.2,On_Time
2023-07-20,福岡県,大阪府,Medium_Truck,11.3,Delayed
2023-08-13,大阪府,愛知県,Light_Van,16.1,On_Time
2023-07-05,宮城県,大阪府,Medium_Truck,19.7,Delayed
2023-09-01,広島県,宮城県,Refrigerated,24.2,On_Time
2023-09-08,宮城県,大阪府,Large_Truck,12.0,On_Time
2023-06-21,北海道,広島県,Large_Truck,10.4,Delayed
2023-07-16,大阪府,北海道,Medium_Truck,15.7,Completed
2023-07-08,宮城県,福岡県,Light_Van,11.8,Completed
2023-08-22,宮城県,大阪府,Refrigerated,20.3,Delayed
2023-01-11,広島県,愛知県,Medium_Truck,22.0,On_Time
2023-06-06,広島県,宮城県,Medium_Truck,3.9,Completed
2023-11-22,宮城県,広島県,Refrigerated,24.6,Delayed
2023-07-21,宮城県,大阪府,Light_Van,19.2,Delayed
2023-09-25,広島県,大阪府,Refrigerated,19.4,Completed
2023-09-10,大阪府,東京都,Light_Van,13.2,Delayed
2023-07-07,愛知県,大阪府,Large_Truck,2.5,On_Time
2023-03-07,宮城県,愛知県,Medium_Truck,12.3,On_Time
2023-06-17,愛知県,北海道,Light_Van,15.0,Delayed
2023-03-07,愛知県,大阪府,Medium_Truck,23.1,On_Time
2023-08-27,宮城県,東京都,Light_Van,21.0,On_Time
2023-03-23,北海道,広島県,Refrigerated,22.1,On_Time
2023-12-09,広島県,愛知県,Medium_Truck,33.8,Completed
2023-06-20,広島県,東京都,Medium_Truck,10.2,On_Time
2023-07-14,広島県,大阪府,Large_Truck,11.9,Completed
2023-08-05,広島県,大阪府,Large_Truck,14.7,Completed
2023-09-07,広島県,北海道,Refrigerated,11.5,Completed
2023-01-04,大阪府,東京都,Medium_Truck,18.7,On_Time
2024-02-01,東京都,北海道,Medium_Truck,7.2,On_Time
2023-10-14,北海道,大阪府,Large_Truck,11.0,Completed
2023-12-11,愛知県,広島県,Light_Van,24.7,Delayed
2023-12-02,福岡県,宮城県,Large_Truck,31.4,Completed
2023-11-08,東京都,大阪府,Medium_Truck,17.0,Delayed
2023-02-28,北海道,大阪府,Refrigerated,13.4,Completed
2023-03-28,福岡県,東京都,Refrigerated,31.5,Completed
2023-05-03,愛知県,宮城県,Large_Truck,15.0,On_Time
2023-03-05,愛知県,北海道,Large_Truck,14.6,Completed
2023-07-04,北海道,宮城県,Refrigerated,8.0,On_Time
2023-12-21,広島県,東京都,Refrigerated,21.8,Delayed
2023-07-02,大阪府,愛知県,Refrigerated,18.2,Completed
2023-11-30,東京都,愛知県,Light_Van,20.8,Completed
2023-05-17,愛知県,大阪府,Medium_Truck,3.3,Delayed
2023-03-06,宮城県,大阪府,Light_Van,28.9,Completed
2023-01-27,愛知県,大阪府,Light_Van,21.6,Completed
2023-03-07,宮城県,広島県,Medium_Truck,3.0,Completed
2023-11-24,愛知県,東京都,Large_Truck,11.3,Delayed
2023-09-02,大阪府,北海道,Refrigerated,9.3,Completed
2023-07-21,広島県,愛知県,Refrigerated,9.6,Completed
2023-09-13,東京都,福岡県,Refrigerated,4.0,Delayed
2023-07-05,福岡県,広島県,Light_Van,9.6,Delayed
2023-08-20,大阪府,宮城県,Refrigerated,4.0,Completed
2023-06-13,北海道,大阪府,Light_Van,19.2,Delayed
2023-10-19,大阪府,宮城県,Medium_Truck,8.5,On_Time
2023-10-20,宮城県,大阪府,Refrigerated,3.5,Completed
2023-09-11,北海道,大阪府,Light_Van,15.9,Delayed
2023-01-03,北海道,広島県,Refrigerated,2.5,Delayed
2023-08-03,福岡県,宮城県,Refrigerated,13.0,Delayed
2023-09-08,東京都,広島県,Light_Van,12.1,On_Time
2023-09-26,宮城県,東京都,Large_Truck,6.0,Delayed
2023-02-28,宮城県,東京都,Light_Van,4.2,On_Time
2023-03-12,広島県,福岡県,Light_Van,30.6,On_Time
2023-04-19,愛知県,福岡県,Refrigerated,22.6,On_Time
2023-11-20,東京都,宮城県,Large_Truck,24.0,Delayed
2023-07-06,東京都,福岡県,Refrigerated,11.4,Delayed
2023-04-29,東京都,北海道,Medium_Truck,14.6,Delayed
2023-11-30,北海道,広島県,Medium_Truck,23.1,Completed
2023-09-16,福岡県,北海道,Light_Van,1.1,On_Time
2023-04-20,宮城県,広島県,Medium_Truck,20.9,Delayed
2024-01-30,福岡県,北海道,Large_Truck,3.0,Completed
2023-02-10,北海道,福岡県,Large_Truck,13.6,On_Time
2024-01-03,北海道,愛知県,Medium_Truck,13.8,Delayed
2023-01-28,宮城県,東京都,Light_Van,24.6,Completed
2023-07-22,北海道,大阪府,Medium_Truck,15.6,On_Time
2023-01-04,北海道,福岡県,Light_Van,16.8,Completed
2023-05-10,福岡県,愛知県,Large_Truck,15.9,Completed
2023-09-08,大阪府,東京都,Light_Van,8.6,On_Time
2023-04-30,宮城県,東京都,Light_Van,9.1,On_Time
2023-12-22,愛知県,大阪府,Refrigerated,37.5,On_Time
2023-09-07,大阪府,宮城県,Large_Truck,2.5,Completed
2023-11-28,北海道,福岡県,Refrigerated,23.2,On_Time
2023-10-07,東京都,愛知県,Refrigerated,10.6,On_Time
2023-08-16,広島県,東京都,Large_Truck,12.4,Completed
2023-02-03,大阪府,東京都,Light_Van,18.3,On_Time
2023-10-28,福岡県,東京都,Refrigerated,17.0,On_Time
2023-07-03,愛知県,宮城県,Light_Van,15.0,On_Time
2023-05-29,東京都,愛知県,Light_Van,9.4,Completed
2023-03-23,大阪府,宮城県,Light_Van,8.7,Delayed
2023-05-22,広島県,福岡県,Refrigerated,11.8,Completed
2023-08-14,福岡県,北海道,Large_Truck,3.9,On_Time
2023-05-19,広島県,北海道,Refrigerated,23.0,Delayed
2023-05-27,北海道,広島県,Refrigerated,8.7,On_Time
2023-01-11,大阪府,広島県,Refrigerated,15.8,Completed
2023-09-03,福岡県,愛知県,Medium_Truck,2.4,Completed
2023-06-12,東京都,福岡県,Refrigerated,12.4,On_Time
2023-08-14,東京都,愛知県,Light_Van,13.9,On_Time
2023-08-08,北海道,大阪府,Large_Truck,24.0,On_Time
2023-05-10,北海道,大阪府,Large_Truck,4.9,On_Time
2023-08-28,東京都,大阪府,Large_Truck,17.7,Completed
2023-07-23,宮城県,大阪府,Refrigerated,2.7,Completed
2023-08-07,大阪府,広島県,Medium_Truck,21.1,Delayed
2023-08-27,大阪府,広島県,Light_Van,13.2,Delayed
2024-01-22,大阪府,東京都,Refrigerated,8.7,On_Time
2023-07-20,東京都,北海道,Refrigerated,6.0,Completed
2023-06-27,広島県,愛知県,Large_Truck,14.6,On_Time
2023-06-02,大阪府,福岡県,Light_Van,14.3,Delayed
2023-05-08,宮城県,北海道,Light_Van,15.2,On_Time
2023-05-11,東京都,広島県,Large_Truck,17.5,Delayed
2023-02-14,東京都,大阪府,Medium_Truck,20.3,On_Time
2023-02-19,愛知県,福岡県,Large_Truck,16.0,On_Time
2023-02-27,大阪府,宮城県,Large_Truck,17.8,Delayed
2023-12-20,福岡県,広島県,Refrigerated,12.8,Delayed
2023-03-28,北海道,福岡県,Large_Truck,27.2,Completed
2023-10-12,大阪府,広島県,Light_Van,23.1,Delayed
2023-07-30,広島県,愛知県,Medium_Truck,11.9,On_Time
2023-05-09,愛知県,福岡県,Medium_Truck,10.1,Completed
2023-01-08,愛知県,東京都,Refrigerated,3.2,Delayed
2023-10-10,大阪府,宮城県,Light_Van,23.7,On_Time
2024-01-11,東京都,大阪府,Medium_Truck,20.1,On_Time
2024-01-20,東京都,福岡県,Refrigerated,7.9,Delayed
2023-03-26,大阪府,北海道,Light_Van,2.0,Delayed
2023-06-12,北海道,宮城県,Refrigerated,1.9,Completed
2023-10-02,北海道,東京都,Medium_Truck,11.6,On_Time
2024-01-29,福岡県,大阪府,Medium_Truck,22.0,Delayed
2023-08-17,福岡県,広島県,Light_Van,7.4,Completed
2024-01-22,大阪府,広島県,Refrigerated,24.8,On_Time
2023-01-15,大阪府,宮城県,Large_Truck,14.2,Completed
2023-10-08,宮城県,東京都,Light_Van,16.9,Delayed
2023-06-08,大阪府,愛知県,Refrigerated,18.6,On_Time
2023-12-01,広島県,福岡県,Medium_Truck,10.1,Completed
2023-04-22,北海道,宮城県,Large_Truck,3.7,Completed
2023-04-01,東京都,北海道,Light_Van,22.2,Delayed
2024-01-06,北海道,宮城県,Refrigerated,23.4,Completed
2023-01-08,愛知県,広島県,Large_Truck,6.6,Completed
2023-08-30,北海道,広島県,Light_Van,2.8,Delayed
2023-02-28,北海道,福岡県,Large_Truck,9.2,Completed
2023-03-07,広島県,愛知県,Light_Van,34.0,Completed
2023-12-16,広島県,北海道,Refrigerated,22.0,On_Time
2023-05-27,大阪府,宮城県,Large_Truck,18.2,Completed
2023-03-25,北海道,福岡県,Light_Van,18.3,On_Time
2023-05-15,北海道,福岡県,Large_Truck,9.7,Completed
2023-02-10,大阪府,東京都,Light_Van,20.0,Delayed
2023-07-16,東京都,大阪府,Medium_Truck,4.8,On_Time
2023-08-22,北海道,愛知県,Large_Truck,7.9,Delayed
2024-01-22,愛知県,宮城県,Light_Van,11.8,Delayed
2024-02-05,大阪府,東京都,Medium_Truck,3.1,Completed
2023-12-31,北海道,宮城県,Large_Truck,8.3,On_Time
2023-01-20,大阪府,愛知県,Large_Truck,6.7,On_Time
2024-01-31,福岡県,大阪府,Refrigerated,23.5,Completed
2023-05-14,東京都,大阪府,Refrigerated,15.3,Delayed
2023-07-12,宮城県,北海道,Light_Van,14.7,Delayed
2023-08-23,北海道,大阪府,Light_Van,13.3,Completed
2023-01-23,愛知県,大阪府,Refrigerated,14.4,Completed
2023-11-15,福岡県,宮城県,Medium_Truck,6.2,On_Time
2023-07-29,広島県,福岡県,Large_Truck,11.5,On_Time
2023-11-04,愛知県,北海道,Light_Van,2.0,Delayed
2024-01-09,愛知県,北海道,Large_Truck,13.8,Completed
2023-01-12,北海道,広島県,Light_Van,18.5,On_Time
2023-07-19,東京都,福岡県,Light_Van,1.8,Completed
2023-10-18,宮城県,北海道,Medium_Truck,17.3,Delayed
2023-01-26,大阪府,広島県,Light_Van,22.7,Delayed
2023-02-23,大阪府,広島県,Large_Truck,7.9,On_Time
2023-04-23,愛知県,宮城県,Medium_Truck,7.0,Completed
2023-04-23,北海道,福岡県,Medium_Truck,8.0,Completed
2023-01-03,広島県,宮城県,Light_Van,23.5,Delayed
2023-11-20,宮城県,北海道,Refrigerated,12.3,Delayed
2023-05-18,大阪府,東京都,Light_Van,6.8,Delayed
2023-05-01,宮城県,福岡県,Medium_Truck,13.0,On_Time
2023-11-24,東京都,福岡県,Light_Van,12.0,On_Time
2023-06-19,大阪府,福岡県,Light_Van,12.4,Completed
2023-11-23,宮城県,福岡県,Medium_Truck,1.7,On_Time
2023-06-20,宮城県,東京都,Large_Truck,17.1,On_Time
2024-01-21,大阪府,北海道,Light_Van,11.8,Completed
2023-01-15,愛知県,東京都,Refrigerated,8.2,On_Time
2023-06-04,福岡県,広島県,Medium_Truck,12.2,Completed
2023-08-12,宮城県,大阪府,Medium_Truck,17.9,Completed
2023-04-28,愛知県,福岡県,Light_Van,5.6,On_Time
2023-08-06,宮城県,愛知県,Large_Truck,5.2,On_Time
2023-02-16,東京都,広島県,Refrigerated,16.3,Delayed
2023-06-13,北海道,愛知県,Large_Truck,8.3,Delayed
2023-01-12,広島県,愛知県,Light_Van,3.2,Completed
2023-02-09,宮城県,北海道,Refrigerated,14.2,Completed
2023-02-25,宮城県,東京都,Large_Truck,10.6,On_Time
2023-05-06,愛知県,福岡県,Medium_Truck,5.0,Delayed
2023-04-25,愛知県,広島県,Medium_Truck,5.5,Completed
2023-03-07,広島県,北海道,Light_Van,6.1,On_Time
2023-08-18,大阪府,福岡県,Large_Truck,3.5,On_Time
2023-04-16,北海道,大阪府,Large_Truck,22.5,Delayed
2023-03-30,愛知県,北海道,Refrigerated,32.2,Delayed
2023-12-29,愛知県,福岡県,Medium_Truck,2.4,Delayed
2023-02-07,北海道,広島県,Refrigerated,24.2,Delayed
2023-01-05,東京都,北海道,Light_Van,8.9,Delayed
2023-02-14,愛知県,福岡県,Light_Van,23.8,Completed
2023-03-28,福岡県,広島県,Light_Van,30.9,On_Time
2023-02-08,愛知県,北海道,Light_Van,13.6,On_Time
2023-01-26,広島県,北海道,Medium_Truck,9.0,Delayed
2024-01-09,東京都,愛知県,Light_Van,22.8,Delayed
2023-09-04,宮城県,広島県,Light_Van,13.5,On_Time
2023-11-24,大阪府,愛知県,Light_Van,24.1,Completed
2023-06-15,愛知県,福岡県,Medium_Truck,7.7,Delayed
2023-04-25,大阪府,愛知県,Medium_Truck,16.3,Completed
2023-05-23,大阪府,広島県,Large_Truck,2.7,Completed
2023-05-09,宮城県,福岡県,Large_Truck,21.4,On_Time
2023-09-23,東京都,愛知県,Light_Van,18.2,On_Time
2023-12-26,広島県,福岡県,Medium_Truck,18.2,Completed
2023-05-18,広島県,東京都,Light_Van,24.1,Completed
2024-01-17,北海道,福岡県,Medium_Truck,23.0,Completed
2023-07-21,宮城県,福岡県,Light_Van,15.8,Completed
2023-04-17,東京都,広島県,Large_Truck,20.4,On_Time
2023-10-02,愛知県,宮城県,Refrigerated,2.0,On_Time
2023-03-25,福岡県,宮城県,Large_Truck,32.4,On_Time
2023-01-13,宮城県,愛知県,Medium_Truck,6.6,Delayed
2023-06-26,東京都,広島県,Light_Van,17.5,On_Time
2023-02-28,福岡県,大阪府,Refrigerated,19.1,On_Time
2023-12-28,東京都,大阪府,Light_Van,36.8,Delayed
2023-05-23,広島県,宮城県,Light_Van,24.5,Delayed
2024-01-09,愛知県,広島県,Refrigerated,1.8,On_Time
2023-11-29,大阪府,福岡県,Light_Van,2.3,On_Time
2024-01-09,広島県,大阪府,Light_Van,18.0,Delayed
2023-11-12,東京都,大阪府,Large_Truck,15.5,On_Time
2023-11-29,宮城県,愛知県,Refrigerated,1.4,Delayed
2023-01-18,宮城県,福岡県,Large_Truck,24.4,On_Time
2023-03-21,福岡県,宮城県,Refrigerated,29.8,Delayed
2023-02-09,大阪府,宮城県,Medium_Truck,19.5,Delayed
2023-07-02,大阪府,北海道,Light_Van,11.3,Completed
2023-12-05,福岡県,大阪府,Refrigerated,8.9,Completed
2023-11-26,広島県,宮城県,Light_Van,12.3,Delayed
2023-01-02,福岡県,広島県,Light_Van,1.5,Completed
2023-10-04,北海道,広島県,Medium_Truck,8.7,Delayed
2023-02-15,広島県,愛知県,Large_Truck,14.9,On_Time
2023-03-05,北海道,福岡県,Refrigerated,34.6,Completed
2023-12-05,大阪府,北海道,Refrigerated,6.2,On_Time
2023-06-25,愛知県,福岡県,Light_Van,24.0,Delayed
2023-11-25,北海道,大阪府,Refrigerated,5.9,Delayed
2023-01-05,宮城県,福岡県,Large_Truck,23.4,On_Time
2023-06-15,大阪府,北海道,Refrigerated,7.9,On_Time
2023-03-28,宮城県,大阪府,Medium_Truck,34.6,Delayed
2023-08-14,東京都,宮城県,Large_Truck,23.4,On_Time
2023-06-30,広島県,愛知県,Large_Truck,11.5,Completed
2023-07-25,広島県,愛知県,Light_Van,12.0,On_Time
2023-12-24,東京都,福岡県,Refrigerated,17.7,On_Time
2023-03-02,広島県,東京都,Medium_Truck,29.8,On_Time
2023-07-07,大阪府,福岡県,Light_Van,13.7,Completed
2023-06-08,福岡県,宮城県,Light_Van,16.8,Delayed
2023-09-09,北海道,宮城県,Medium_Truck,10.7,Delayed
2023-07-14,宮城県,東京都,Medium_Truck,10.0,On_Time
2023-01-03,北海道,大阪府,Light_Van,5.4,Completed
2024-01-30,東京都,宮城県,Medium_Truck,11.8,Completed
2023-07-25,東京都,宮城県,Large_Truck,18.7,Completed
2023-07-24,宮城県,大阪府,Medium_Truck,13.4,On_Time
2023-03-28,愛知県,東京都,Light_Van,7.0,Delayed
2023-10-21,愛知県,北海道,Large_Truck,19.8,Completed
2023-06-29,広島県,愛知県,Light_Van,4.6,Completed
2023-05-16,福岡県,北海道,Medium_Truck,9.1,Delayed
2023-07-15,東京都,愛知県,Large_Truck,22.7,Delayed
2023-02-27,広島県,福岡県,Large_Truck,13.6,On_Time
2023-03-23,北海道,愛知県,Refrigerated,33.1,On_Time
2023-03-06,宮城県,愛知県,Medium_Truck,31.3,On_Time
2023-07-02,福岡県,東京都,Medium_Truck,1.0,Completed
2023-08-16,東京都,愛知県,Light_Van,13.0,On_Time
2023-05-19,北海道,東京都,Light_Van,6.3,On_Time
2023-08-02,東京都,大阪府,Light_Van,13.2,Completed
2023-07-18,広島県,北海道,Large_Truck,6.3,Completed
2023-03-24,福岡県,東京都,Light_Van,6.7,Delayed
2023-08-14,福岡県,東京都,Medium_Truck,20.1,Completed
2023-07-14,福岡県,宮城県,Refrigerated,15.6,Delayed
2024-02-01,宮城県,福岡県,Medium_Truck,20.2,Delayed
2023-11-06,愛知県,北海道,Refrigerated,22.9,Completed
2023-03-28,愛知県,宮城県,Refrigerated,24.1,Completed
2023-08-07,北海道,愛知県,Light_Van,7.4,On_Time
2023-03-25,広島県,宮城県,Refrigerated,21.3,Completed
2023-01-05,東京都,大阪府,Medium_Truck,11.5,On_Time
2023-02-28,広島県,北海道,Light_Van,9.7,Delayed
2023-01-29,広島県,大阪府,Light_Van,24.6,On_Time
2023-12-09,広島県,大阪府,Large_Truck,12.6,Delayed
2023-02-14,福岡県,愛知県,Refrigerated,8.5,Delayed
2023-01-09,北海道,宮城県,Light_Van,6.4,On_Time
2023-10-17,愛知県,宮城県,Light_Van,9.9,On_Time
2023-09-28,東京都,北海道,Medium_Truck,14.3,Completed
2023-02-13,広島県,愛知県,Light_Van,8.1,On_Time
2023-07-26,福岡県,宮城県,Light_Van,12.5,Delayed
2023-02-18,福岡県,北海道,Light_Van,22.0,Delayed
2023-11-12,宮城県,広島県,Refrigerated,9.6,On_Time
2023-12-02,福岡県,宮城県,Light_Van,5.6,Completed
2023-03-23,愛知県,広島県,Medium_Truck,16.7,Delayed
2023-01-17,広島県,東京都,Large_Truck,16.7,On_Time
2023-02-01,大阪府,福岡県,Light_Van,11.9,Delayed
2023-01-21,東京都,宮城県,Light_Van,2.3,Completed
2023-07-23,東京都,愛知県,Large_Truck,4.6,Completed
2023-12-26,東京都,大阪府,Medium_Truck,7.6,Delayed
2023-09-25,福岡県,宮城県,Light_Van,5.9,On_Time
2023-08-27,福岡県,大阪府,Refrigerated,6.1,On_Time
2023-05-21,広島県,宮城県,Refrigerated,9.0,Delayed
2023-05-15,北海道,東京都,Light_Van,7.6,Completed
2023-02-25,福岡県,宮城県,Large_Truck,17.0,On_Time
2023-11-23,広島県,北海道,Medium_Truck,3.5,On_Time
2023-12-07,広島県,宮城県,Large_Truck,37.1,Completed
2023-08-04,宮城県,大阪府,Light_Van,1.1,On_Time
2023-07-21,大阪府,広島県,Large_Truck,17.4,Completed
2023-09-05,福岡県,広島県,Medium_Truck,10.0,On_Time
2023-02-26,大阪府,宮城県,Large_Truck,19.3,Completed
2023-08-31,大阪府,福岡県,Refrigerated,6.6,On_Time
2023-12-17,宮城県,東京都,Medium_Truck,6.5,On_Time
2023-08-01,大阪府,宮城県,Medium_Truck,17.8,Completed
2023-09-30,宮城県,北海道,Large_Truck,8.6,Completed
2023-02-01,大阪府,広島県,Medium_Truck,23.8,Completed
2023-10-07,大阪府,東京都,Medium_Truck,20.1,On_Time
2023-09-24,宮城県,大阪府,Light_Van,14.0,Completed
2023-07-24,愛知県,大阪府,Refrigerated,17.2,On_Time
2023-10-13,大阪府,北海道,Refrigerated,12.1,Delayed
2023-07-20,宮城県,福岡県,Refrigerated,15.5,Delayed
2023-04-09,北海道,福岡県,Large_Truck,4.4,Delayed
2023-02-24,愛知県,東京都,Refrigerated,13.7,On_Time
2023-05-16,愛知県,広島県,Large_Truck,19.2,Completed
2023-01-06,東京都,福岡県,Refrigerated,10.4,On_Time
2023-08-23,宮城県,福岡県,Refrigerated,14.2,Delayed
2023-05-12,北海道,東京都,Refrigerated,15.6,On_Time
2023-12-16,北海道,大阪府,Light_Van,15.3,Completed
2023-05-11,愛知県,東京都,Medium_Truck,19.5,On_Time
2023-10-14,福岡県,愛知県,Light_Van,14.3,On_Time
2023-05-09,福岡県,東京都,Large_Truck,2.5,Delayed
2023-12-08,北海道,福岡県,Medium_Truck,21.6,On_Time
2023-01-13,福岡県,宮城県,Light_Van,15.5,Delayed
2023-06-02,宮城県,福岡県,Light_Van,7.4,Completed
2023-01-06,宮城県,愛知県,Large_Truck,5.8,Delayed
2024-01-14,福岡県,北海道,Light_Van,18.2,Completed
2023-06-16,北海道,福岡県,Refrigerated,20.0,Delayed
2023-10-12,愛知県,北海道,Refrigerated,10.1,Delayed
2023-07-11,北海道,広島県,Light_Van,5.5,Completed
2023-11-29,宮城県,広島県,Medium_Truck,6.1,Completed
2023-12-21,北海道,大阪府,Light_Van,21.7,Delayed
2023-03-24,愛知県,宮城県,Light_Van,21.0,Completed
2023-08-06,広島県,福岡県,Large_Truck,11.5,Completed
2023-08-29,広島県,北海道,Medium_Truck,22.4,On_Time
2023-10-01,大阪府,東京都,Light_Van,20.6,On_Time
2024-01-22,東京都,北海道,Light_Van,2.4,On_Time
2023-05-08,東京都,大阪府,Large_Truck,7.9,On_Time
2023-12-11,宮城県,東京都,Light_Van,3.0,Completed
2023-10-02,福岡県,大阪府,Light_Van,23.6,On_Time
2024-01-27,福岡県,宮城県,Refrigerated,7.7,On_Time
2023-12-02,東京都,広島県,Large_Truck,6.2,On_Time
2023-06-28,愛知県,広島県,Medium_Truck,13.6,Completed
2023-01-29,宮城県,北海道,Light_Van,23.6,Delayed
2024-01-04,北海道,東京都,Light_Van,12.6,Delayed
2023-09-26,福岡県,愛知県,Large_Truck,19.3,Delayed
2023-08-04,広島県,福岡県,Light_Van,14.8,Delayed
2023-12-29,東京都,宮城県,Large_Truck,13.1,Delayed
2023-07-24,広島県,宮城県,Light_Van,19.1,Delayed
2023-06-07,広島県,北海道,Medium_Truck,18.3,Completed
2023-10-17,広島県,愛知県,Medium_Truck,4.6,Delayed
2023-03-25,宮城県,愛知県,Light_Van,26.4,Delayed
2023-04-13,北海道,福岡県,Medium_Truck,3.1,Completed
2023-09-19,愛知県,北海道,Large_Truck,3.1,Delayed
2023-04-03,福岡県,宮城県,Medium_Truck,10.4,On_Time
2023-10-24,広島県,大阪府,Light_Van,3.5,Completed
2024-01-19,宮城県,広島県,Refrigerated,22.3,Completed
2023-09-04,大阪府,広島県,Light_Van,21.9,Delayed
2023-07-02,東京都,広島県,Medium_Truck,6.5,Completed
2023-04-01,広島県,東京都,Large_Truck,9.4,Delayed
2023-08-27,北海道,東京都,Light_Van,7.7,Completed
2023-05-17,東京都,福岡県,Light_Van,16.0,Completed
2023-11-07,広島県,宮城県,Large_Truck,19.9,Completed
2023-12-06,大阪府,愛知県,Large_Truck,37.0,On_Time
2023-02-15,福岡県,東京都,Medium_Truck,17.1,On_Time
2023-09-20,大阪府,北海道,Light_Van,2.5,Delayed
2023-06-28,宮城県,愛知県,Refrigerated,15.0,Delayed
2023-01-31,広島県,愛知県,Medium_Truck,16.1,On_Time
2023-08-03,東京都,北海道,Medium_Truck,1.4,Completed
2023-04-11,福岡県,北海道,Refrigerated,10.9,Delayed
2023-03-22,広島県,大阪府,Light_Van,8.7,On_Time
2024-01-29,大阪府,宮城県,Large_Truck,14.6,Delayed
2023-11-22,大阪府,東京都,Large_Truck,16.5,Completed
2023-08-13,宮城県,大阪府,Refrigerated,5.2,On_Time
2023-05-09,東京都,大阪府,Medium_Truck,3.3,Delayed
2023-01-11,福岡県,愛知県,Refrigerated,19.5,Completed
2023-10-11,北海道,宮城県,Light_Van,18.8,On_Time
2023-07-18,宮城県,大阪府,Light_Van,7.5,Completed
2023-01-09,広島県,宮城県,Refrigerated,16.1,Delayed
2023-05-05,愛知県,東京都,Medium_Truck,22.5,On_Time
2023-10-23,宮城県,大阪府,Refrigerated,21.5,On_Time
2023-04-03,宮城県,福岡県,Large_Truck,20.2,Delayed
2023-07-12,北海道,福岡県,Light_Van,13.5,Completed
2023-11-11,大阪府,愛知県,Medium_Truck,21.8,On_Time
2023-01-22,広島県,北海道,Medium_Truck,1.7,On_Time
2023-06-25,福岡県,宮城県,Refrigerated,18.8,On_Time
2023-07-31,福岡県,愛知県,Medium_Truck,11.6,Completed
2023-07-25,北海道,大阪府,Light_Van,15.5,On_Time
2023-02-08,東京都,大阪府,Medium_Truck,14.7,Completed
2023-09-01,北海道,愛知県,Light_Van,22.9,Delayed
2023-07-22,広島県,福岡県,Light_Van,1.5,Delayed
2023-06-02,北海道,東京都,Medium_Truck,19.9,Completed
2023-06-27,愛知県,大阪府,Large_Truck,19.1,Delayed
2023-06-24,愛知県,福岡県,Refrigerated,17.0,Delayed
2023-07-05,広島県,大阪府,Medium_Truck,8.1,Delayed
2023-11-15,福岡県,北海道,Large_Truck,1.3,On_Time
2023-11-12,東京都,北海道,Refrigerated,11.2,Completed
2023-01-12,宮城県,東京都,Light_Van,6.1,Delayed
2023-05-21,東京都,北海道,Medium_Truck,16.8,Delayed
2023-10-08,福岡県,東京都,Medium_Truck,24.0,Completed
2023-02-05,大阪府,東京都,Light_Van,20.5,Delayed
2023-06-21,広島県,北海道,Medium_Truck,11.7,Completed
2023-10-12,広島県,福岡県,Medium_Truck,10.4,Delayed
2023-12-08,東京都,福岡県,Refrigerated,25.5,Delayed
2023-09-19,東京都,北海道,Refrigerated,22.6,Delayed
2023-06-20,愛知県,広島県,Light_Van,7.8,Completed
2023-04-14,福岡県,広島県,Light_Van,8.6,On_Time
2023-08-04,宮城県,愛知県,Medium_Truck,6.4,On_Time
2024-01-08,宮城県,福岡県,Light_Van,21.5,On_Time
2023-01-18,宮城県,北海道,Refrigerated,17.1,Delayed
2023-06-09,愛知県,宮城県,Medium_Truck,13.8,Completed
2023-11-24,広島県,北海道,Large_Truck,12.8,On_Time
2023-03-01,宮城県,福岡県,Refrigerated,31.7,On_Time
2023-12-06,福岡県,東京都,Medium_Truck,31.4,Completed
2023-05-23,北海道,広島県,Refrigerated,6.1,Delayed
2024-01-03,広島県,東京都,Large_Truck,15.6,Delayed
2023-03-04,愛知県,東京都,Refrigerated,19.8,On_Time
2023-05-14,福岡県,北海道,Refrigerated,8.2,On_Time
2023-04-04,宮城県,大阪府,Large_Truck,17.4,Delayed
2023-06-29,大阪府,広島県,Refrigerated,12.0,Completed
2023-12-08,広島県,北海道,Medium_Truck,10.6,On_Time
2023-10-24,宮城県,東京都,Light_Van,5.9,Completed
2024-01-07,東京都,愛知県,Refrigerated,21.0,On_Time
2024-01-16,愛知県,東京都,Large_Truck,3.1,On_Time
2023-12-15,大阪府,福岡県,Large_Truck,21.8,Completed
2023-02-24,広島県,大阪府,Large_Truck,17.4,On_Time
2023-02-23,東京都,福岡県,Medium_Truck,8.3,Delayed
2023-10-16,北海道,愛知県,Medium_Truck,12.7,Completed
2023-02-28,愛知県,宮城県,Refrigerated,4.2,Delayed
2023-11-11,広島県,福岡県,Large_Truck,3.9,Completed
2023-01-14,広島県,宮城県,Light_Van,16.8,Completed
2023-12-08,東京都,広島県,Light_Van,8.5,Delayed
2024-01-20,広島県,福岡県,Light_Van,16.4,Completed
2023-12-09,東京都,北海道,Light_Van,30.1,Completed
2023-02-05,大阪府,福岡県,Large_Truck,9.9,Delayed
2023-04-04,広島県,東京都,Light_Van,8.4,On_Time
2023-07-13,宮城県,北海道,Refrigerated,9.4,Completed
2023-05-22,北海道,東京都,Large_Truck,8.0,Completed
2023-09-26,広島県,大阪府,Medium_Truck,1.4,Completed
2023-01-29,愛知県,宮城県,Light_Van,8.2,On_Time
2023-11-22,宮城県,福岡県,Large_Truck,4.6,Completed
2023-12-09,大阪府,福岡県,Refrigerated,20.3,On_Time
2023-05-01,大阪府,広島県,Refrigerated,8.0,On_Time
2023-05-24,大阪府,広島県,Light_Van,20.2,Delayed
2023-01-13,愛知県,大阪府,Refrigerated,10.6,Completed
2023-02-05,福岡県,大阪府,Large_Truck,6.4,Delayed
2023-01-09,福岡県,宮城県,Medium_Truck,13.7,On_Time
2023-06-02,大阪府,東京都,Refrigerated,10.0,Delayed
2023-01-09,東京都,大阪府,Large_Truck,5.2,Delayed
2023-08-14,大阪府,宮城県,Refrigerated,18.5,Completed
2023-04-04,北海道,福岡県,Large_Truck,12.8,Delayed
2023-06-25,愛知県,福岡県,Medium_Truck,18.5,Delayed
2023-11-30,広島県,宮城県,Light_Van,9.0,Delayed
2023-01-06,宮城県,大阪府,Refrigerated,3.4,Delayed
2023-05-08,北海道,宮城県,Refrigerated,9.6,Delayed
2023-08-03,福岡県,大阪府,Large_Truck,2.9,On_Time
2023-06-05,福岡県,広島県,Refrigerated,15.5,Delayed
2023-04-04,愛知県,宮城県,Medium_Truck,24.7,On_Time
2023-12-27,愛知県,広島県,Large_Truck,4.2,Delayed
2024-01-23,北海道,福岡県,Medium_Truck,18.3,Delayed
2023-01-22,宮城県,大阪府,Large_Truck,10.6,On_Time
2023-08-30,大阪府,福岡県,Light_Van,19.8,Delayed
2024-01-16,北海道,広島県,Large_Truck,1.6,Completed
2023-05-18,大阪府,愛知県,Medium_Truck,17.9,Completed
2023-05-10,宮城県,福岡県,Light_Van,13.1,Delayed
2023-10-20,東京都,宮城県,Refrigerated,4.3,Completed
2023-12-31,愛知県,大阪府,Light_Van,29.6,Delayed
2023-12-13,広島県,宮城県,Large_Truck,8.7,On_Time
2023-02-22,東京都,宮城県,Light_Van,15.4,Delayed
2023-06-12,大阪府,福岡県,Refrigerated,19.2,On_Time
2023-01-30,宮城県,東京都,Refrigerated,9.2,Completed
2023-08-13,福岡県,宮城県,Light_Van,17.4,On_Time
2023-07-23,愛知県,宮城県,Large_Truck,9.7,On_Time
2023-06-01,東京都,宮城県,Medium_Truck,1.3,On_Time
2023-06-23,愛知県,東京都,Light_Van,13.8,Completed
2023-03-24,東京都,広島県,Large_Truck,7.3,Delayed
2023-03-13,北海道,広島県,Medium_Truck,3.4,Completed
2023-07-24,北海道,広島県,Refrigerated,15.7,On_Time
2023-12-18,北海道,宮城県,Medium_Truck,7.1,On_Time
2023-06-20,広島県,福岡県,Refrigerated,21.8,Delayed
2023-12-20,大阪府,愛知県,Large_Truck,17.6,Delayed
2023-05-02,広島県,愛知県,Light_Van,19.4,Completed
2023-02-12,愛知県,東京都,Refrigerated,7.9,Completed
2023-07-16,東京都,大阪府,Refrigerated,17.5,Delayed
2023-02-17,宮城県,広島県,Large_Truck,4.0,On_Time
2023-08-23,広島県,宮城県,Medium_Truck,20.8,On_Time
2024-01-12,福岡県,北海道,Large_Truck,14.8,Delayed
2024-01-01,宮城県,北海道,Light_Van,15.6,Completed
2023-09-29,大阪府,東京都,Light_Van,4.4,On_Time
2023-08-07,東京都,広島県,Refrigerated,1.7,Delayed
2023-05-03,北海道,福岡県,Large_Truck,7.6,Completed
2023-05-24,宮城県,北海道,Medium_Truck,8.1,On_Time
2023-04-25,広島県,福岡県,Light_Van,5.3,Completed
2023-09-30,北海道,東京都,Light_Van,13.9,On_Time
2024-01-13,東京都,愛知県,Medium_Truck,7.6,Delayed
2023-09-23,愛知県,東京都,Refrigerated,1.9,Completed
2023-05-04,大阪府,北海道,Large_Truck,16.0,On_Time
2023-08-16,北海道,広島県,Large_Truck,16.5,Delayed
2023-03-02,福岡県,北海道,Large_Truck,31.1,Delayed
2024-01-17,北海道,福岡県,Light_Van,12.2,Delayed
2023-05-13,愛知県,東京都,Refrigerated,4.9,Delayed
2023-07-31,福岡県,北海道,Large_Truck,11.9,Completed
2023-05-23,北海道,福岡県,Large_Truck,6.6,Completed
2023-12-23,大阪府,愛知県,Light_Van,1.8,Delayed
2023-02-02,宮城県,愛知県,Large_Truck,19.3,Completed
2023-02-09,東京都,大阪府,Light_Van,23.7,Completed
2023-05-10,大阪府,北海道,Refrigerated,15.6,Delayed
2023-03-24,大阪府,愛知県,Large_Truck,35.4,Delayed
2023-11-24,愛知県,北海道,Light_Van,13.8,Completed
2024-01-07,大阪府,北海道,Large_Truck,19.8,Completed
2023-12-22,北海道,愛知県,Large_Truck,34.6,Completed
2023-04-19,北海道,宮城県,Large_Truck,23.6,On_Time
2023-05-01,福岡県,北海道,Large_Truck,18.6,Completed
2023-04-18,福岡県,愛知県,Large_Truck,20.6,Completed
2023-07-06,大阪府,福岡県,Medium_Truck,14.7,Completed
2023-05-12,大阪府,北海道,Refrigerated,4.6,Completed
2023-07-30,愛知県,北海道,Large_Truck,8.0,Completed
2023-05-27,広島県,福岡県,Light_Van,3.3,Completed
2023-02-03,北海道,宮城県,Refrigerated,21.6,On_Time
2023-08-04,愛知県,北海道,Refrigerated,3.3,On_Time
2023-07-31,広島県,東京都,Medium_Truck,6.5,On_Time
2023-04-15,広島県,東京都,Large_Truck,19.6,On_Time
2023-02-20,東京都,広島県,Medium_Truck,15.7,Completed
2023-03-05,愛知県,宮城県,Large_Truck,5.5,Completed
2023-07-03,愛知県,北海道,Light_Van,19.8,Completed
2023-09-14,宮城県,大阪府,Large_Truck,21.6,Completed
2023-01-08,東京都,愛知県,Medium_Truck,6.3,On_Time
2024-01-26,福岡県,大阪府,Refrigerated,21.5,Delayed
2023-03-08,宮城県,福岡県,Medium_Truck,3.2,Completed
2023-04-27,愛知県,東京都,Medium_Truck,18.5,Completed
2023-08-13,東京都,宮城県,Light_Van,1.2,Completed
2023-06-22,福岡県,広島県,Medium_Truck,15.7,Delayed
2023-09-09,宮城県,福岡県,Large_Truck,11.6,Completed
2023-05-04,愛知県,福岡県,Refrigerated,9.1,Completed
2023-11-20,北海道,福岡県,Refrigerated,11.2,On_Time
2023-10-31,宮城県,北海道,Large_Truck,20.0,Completed
2023-01-12,福岡県,愛知県,Light_Van,6.8,Delayed
2023-06-19,愛知県,福岡県,Refrigerated,7.7,Completed
2023-03-17,愛知県,東京都,Large_Truck,4.6,Delayed
2023-02-19,広島県,北海道,Light_Van,7.9,On_Time
2023-07-19,北海道,福岡県,Large_Truck,8.1,On_Time
2023-12-27,広島県,大阪府,Refrigerated,37.3,On_Time
2024-01-04,東京都,福岡県,Light_Van,5.0,Completed
2024-01-03,北海道,大阪府,Light_Van,16.0,On_Time
2023-01-06,広島県,東京都,Light_Van,8.9,Completed
2023-12-31,東京都,愛知県,Large_Truck,9.2,Delayed
2023-12-10,宮城県,福岡県,Light_Van,34.8,Delayed
2023-01-17,東京都,愛知県,Medium_Truck,18.1,Delayed
2023-04-12,愛知県,福岡県,Large_Truck,12.9,On_Time
2023-03-24,東京都,広島県,Refrigerated,37.2,Delayed
2023-08-02,大阪府,愛知県,Medium_Truck,23.2,Completed
2023-09-17,愛知県,広島県,Large_Truck,24.0,On_Time
2023-11-06,大阪府,東京都,Large_Truck,15.1,Completed
2023-02-21,北海道,広島県,Light_Van,23.2,Completed
2023-04-20,北海道,広島県,Medium_Truck,22.0,Delayed
2023-06-20,福岡県,広島県,Large_Truck,15.1,Completed
2023-03-13,東京都,北海道,Refrigerated,21.1,Completed
2023-03-28,広島県,愛知県,Refrigerated,13.9,Completed
2023-08-13,宮城県,愛知県,Large_Truck,22.1,Delayed
2023-09-17,愛知県,福岡県,Medium_Truck,9.5,On_Time
2023-06-14,広島県,福岡県,Large_Truck,9.4,On_Time
2023-11-24,広島県,東京都,Large_Truck,18.8,Completed
2024-01-09,宮城県,福岡県,Medium_Truck,15.5,On_Time
2023-01-05,宮城県,福岡県,Medium_Truck,3.2,On_Time
2023-09-02,広島県,福岡県,Large_Truck,5.7,Completed
2023-08-18,愛知県,北海道,Refrigerated,4.7,Delayed
2023-04-17,広島県,愛知県,Medium_Truck,22.2,Delayed
2023-03-04,広島県,宮城県,Medium_Truck,37.4,Completed
2023-11-02,広島県,大阪府,Light_Van,13.0,On_Time
2023-03-06,宮城県,大阪府,Light_Van,29.9,Delayed
2023-05-23,大阪府,宮城県,Medium_Truck,6.0,On_Time
2023-05-12,大阪府,東京都,Medium_Truck,19.6,On_Time
2023-01-05,宮城県,大阪府,Refrigerated,25.0,Delayed
2023-03-27,宮城県,東京都,Large_Truck,13.6,On_Time
2023-05-11,東京都,大阪府,Light_Van,17.8,Delayed
2023-12-21,福岡県,大阪府,Large_Truck,37.2,On_Time
2023-11-10,宮城県,広島県,Medium_Truck,11.7,Completed
2023-07-22,愛知県,東京都,Light_Van,2.4,On_Time
2023-04-21,愛知県,東京都,Refrigerated,15.3,Delayed
2023-07-01,宮城県,大阪府,Medium_Truck,18.5,Completed
2023-11-08,東京都,広島県,Light_Van,19.2,On_Time
2023-04-12,宮城県,広島県,Light_Van,16.9,Delayed
2023-07-02,広島県,大阪府,Light_Van,5.4,On_Time
2023-01-10,福岡県,宮城県,Medium_Truck,18.6,On_Time
2023-03-19,大阪府,東京都,Refrigerated,34.7,Delayed
2023-08-06,大阪府,福岡県,Medium_Truck,14.8,Completed
2023-05-15,北海道,東京都,Large_Truck,22.2,Completed
2023-02-04,北海道,東京都,Refrigerated,20.4,Delayed
2023-06-01,広島県,福岡県,Light_Van,19.3,Delayed
2023-10-26,宮城県,北海道,Light_Van,22.2,On_Time
2023-01-29,宮城県,大阪府,Large_Truck,1.4,On_Time
2023-11-24,宮城県,北海道,Medium_Truck,7.1,Completed
2023-07-04,宮城県,広島県,Refrigerated,4.5,Completed
2023-10-19,宮城県,広島県,Light_Van,24.8,On_Time
2023-04-20,北海道,大阪府,Medium_Truck,10.8,Completed
2023-11-15,大阪府,東京都,Refrigerated,6.6,On_Time
2023-04-06,宮城県,北海道,Light_Van,7.2,On_Time
2023-04-06,東京都,宮城県,Medium_Truck,17.8,Delayed
2023-09-25,大阪府,広島県,Refrigerated,19.6,On_Time
2023-02-11,東京都,大阪府,Refrigerated,13.6,Completed
2023-05-15,福岡県,広島県,Refrigerated,19.2,Delayed
2023-12-04,東京都,広島県,Large_Truck,30.8,Delayed
2023-09-24,東京都,北海道,Light_Van,18.0,Completed
2024-02-02,北海道,宮城県,Light_Van,23.4,Completed
2023-07-28,大阪府,北海道,Medium_Truck,25.0,Delayed
2023-01-12,大阪府,北海道,Large_Truck,1.7,Delayed
2023-07-15,東京都,福岡県,Large_Truck,7.6,On_Time
2023-10-06,愛知県,福岡県,Large_Truck,19.9,Completed
2024-02-04,宮城県,北海道,Large_Truck,14.9,Completed
2024-01-31,北海道,大阪府,Medium_Truck,17.7,On_Time
2023-08-12,北海道,宮城県,Light_Van,7.7,On_Time
2023-09-25,東京都,福岡県,Refrigerated,20.6,Completed
2023-02-24,北海道,東京都,Light_Van,23.7,On_Time
2023-03-16,福岡県,東京都,Refrigerated,10.5,Completed
2023-11-29,宮城県,東京都,Refrigerated,20.7,On_Time
2023-12-20,北海道,広島県,Refrigerated,28.9,Delayed
2023-02-02,福岡県,北海道,Large_Truck,12.4,On_Time
2023-08-31,愛知県,北海道,Light_Van,7.4,Delayed
2023-06-08,東京都,福岡県,Refrigerated,5.8,On_Time
2023-10-03,広島県,北海道,Light_Van,18.2,Delayed
2023-01-27,広島県,大阪府,Refrigerated,17.8,On_Time
2023-09-18,大阪府,福岡県,Light_Van,20.0,On_Time
2024-01-28,大阪府,東京都,Large_Truck,24.7,Delayed
2023-03-06,東京都,福岡県,Refrigerated,18.1,Completed
2023-07-23,大阪府,北海道,Large_Truck,5.2,Completed
2023-01-03,大阪府,北海道,Large_Truck,6.8,On_Time
2023-07-06,北海道,東京都,Medium_Truck,14.3,Delayed
2023-08-14,愛知県,広島県,Refrigerated,17.1,Delayed
2023-09-23,宮城県,広島県,Medium_Truck,19.2,Completed
2023-03-26,宮城県,福岡県,Refrigerated,17.2,Delayed
2023-09-10,愛知県,大阪府,Refrigerated,8.1,Completed
2023-01-22,福岡県,大阪府,Refrigerated,10.2,Completed
2023-09-30,福岡県,東京都,Refrigerated,3.2,Completed
2023-09-13,広島県,宮城県,Large_Truck,5.2,Delayed
2023-11-24,東京都,愛知県,Large_Truck,9.9,Delayed
2023-08-23,宮城県,大阪府,Refrigerated,14.4,Delayed
2023-06-19,北海道,愛知県,Large_Truck,16.8,Completed
2023-05-07,愛知県,東京都,Light_Van,8.3,Completed
2023-11-13,大阪府,愛知県,Large_Truck,12.1,Delayed
2023-03-03,宮城県,北海道,Medium_Truck,5.3,Completed
2023-10-21,東京都,愛知県,Medium_Truck,12.0,Completed
2024-01-25,愛知県,北海道,Medium_Truck,3.5,Delayed
2023-02-18,北海道,大阪府,Medium_Truck,9.5,Completed
2023-05-29,宮城県,大阪府,Refrigerated,2.4,On_Time
2023-12-31,愛知県,福岡県,Medium_Truck,17.3,Completed
2023-09-15,大阪府,北海道,Medium_Truck,4.9,On_Time
2023-06-25,宮城県,北海道,Large_Truck,11.2,Completed
2023-07-03,大阪府,東京都,Large_Truck,10.1,On_Time
2023-06-05,広島県,福岡県,Large_Truck,21.4,Completed
2023-11-22,福岡県,宮城県,Large_Truck,1.1,On_Time
2023-10-04,愛知県,福岡県,Light_Van,23.7,Delayed
2023-01-15,大阪府,福岡県,Large_Truck,22.3,Completed
2023-04-28,北海道,愛知県,Light_Van,17.7,Completed
2023-05-30,宮城県,広島県,Refrigerated,6.6,On_Time
2023-03-12,大阪府,東京都,Light_Van,4.5,On_Time
2023-09-02,愛知県,広島県,Light_Van,22.7,On_Time
2024-01-02,愛知県,広島県,Refrigerated,9.6,Completed
2023-11-09,北海道,東京都,Light_Van,15.6,Delayed
2024-01-22,北海道,東京都,Large_Truck,15.2,On_Time
2023-11-11,北海道,大阪府,Medium_Truck,13.1,Delayed
2023-03-16,宮城県,福岡県,Light_Van,18.5,On_Time
2023-12-11,広島県,東京都,Refrigerated,36.8,Delayed
2023-08-15,東京都,愛知県,Large_Truck,13.2,Delayed
2024-01-09,東京都,北海道,Medium_Truck,14.7,Completed
2023-12-24,宮城県,愛知県,Medium_Truck,31.3,Delayed
2023-10-28,東京都,福岡県,Medium_Truck,13.0,Delayed
2023-10-06,北海道,福岡県,Large_Truck,18.9,Completed
2023-07-22,広島県,愛知県,Large_Truck,6.0,Completed
2023-09-02,北海道,大阪府,Medium_Truck,6.7,Delayed
2023-05-20,広島県,大阪府,Medium_Truck,8.6,On_Time
2023-01-21,広島県,福岡県,Medium_Truck,21.4,On_Time
2023-11-13,愛知県,広島県,Refrigerated,22.3,Completed
2023-10-12,大阪府,愛知県,Light_Van,24.4,Delayed
2023-01-20,広島県,東京都,Large_Truck,9.7,Completed
2023-12-15,大阪府,福岡県,Medium_Truck,35.6,On_Time
2023-11-19,宮城県,福岡県,Large_Truck,3.0,On_Time
2023-07-12,北海道,大阪府,Large_Truck,9.0,On_Time
2023-12-21,福岡県,大阪府,Large_Truck,27.4,Delayed
2023-08-09,宮城県,大阪府,Large_Truck,13.9,Completed
2023-03-09,北海道,宮城県,Light_Van,13.1,On_Time
2023-09-25,大阪府,愛知県,Large_Truck,16.5,Completed
2023-03-27,宮城県,福岡県,Large_Truck,36.2,Completed
2023-02-21,広島県,大阪府,Large_Truck,22.7,On_Time
2023-10-30,大阪府,福岡県,Refrigerated,2.8,Delayed
2023-06-26,大阪府,愛知県,Light_Van,22.0,Delayed
2024-01-03,広島県,東京都,Light_Van,12.6,Delayed
2023-03-13,福岡県,北海道,Medium_Truck,11.1,Delayed
2023-02-21,愛知県,東京都,Large_Truck,8.5,Delayed
2023-08-10,広島県,北海道,Refrigerated,16.7,Delayed
2024-01-21,広島県,北海道,Medium_Truck,2.1,Delayed
2023-07-31,北海道,福岡県,Light_Van,15.2,Completed
2023-01-26,福岡県,広島県,Refrigerated,7.8,On_Time
2023-01-20,愛知県,福岡県,Large_Truck,20.4,Delayed
2024-01-27,宮城県,北海道,Medium_Truck,11.3,Completed
2023-01-27,東京都,北海道,Refrigerated,7.5,Delayed
2023-08-18,福岡県,大阪府,Large_Truck,21.6,On_Time
2023-01-09,広島県,宮城県,Light_Van,5.5,Completed
2023-01-06,愛知県,大阪府,Light_Van,7.5,Completed
2023-09-26,愛知県,北海道,Refrigerated,21.0,On_Time
2023-08-06,愛知県,宮城県,Light_Van,22.0,Completed
2023-09-09,北海道,広島県,Large_Truck,6.9,Completed
2023-02-09,宮城県,広島県,Light_Van,20.9,Delayed
2023-02-15,宮城県,愛知県,Large_Truck,23.6,On_Time
2023-02-04,宮城県,愛知県,Large_Truck,22.2,Completed
2024-01-19,東京都,北海道,Medium_Truck,21.7,Delayed
2023-09-24,大阪府,福岡県,Medium_Truck,19.0,Completed
2024-01-09,北海道,宮城県,Light_Van,11.9,Completed
2023-12-15,福岡県,北海道,Medium_Truck,6.9,Delayed
2023-10-13,大阪府,宮城県,Light_Van,1.4,On_Time
2023-11-20,福岡県,東京都,Light_Van,20.0,Completed
2023-12-14,北海道,東京都,Large_Truck,24.2,On_Time
2023-12-08,大阪府,広島県,Light_Van,24.0,Delayed
2023-10-08,愛知県,宮城県,Medium_Truck,13.0,On_Time
2023-09-25,愛知県,広島県,Light_Van,20.0,Completed
2023-05-09,福岡県,北海道,Medium_Truck,22.0,Delayed
2023-12-22,愛知県,大阪府,Light_Van,4.2,On_Time
2023-05-04,北海道,東京都,Large_Truck,23.1,On_Time
2023-01-03,大阪府,福岡県,Refrigerated,8.4,On_Time
2023-09-16,愛知県,大阪府,Large_Truck,20.8,Delayed
2023-03-01,広島県,大阪府,Refrigerated,27.2,Completed
2023-01-21,北海道,東京都,Medium_Truck,10.8,Delayed
2023-12-12,広島県,東京都,Large_Truck,20.9,On_Time
2023-05-17,福岡県,広島県,Medium_Truck,8.5,Completed
2023-09-12,東京都,広島県,Medium_Truck,24.9,On_Time
2023-01-18,大阪府,東京都,Large_Truck,14.6,Delayed
2023-11-03,福岡県,広島県,Refrigerated,24.7,Delayed
2023-06-30,宮城県,広島県,Light_Van,1.9,Delayed
2023-06-13,広島県,大阪府,Refrigerated,4.5,Delayed
2023-02-09,東京都,北海道,Refrigerated,13.8,Completed
2023-08-11,宮城県,愛知県,Medium_Truck,5.6,Completed
2023-04-12,北海道,愛知県,Refrigerated,4.7,On_Time
2023-07-20,広島県,大阪府,Large_Truck,25.0,Delayed
2023-04-17,宮城県,広島県,Light_Van,23.8,Delayed
2023-07-26,福岡県,北海道,Light_Van,22.6,Delayed
2023-07-21,宮城県,東京都,Medium_Truck,8.2,Delayed
2023-04-23,大阪府,東京都,Light_Van,15.8,Delayed
2023-08-25,東京都,北海道,Medium_Truck,17.3,On_Time
2023-03-18,大阪府,福岡県,Medium_Truck,33.7,Completed
2023-07-23,北海道,宮城県,Refrigerated,9.6,On_Time
2023-01-13,大阪府,福岡県,Medium_Truck,11.3,Delayed
2023-03-10,愛知県,福岡県,Refrigerated,6.7,Completed
2023-02-08,東京都,福岡県,Medium_Truck,14.6,Completed
2023-09-05,愛知県,東京都,Refrigerated,9.3,Delayed
2023-05-26,大阪府,北海道,Medium_Truck,18.1,On_Time
2023-07-08,大阪府,愛知県,Light_Van,16.5,Delayed
2023-11-07,北海道,愛知県,Light_Van,24.3,On_Time
2023-10-13,大阪府,愛知県,Large_Truck,9.0,Delayed
2023-10-11,愛知県,福岡県,Medium_Truck,8.0,On_Time
2023-11-06,東京都,大阪府,Light_Van,6.9,Delayed
2023-03-14,東京都,北海道,Large_Truck,33.6,Completed
2023-05-23,北海道,東京都,Refrigerated,7.3,Completed
2023-12-23,愛知県,広島県,Medium_Truck,32.8,Delayed
2023-08-02,大阪府,福岡県,Light_Van,11.3,Delayed
2023-03-29,福岡県,東京都,Medium_Truck,13.1,Delayed
2023-12-02,北海道,大阪府,Large_Truck,29.7,Delayed
2023-03-09,北海道,宮城県,Medium_Truck,20.0,Delayed
2024-01-28,北海道,宮城県,Large_Truck,20.8,Completed
2023-08-17,福岡県,北海道,Refrigerated,2.7,Completed
2023-10-13,東京都,大阪府,Refrigerated,14.3,Delayed
2023-05-18,宮城県,福岡県,Medium_Truck,15.9,On_Time
2023-02-08,広島県,東京都,Medium_Truck,4.4,Completed
2023-10-30,福岡県,宮城県,Light_Van,12.5,Completed
2023-09-11,大阪府,福岡県,Light_Van,17.0,On_Time
2023-11-06,福岡県,大阪府,Refrigerated,11.4,Completed
2023-05-07,北海道,福岡県,Medium_Truck,1.2,Delayed
2023-10-16,大阪府,愛知県,Refrigerated,3.3,Completed
2023-12-15,広島県,大阪府,Medium_Truck,14.1,Completed
2023-07-21,愛知県,福岡県,Large_Truck,10.0,Completed
2023-12-15,東京都,愛知県,Medium_Truck,30.4,Delayed
2023-07-29,東京都,宮城県,Medium_Truck,17.3,Delayed
2023-04-16,福岡県,大阪府,Large_Truck,10.9,Completed
2023-09-25,福岡県,北海道,Large_Truck,10.3,Delayed
2023-09-01,広島県,東京都,Refrigerated,24.7,Completed
2023-03-03,北海道,福岡県,Medium_Truck,11.7,On_Time
2024-01-11,北海道,東京都,Refrigerated,8.2,On_Time
2023-03-17,愛知県,大阪府,Light_Van,13.2,Completed
2023-06-21,東京都,広島県,Refrigerated,8.3,Completed
2023-11-30,東京都,北海道,Large_Truck,8.9,On_Time
2023-10-19,東京都,広島県,Light_Van,7.4,On_Time
2023-01-13,東京都,北海道,Medium_Truck,3.2,On_Time
2023-01-20,東京都,宮城県,Large_Truck,8.0,Completed
2023-02-21,広島県,東京都,Refrigerated,2.9,Completed
2023-08-18,広島県,東京都,Large_Truck,17.8,On_Time
2023-06-20,愛知県,宮城県,Refrigerated,8.0,On_Time
2023-06-14,福岡県,愛知県,Medium_Truck,1.9,On_Time
2023-12-29,東京都,広島県,Light_Van,25.6,Delayed
2023-03-20,大阪府,広島県,Large_Truck,9.2,Delayed
2023-08-31,愛知県,大阪府,Large_Truck,4.1,Completed
2023-03-15,広島県,愛知県,Medium_Truck,12.3,Completed
2023-07-15,愛知県,福岡県,Large_Truck,22.1,On_Time
2024-01-29,東京都,北海道,Large_Truck,23.2,Completed
2023-01-07,東京都,広島県,Medium_Truck,22.0,Completed
2023-04-16,宮城県,北海道,Large_Truck,4.6,On_Time
2023-11-27,愛知県,宮城県,Refrigerated,10.2,Delayed
2023-07-01,広島県,北海道,Refrigerated,22.1,On_Time
2024-01-31,北海道,広島県,Large_Truck,7.4,On_Time
2023-06-06,宮城県,愛知県,Large_Truck,11.2,Completed
2023-12-26,愛知県,大阪府,Medium_Truck,15.8,Completed
2023-11-05,北海道,福岡県,Refrigerated,7.6,On_Time
2023-08-03,東京都,福岡県,Refrigerated,17.0,On_Time
2024-01-30,大阪府,福岡県,Large_Truck,3.9,On_Time
2023-10-31,愛知県,大阪府,Medium_Truck,21.3,Completed
2024-01-16,広島県,宮城県,Refrigerated,18.0,Delayed
2023-10-25,愛知県,広島県,Large_Truck,12.2,On_Time
2023-01-02,宮城県,大阪府,Light_Van,24.7,On_Time
2023-06-05,宮城県,東京都,Medium_Truck,5.9,Delayed
2023-07-28,大阪府,宮城県,Medium_Truck,11.5,Delayed
2023-02-05,愛知県,福岡県,Refrigerated,25.0,Delayed
2023-10-10,愛知県,宮城県,Light_Van,6.8,Delayed
2023-03-03,北海道,大阪府,Refrigerated,15.4,Delayed
2023-08-23,福岡県,大阪府,Refrigerated,17.8,Delayed
2023-10-27,北海道,大阪府,Large_Truck,11.5,Completed
2023-01-06,愛知県,東京都,Medium_Truck,8.6,Delayed
2023-06-28,東京都,北海道,Large_Truck,5.9,Completed
2023-08-29,愛知県,大阪府,Large_Truck,16.1,Completed
2023-03-27,福岡県,宮城県,Medium_Truck,1.9,Delayed
2024-01-17,広島県,宮城県,Light_Van,14.6,Completed
2024-01-22,北海道,大阪府,Light_Van,18.7,Completed
2023-05-27,広島県,北海道,Medium_Truck,8.0,Delayed
2023-03-09,愛知県,広島県,Light_Van,29.6,Completed
2023-08-02,北海道,広島県,Medium_Truck,15.1,Delayed
2023-02-25,宮城県,北海道,Light_Van,3.7,Delayed
2024-01-07,愛知県,福岡県,Large_Truck,22.9,Delayed
2023-11-04,東京都,宮城県,Large_Truck,23.6,Completed
2023-04-04,東京都,大阪府,Medium_Truck,6.3,Completed
2023-01-31,宮城県,大阪府,Medium_Truck,12.7,On_Time
2023-12-17,広島県,愛知県,Refrigerated,5.9,On_Time
2023-05-17,愛知県,宮城県,Refrigerated,8.8,Delayed
2023-03-13,宮城県,東京都,Medium_Truck,24.9,Delayed
2023-03-06,宮城県,福岡県,Refrigerated,22.1,On_Time
2023-08-06,愛知県,大阪府,Medium_Truck,8.8,Completed
2023-05-18,大阪府,広島県,Large_Truck,8.5,Completed
2023-01-16,大阪府,宮城県,Large_Truck,19.9,Delayed
2023-02-08,愛知県,福岡県,Large_Truck,22.1,Delayed
2023-09-01,北海道,大阪府,Light_Van,20.6,Delayed
2024-01-13,大阪府,福岡県,Light_Van,21.4,On_Time
2023-01-25,広島県,北海道,Refrigerated,7.2,On_Time
2023-02-10,愛知県,大阪府,Refrigerated,9.2,Delayed
2023-07-13,福岡県,東京都,Light_Van,17.4,Delayed
2023-06-20,宮城県,愛知県,Medium_Truck,7.9,Completed
2023-11-13,大阪府,北海道,Refrigerated,16.6,Delayed
2023-12-24,東京都,愛知県,Refrigerated,14.1,Completed
2024-01-24,東京都,福岡県,Light_Van,11.1,Delayed
2023-02-08,宮城県,愛知県,Refrigerated,9.3,Delayed
2024-01-13,大阪府,愛知県,Refrigerated,23.9,Completed
2023-02-11,東京都,宮城県,Large_Truck,1.5,Completed
2023-02-26,福岡県,愛知県,Refrigerated,4.1,On_Time
2023-04-24,東京都,広島県,Large_Truck,24.7,Delayed
2023-10-09,大阪府,宮城県,Large_Truck,19.9,On_Time
2023-12-31,福岡県,北海道,Large_Truck,15.8,Delayed
2023-11-24,大阪府,北海道,Refrigerated,3.5,Completed
2023-07-17,宮城県,東京都,Large_Truck,22.3,On_Time
2023-12-26,宮城県,東京都,Refrigerated,7.0,On_Time
2023-07-07,愛知県,東京都,Refrigerated,21.0,On_Time
2023-11-05,北海道,愛知県,Light_Van,16.0,Delayed
2024-01-09,福岡県,宮城県,Large_Truck,6.5,Completed
2023-06-01,福岡県,北海道,Medium_Truck,1.6,On_Time
2023-06-07,東京都,愛知県,Large_Truck,5.5,On_Time
2023-02-22,大阪府,広島県,Light_Van,18.9,Delayed
2023-11-20,宮城県,愛知県,Light_Van,24.7,On_Time
2023-11-30,宮城県,愛知県,Light_Van,12.1,On_Time
2023-12-31,北海道,福岡県,Medium_Truck,18.8,Completed
2023-08-04,愛知県,福岡県,Light_Van,13.8,On_Time
2023-01-03,東京都,北海道,Refrigerated,9.8,On_Time
2023-05-19,広島県,北海道,Light_Van,6.6,Completed
2023-07-04,北海道,広島県,Large_Truck,10.6,Completed
2023-11-21,福岡県,大阪府,Medium_Truck,13.1,Delayed
2023-10-11,福岡県,大阪府,Medium_Truck,24.0,On_Time
2023-05-27,福岡県,北海道,Light_Van,6.5,Delayed
2023-03-23,福岡県,広島県,Medium_Truck,12.4,Delayed
2023-09-24,福岡県,宮城県,Large_Truck,12.8,On_Time
2023-01-26,福岡県,北海道,Large_Truck,8.2,Delayed
2023-10-17,宮城県,大阪府,Light_Van,17.4,Completed
2023-12-13,広島県,大阪府,Refrigerated,27.3,On_Time
2023-01-12,大阪府,福岡県,Large_Truck,5.1,On_Time
2023-07-12,宮城県,広島県,Light_Van,12.0,On_Time
2024-01-03,愛知県,大阪府,Light_Van,21.1,Completed
2023-04-17,東京都,北海道,Light_Van,4.4,On_Time
2023-02-05,愛知県,宮城県,Refrigerated,17.6,Completed
2023-01-02,北海道,広島県,Medium_Truck,19.9,On_Time
2023-08-27,北海道,東京都,Medium_Truck,11.9,Completed
2023-12-29,東京都,広島県,Medium_Truck,7.9,Delayed
2023-05-12,北海道,大阪府,Medium_Truck,21.8,Completed
2023-06-18,宮城県,福岡県,Light_Van,15.1,Completed
2023-03-30,宮城県,大阪府,Large_Truck,25.8,Completed
2023-09-06,宮城県,愛知県,Medium_Truck,4.7,On_Time
2023-05-21,北海道,宮城県,Medium_Truck,19.5,On_Time
2023-08-25,北海道,福岡県,Light_Van,24.4,Delayed
2023-09-02,広島県,宮城県,Refrigerated,10.2,On_Time
2023-06-18,東京都,大阪府,Large_Truck,18.0,Completed
2024-01-03,大阪府,愛知県,Refrigerated,16.7,Delayed
2023-12-28,北海道,福岡県,Refrigerated,32.1,Delayed
2023-12-16,広島県,宮城県,Light_Van,12.2,Completed
2023-12-18,東京都,北海道,Large_Truck,18.5,Completed
2024-01-31,宮城県,広島県,Medium_Truck,10.0,Delayed
2023-11-04,大阪府,福岡県,Medium_Truck,1.2,Delayed
2023-06-22,宮城県,福岡県,Light_Van,6.8,On_Time
2023-01-17,大阪府,東京都,Large_Truck,9.4,Delayed
2023-12-13,福岡県,大阪府,Medium_Truck,2.6,Delayed
2023-07-30,大阪府,広島県,Medium_Truck,17.3,Completed
2023-02-24,広島県,福岡県,Refrigerated,20.7,On_Time
2023-12-20,宮城県,広島県,Large_Truck,2.6,On_Time
2023-09-05,北海道,大阪府,Refrigerated,18.0,Completed
2023-07-03,東京都,福岡県,Refrigerated,18.1,On_Time
2023-09-06,愛知県,宮城県,Refrigerated,9.6,On_Time
2023-05-05,北海道,広島県,Medium_Truck,19.2,Delayed
2023-10-05,宮城県,大阪府,Refrigerated,21.5,On_Time
2023-12-02,福岡県,東京都,Large_Truck,2.6,Completed
2023-12-28,東京都,広島県,Refrigerated,37.2,Delayed
2023-07-09,北海道,宮城県,Large_Truck,7.3,Completed
2023-05-05,北海道,広島県,Refrigerated,7.0,Completed
2023-04-21,北海道,福岡県,Refrigerated,2.9,Delayed
2023-07-28,宮城県,福岡県,Light_Van,1.6,Delayed
2023-05-25,広島県,大阪府,Refrigerated,23.6,On_Time
2023-10-03,広島県,大阪府,Refrigerated,5.3,On_Time
2023-05-06,大阪府,愛知県,Medium_Truck,12.3,Delayed
2023-11-09,福岡県,大阪府,Medium_Truck,24.2,On_Time
2023-01-06,宮城県,広島県,Medium_Truck,16.1,Completed
2023-11-12,広島県,北海道,Light_Van,8.9,On_Time
2023-10-02,広島県,大阪府,Medium_Truck,10.8,Delayed
2023-05-08,広島県,愛知県,Large_Truck,19.0,On_Time
2023-05-17,北海道,福岡県,Refrigerated,12.6,Delayed
2023-12-24,宮城県,広島県,Large_Truck,36.1,Completed
2023-08-27,宮城県,広島県,Large_Truck,22.4,Delayed
2024-02-04,大阪府,愛知県,Medium_Truck,6.0,On_Time
2023-11-25,広島県,北海道,Medium_Truck,2.1,On_Time
2023-06-16,東京都,大阪府,Medium_Truck,20.0,On_Time
2023-08-20,福岡県,北海道,Light_Van,1.0,Completed
2023-09-14,東京都,宮城県,Medium_Truck,15.1,Completed
2023-02-09,東京都,福岡県,Light_Van,20.1,Completed
2023-09-19,広島県,愛知県,Refrigerated,11.3,Completed
2023-06-02,広島県,愛知県,Medium_Truck,2.2,Completed
2023-10-04,愛知県,北海道,Medium_Truck,1.2,Completed
2023-03-16,北海道,福岡県,Medium_Truck,11.2,Delayed
2023-06-09,北海道,宮城県,Large_Truck,4.5,Delayed
2023-12-08,大阪府,北海道,Large_Truck,11.9,On_Time
2023-11-25,東京都,広島県,Light_Van,24.1,On_Time
2023-10-13,北海道,愛知県,Light_Van,14.5,On_Time
2023-01-27,福岡県,東京都,Medium_Truck,9.7,On_Time
2023-08-08,北海道,広島県,Refrigerated,5.9,Completed
2023-12-20,愛知県,東京都,Light_Van,15.9,On_Time
2023-12-06,大阪府,宮城県,Medium_Truck,36.4,Completed
2023-09-07,大阪府,北海道,Medium_Truck,24.4,On_Time
2023-03-12,大阪府,宮城県,Medium_Truck,12.8,On_Time
2023-10-26,宮城県,愛知県,Medium_Truck,4.0,On_Time
2023-12-06,宮城県,東京都,Medium_Truck,2.7,Completed
2023-06-06,愛知県,東京都,Light_Van,3.3,Delayed
2024-01-14,大阪府,広島県,Light_Van,9.5,Completed
2024-01-25,大阪府,東京都,Medium_Truck,4.7,Delayed
2023-05-02,福岡県,愛知県,Light_Van,9.4,Completed
2023-08-08,北海道,宮城県,Light_Van,12.9,Completed
2023-02-01,愛知県,福岡県,Large_Truck,14.8,On_Time
2023-08-14,宮城県,愛知県,Large_Truck,2.7,On_Time
2023-02-28,愛知県,大阪府,Medium_Truck,23.6,Delayed
2023-09-24,大阪府,愛知県,Refrigerated,1.3,Delayed
2023-01-15,大阪府,広島県,Light_Van,19.9,Delayed
2023-10-05,北海道,大阪府,Medium_Truck,21.8,On_Time
2023-08-07,東京都,大阪府,Refrigerated,24.8,On_Time
2023-04-01,北海道,東京都,Medium_Truck,6.5,Delayed
2024-02-05,北海道,福岡県,Medium_Truck,14.3,Delayed
2023-01-02,広島県,大阪府,Refrigerated,2.7,On_Time
2023-03-11,福岡県,東京都,Refrigerated,17.1,On_Time
2024-01-25,広島県,宮城県,Refrigerated,19.5,On_Time
2023-07-11,北海道,東京都,Medium_Truck,2.7,Completed
2023-12-20,広島県,愛知県,Light_Van,3.2,On_Time
2023-12-28,福岡県,東京都,Large_Truck,4.2,Delayed
2023-12-23,福岡県,愛知県,Medium_Truck,9.9,On_Time
2023-08-21,北海道,広島県,Medium_Truck,5.7,Completed
2023-10-08,大阪府,東京都,Large_Truck,13.6,On_Time
2023-02-15,福岡県,北海道,Large_Truck,21.2,Delayed
2023-06-18,東京都,福岡県,Refrigerated,12.0,On_Time
2023-06-09,北海道,大阪府,Refrigerated,23.8,Delayed
2023-06-23,宮城県,大阪府,Refrigerated,16.4,Completed
2023-03-01,東京都,広島県,Refrigerated,33.1,On_Time
2023-01-19,福岡県,東京都,Large_Truck,3.2,Completed
2023-12-17,北海道,大阪府,Light_Van,1.9,Completed
2023-05-06,宮城県,大阪府,Medium_Truck,10.9,Completed
2023-06-22,福岡県,大阪府,Light_Van,8.1,Delayed
2023-02-20,広島県,愛知県,Refrigerated,11.0,Delayed
2023-08-10,北海道,東京都,Light_Van,11.5,Delayed
2023-03-29,福岡県,広島県,Light_Van,32.1,On_Time
2023-10-19,東京都,愛知県,Medium_Truck,2.6,Completed
2023-05-15,東京都,福岡県,Light_Van,6.7,On_Time
2023-04-27,広島県,福岡県,Light_Van,14.7,Completed
2024-01-07,愛知県,広島県,Medium_Truck,14.8,On_Time
2023-05-16,広島県,北海道,Medium_Truck,24.8,On_Time
2023-11-18,北海道,福岡県,Medium_Truck,21.0,Delayed
2023-01-12,広島県,北海道,Refrigerated,16.5,Delayed
2023-05-17,愛知県,宮城県,Medium_Truck,6.3,Completed
2023-08-23,愛知県,福岡県,Light_Van,20.0,Delayed
2023-09-25,愛知県,宮城県,Large_Truck,15.4,Delayed
2023-06-10,東京都,福岡県,Refrigerated,15.2,Completed
2023-12-01,大阪府,東京都,Light_Van,24.5,Completed
2023-06-27,宮城県,広島県,Medium_Truck,18.0,Delayed
2023-11-13,大阪府,広島県,Light_Van,14.1,Delayed
2023-07-03,福岡県,東京都,Large_Truck,2.5,On_Time
2023-10-06,愛知県,大阪府,Refrigerated,8.8,Completed
2023-05-23,宮城県,北海道,Medium_Truck,11.1,Delayed
2023-07-02,北海道,愛知県,Refrigerated,18.0,Delayed
2023-04-29,広島県,宮城県,Large_Truck,19.8,Completed
2024-01-31,大阪府,広島県,Refrigerated,10.1,On_Time
2023-11-29,福岡県,広島県,Large_Truck,14.6,Delayed
2023-05-19,愛知県,福岡県,Refrigerated,5.4,Delayed
2023-02-24,北海道,大阪府,Medium_Truck,19.1,Completed
2023-11-09,北海道,福岡県,Large_Truck,21.8,Delayed
2023-12-20,宮城県,北海道,Large_Truck,20.4,Delayed
2023-10-09,広島県,北海道,Medium_Truck,7.8,Completed
2023-06-19,東京都,大阪府,Large_Truck,4.6,Completed
2023-04-24,東京都,北海道,Light_Van,5.7,On_Time
2023-07-17,東京都,大阪府,Medium_Truck,12.4,Completed
2023-08-04,宮城県,広島県,Medium_Truck,10.5,Delayed
2023-08-02,大阪府,愛知県,Medium_Truck,18.6,On_Time
2023-04-19,広島県,東京都,Large_Truck,9.6,On_Time
2023-03-06,宮城県,福岡県,Large_Truck,16.0,Delayed
2023-05-23,北海道,広島県,Light_Van,4.2,On_Time
2023-08-24,広島県,東京都,Light_Van,18.4,On_Time
2023-12-31,宮城県,福岡県,Medium_Truck,25.8,On_Time
2023-09-22,東京都,北海道,Light_Van,2.9,Completed
2023-06-21,大阪府,北海道,Medium_Truck,19.1,Completed
2023-07-16,宮城県,東京都,Refrigerated,11.7,On_Time
2023-09-13,北海道,大阪府,Light_Van,24.8,Delayed
2023-09-14,北海道,東京都,Light_Van,5.8,Delayed
2023-07-31,大阪府,広島県,Large_Truck,13.7,Completed
2023-11-28,東京都,宮城県,Large_Truck,13.6,On_Time
2023-11-26,大阪府,東京都,Large_Truck,19.5,On_Time
2023-01-15,愛知県,大阪府,Light_Van,2.8,On_Time
2023-01-06,宮城県,北海道,Large_Truck,2.1,Completed
2023-02-06,愛知県,福岡県,Large_Truck,3.1,Completed
2023-03-14,広島県,北海道,Medium_Truck,5.8,On_Time
2023-03-06,福岡県,広島県,Light_Van,8.2,On_Time
2024-01-09,愛知県,宮城県,Refrigerated,4.0,Completed
2023-07-14,広島県,福岡県,Light_Van,8.9,Delayed
2023-01-19,東京都,大阪府,Refrigerated,18.0,Completed
2024-01-16,宮城県,北海道,Large_Truck,5.8,On_Time
2023-04-08,広島県,愛知県,Light_Van,10.0,On_Time
2023-03-14,宮城県,大阪府,Light_Van,34.1,On_Time
2023-03-10,広島県,北海道,Medium_Truck,8.6,Completed
2023-01-09,愛知県,広島県,Large_Truck,21.2,On_Time
2023-01-18,福岡県,広島県,Light_Van,10.8,Completed
2023-12-02,東京都,北海道,Light_Van,4.0,Completed
2023-11-21,大阪府,宮城県,Medium_Truck,24.6,Delayed
2023-05-11,広島県,東京都,Large_Truck,17.8,On_Time
2024-01-09,福岡県,東京都,Refrigerated,8.1,On_Time
2023-08-02,大阪府,広島県,Light_Van,15.0,On_Time
2023-01-29,東京都,宮城県,Light_Van,18.5,On_Time
2023-01-16,大阪府,東京都,Medium_Truck,7.5,Completed
2023-05-26,北海道,愛知県,Medium_Truck,9.3,On_Time
2024-01-25,福岡県,北海道,Refrigerated,21.5,Completed
2023-09-22,福岡県,東京都,Medium_Truck,13.0,On_Time
2023-07-04,北海道,福岡県,Light_Van,16.4,Completed
2023-11-11,東京都,広島県,Large_Truck,5.8,On_Time
2023-08-18,福岡県,東京都,Light_Van,16.7,Delayed
2023-04-14,福岡県,東京都,Refrigerated,5.7,On_Time
2023-02-25,宮城県,北海道,Large_Truck,11.1,Completed
2023-04-08,福岡県,宮城県,Light_Van,23.6,On_Time
2023-08-31,北海道,福岡県,Refrigerated,23.0,Completed
2023-11-25,広島県,北海道,Light_Van,13.4,Completed
2023-12-10,北海道,東京都,Large_Truck,13.1,Delayed
2023-08-14,北海道,東京都,Refrigerated,7.2,Delayed
2024-01-12,宮城県,北海道,Large_Truck,7.2,On_Time
2024-01-10,東京都,広島県,Large_Truck,3.8,Delayed
2023-01-06,東京都,北海道,Large_Truck,8.0,Delayed
2023-07-20,広島県,福岡県,Light_Van,15.4,Completed
2023-01-04,東京都,福岡県,Light_Van,22.4,Completed
2023-06-04,東京都,宮城県,Refrigerated,3.8,Delayed
2023-06-13,愛知県,広島県,Light_Van,16.6,On_Time
2023-08-04,広島県,北海道,Large_Truck,21.0,Completed
2023-12-19,東京都,福岡県,Large_Truck,13.8,Completed
2023-08-29,大阪府,北海道,Light_Van,16.7,Completed
2023-01-21,広島県,北海道,Large_Truck,23.5,On_Time
2023-11-13,広島県,福岡県,Light_Van,4.0,On_Time
2023-02-06,大阪府,東京都,Large_Truck,22.4,On_Time
2023-09-28,大阪府,北海道,Medium_Truck,14.7,Completed
2023-01-01,東京都,愛知県,Light_Van,10.8,On_Time
2023-09-27,宮城県,東京都,Large_Truck,20.1,On_Time
2023-10-09,愛知県,福岡県,Light_Van,2.4,On_Time
2024-01-03,広島県,大阪府,Refrigerated,22.6,Completed
2023-05-01,東京都,福岡県,Medium_Truck,10.3,On_Time
2023-02-25,大阪府,北海道,Medium_Truck,6.9,On_Time
2023-07-08,北海道,広島県,Large_Truck,13.5,Delayed
2023-10-06,愛知県,福岡県,Refrigerated,19.3,Completed
2023-12-15,宮城県,福岡県,Light_Van,32.8,On_Time
2023-05-05,福岡県,宮城県,Refrigerated,23.5,On_Time
2023-12-20,広島県,福岡県,Light_Van,6.3,Delayed
2023-04-21,福岡県,東京都,Refrigerated,23.9,On_Time
2023-11-26,大阪府,愛知県,Light_Van,1.0,On_Time
2024-01-04,福岡県,愛知県,Light_Van,8.9,Completed
2023-03-13,広島県,大阪府,Light_Van,23.7,On_Time
2023-05-02,大阪府,愛知県,Light_Van,5.3,On_Time
2023-03-26,愛知県,福岡県,Large_Truck,28.7,Completed
2023-04-08,大阪府,福岡県,Light_Van,6.4,Completed
2023-05-07,愛知県,大阪府,Light_Van,1.1,Completed
2024-01-13,東京都,北海道,Light_Van,18.0,Delayed
2023-10-24,北海道,大阪府,Refrigerated,12.9,Completed
2023-11-29,広島県,愛知県,Large_Truck,19.4,Completed
2023-12-31,福岡県,宮城県,Medium_Truck,9.2,Delayed
2023-02-09,愛知県,東京都,Refrigerated,19.7,Delayed
2023-11-27,広島県,福岡県,Refrigerated,9.7,Delayed
2024-02-04,福岡県,宮城県,Light_Van,11.7,Completed
2023-01-06,広島県,愛知県,Medium_Truck,9.5,Completed
2023-01-13,北海道,大阪府,Medium_Truck,22.9,On_Time
2023-12-09,福岡県,東京都,Light_Van,23.7,Delayed
2023-01-17,北海道,福岡県,Light_Van,21.5,Delayed
2023-02-04,北海道,大阪府,Medium_Truck,22.3,Completed
2023-01-01,愛知県,広島県,Medium_Truck,13.6,Delayed
2024-02-02,福岡県,北海道,Light_Van,3.6,Delayed
2023-06-06,広島県,宮城県,Large_Truck,5.4,Completed
2023-07-02,愛知県,広島県,Large_Truck,7.2,On_Time
2023-04-13,宮城県,愛知県,Light_Van,22.7,On_Time
2023-03-23,宮城県,大阪府,Refrigerated,35.7,On_Time
2023-11-18,福岡県,大阪府,Light_Van,18.9,On_Time
2023-01-23,愛知県,福岡県,Light_Van,4.0,Completed
2024-01-26,大阪府,東京都,Refrigerated,24.5,On_Time
2023-05-12,愛知県,広島県,Medium_Truck,3.5,Completed
2023-11-15,愛知県,福岡県,Large_Truck,11.6,On_Time
2023-05-11,宮城県,北海道,Refrigerated,12.9,Completed
2023-02-03,愛知県,宮城県,Large_Truck,17.8,Delayed
2023-08-17,北海道,東京都,Medium_Truck,11.5,On_Time
2023-06-09,大阪府,東京都,Refrigerated,13.4,Delayed
2023-11-19,宮城県,東京都,Refrigerated,22.4,Delayed
2023-12-29,愛知県,東京都,Light_Van,20.8,On_Time
2023-07-26,広島県,愛知県,Large_Truck,14.0,Delayed
2023-03-27,広島県,福岡県,Light_Van,8.9,On_Time
2023-11-25,愛知県,福岡県,Large_Truck,1.0,On_Time
2023-12-19,東京都,宮城県,Light_Van,18.5,Completed
2024-01-21,宮城県,北海道,Medium_Truck,5.9,Delayed
2023-09-12,広島県,愛知県,Refrigerated,8.2,Completed
2023-03-05,大阪府,広島県,Refrigerated,15.4,Completed
2023-06-30,広島県,宮城県,Medium_Truck,16.5,Completed
2023-03-03,大阪府,東京都,Light_Van,29.0,Delayed
2023-12-07,福岡県,広島県,Medium_Truck,30.0,On_Time
2023-07-06,北海道,大阪府,Refrigerated,3.9,On_Time
2023-10-31,広島県,大阪府,Large_Truck,19.0,Completed
2023-04-10,東京都,宮城県,Refrigerated,11.1,Delayed
2023-01-09,愛知県,東京都,Large_Truck,8.2,Completed
2023-10-23,宮城県,福岡県,Large_Truck,5.0,Delayed
2023-06-14,広島県,福岡県,Large_Truck,2.1,Completed
2023-06-07,宮城県,北海道,Refrigerated,3.7,Delayed
2023-11-02,大阪府,宮城県,Large_Truck,24.9,Delayed
2023-11-16,愛知県,宮城県,Refrigerated,16.7,Delayed
2023-12-08,愛知県,東京都,Refrigerated,34.6,On_Time
2023-10-02,福岡県,北海道,Refrigerated,1.6,Completed
2023-10-29,北海道,東京都,Refrigerated,1.3,Delayed
2023-03-15,宮城県,福岡県,Large_Truck,8.0,Delayed
2023-06-22,宮城県,広島県,Light_Van,10.9,Delayed
2023-09-10,宮城県,愛知県,Refrigerated,14.7,Completed
2024-01-10,宮城県,大阪府,Light_Van,1.7,Completed
2023-11-21,愛知県,福岡県,Light_Van,16.3,Completed
2023-11-12,福岡県,広島県,Refrigerated,19.8,Completed
2023-03-11,宮城県,大阪府,Refrigerated,14.7,On_Time
2023-11-21,北海道,東京都,Large_Truck,17.9,Delayed
2023-03-08,福岡県,東京都,Large_Truck,6.6,On_Time
2023-08-19,大阪府,北海道,Refrigerated,3.6,Completed
2023-01-13,広島県,愛知県,Refrigerated,23.1,On_Time
2023-10-09,広島県,宮城県,Large_Truck,1.4,Delayed
2023-11-30,東京都,福岡県,Light_Van,6.2,Completed
2024-01-21,東京都,北海道,Large_Truck,12.2,Delayed
2023-06-16,東京都,北海道,Medium_Truck,18.5,Completed
2023-03-18,大阪府,広島県,Medium_Truck,24.2,Delayed
2023-02-25,愛知県,福岡県,Light_Van,6.2,On_Time
2023-12-02,東京都,宮城県,Medium_Truck,15.2,On_Time
2023-04-22,愛知県,福岡県,Medium_Truck,9.6,Delayed
2023-07-22,宮城県,愛知県,Refrigerated,20.0,Delayed
2023-11-10,愛知県,福岡県,Large_Truck,1.8,On_Time
2023-03-11,広島県,北海道,Light_Van,26.0,Completed
2023-10-14,愛知県,大阪府,Light_Van,8.8,Delayed
2023-03-06,大阪府,東京都,Refrigerated,34.0,Completed
2023-06-09,宮城県,愛知県,Light_Van,21.5,Delayed
2023-05-08,福岡県,東京都,Light_Van,20.0,On_Time
2023-02-15,広島県,愛知県,Refrigerated,15.3,On_Time
2023-03-31,愛知県,広島県,Light_Van,30.9,Delayed
2023-04-24,愛知県,宮城県,Large_Truck,14.6,Delayed
2023-11-08,東京都,福岡県,Large_Truck,16.4,Completed
2023-04-01,大阪府,北海道,Medium_Truck,19.9,Delayed
2023-06-04,福岡県,東京都,Medium_Truck,9.7,Completed
2023-08-22,広島県,北海道,Refrigerated,15.2,On_Time
2023-10-13,北海道,大阪府,Refrigerated,3.3,On_Time
2023-07-04,広島県,東京都,Large_Truck,8.4,Delayed
2023-10-30,東京都,北海道,Refrigerated,5.0,Delayed
2023-01-01,大阪府,北海道,Refrigerated,9.8,Completed
2023-01-15,大阪府,福岡県,Large_Truck,8.8,Completed
2024-01-01,福岡県,北海道,Light_Van,17.7,Delayed
2023-06-25,東京都,福岡県,Medium_Truck,17.8,Completed
2023-02-06,愛知県,宮城県,Medium_Truck,4.5,On_Time
2023-07-15,宮城県,東京都,Light_Van,19.4,Delayed
2024-01-11,愛知県,宮城県,Refrigerated,18.7,Completed
2023-12-28,北海道,大阪府,Medium_Truck,13.9,On_Time
2023-06-04,愛知県,宮城県,Refrigerated,13.2,Completed
2023-08-30,大阪府,愛知県,Medium_Truck,22.6,Delayed
2023-06-30,広島県,東京都,Light_Van,5.2,Delayed
2023-11-03,福岡県,北海道,Refrigerated,18.5,Completed
2023-02-20,大阪府,宮城県,Light_Van,22.2,Delayed
2023-10-31,宮城県,広島県,Medium_Truck,8.4,Delayed
2023-06-12,宮城県,福岡県,Refrigerated,11.0,Completed
2023-08-28,東京都,大阪府,Medium_Truck,15.3,On_Time
2023-12-09,大阪府,福岡県,Refrigerated,3.1,On_Time
2023-05-20,福岡県,大阪府,Light_Van,22.8,Delayed
2023-01-11,東京都,北海道,Medium_Truck,4.7,Delayed
2023-10-20,広島県,大阪府,Large_Truck,4.2,On_Time
2023-09-05,宮城県,広島県,Large_Truck,13.2,On_Time
2023-02-07,宮城県,大阪府,Large_Truck,16.0,Delayed
2024-01-27,大阪府,福岡県,Medium_Truck,23.1,Delayed
2023-05-10,東京都,北海道,Medium_Truck,20.5,Delayed
2023-06-07,宮城県,北海道,Medium_Truck,23.2,On_Time
2023-09-25,広島県,福岡県,Light_Van,2.7,Delayed
2023-04-06,大阪府,東京都,Refrigerated,11.2,Completed
2023-04-10,広島県,東京都,Medium_Truck,9.5,On_Time
2023-01-25,東京都,愛知県,Light_Van,6.0,Completed
2023-05-01,広島県,北海道,Refrigerated,7.0,On_Time
2024-01-03,広島県,宮城県,Light_Van,15.3,Completed
2023-03-18,大阪府,福岡県,Large_Truck,34.0,On_Time
2023-10-04,大阪府,宮城県,Light_Van,23.3,On_Time
2023-06-06,大阪府,東京都,Refrigerated,13.1,Delayed
2023-06-19,大阪府,宮城県,Refrigerated,21.7,Completed
2024-01-16,福岡県,愛知県,Large_Truck,10.8,Delayed
2023-10-13,大阪府,愛知県,Light_Van,13.2,Completed
2023-08-27,愛知県,東京都,Refrigerated,13.8,Completed
2024-01-09,宮城県,大阪府,Medium_Truck,4.9,On_Time
2023-12-30,大阪府,東京都,Medium_Truck,17.9,Completed
2023-01-29,宮城県,東京都,Light_Van,4.3,Delayed
2023-07-21,愛知県,宮城県,Large_Truck,4.2,On_Time
2023-12-08,大阪府,北海道,Light_Van,35.1,On_Time
2023-10-23,北海道,福岡県,Light_Van,12.3,On_Time
2023-08-13,東京都,広島県,Light_Van,10.0,On_Time
2023-04-15,大阪府,北海道,Refrigerated,21.9,On_Time
2023-05-05,東京都,大阪府,Medium_Truck,20.5,Completed
2023-02-26,東京都,愛知県,Large_Truck,7.0,On_Time
2023-10-27,広島県,東京都,Light_Van,21.8,On_Time
2023-09-07,福岡県,北海道,Medium_Truck,20.0,Completed
2023-03-07,愛知県,宮城県,Light_Van,24.7,On_Time
2024-01-26,東京都,福岡県,Large_Truck,4.8,On_Time
2023-03-18,東京都,大阪府,Refrigerated,30.2,Delayed
2023-04-03,東京都,福岡県,Large_Truck,10.9,Delayed
2023-05-18,東京都,北海道,Large_Truck,23.0,Completed
2023-04-12,東京都,大阪府,Refrigerated,23.6,Delayed
2023-03-11,北海道,宮城県,Large_Truck,36.0,On_Time
2023-03-17,東京都,宮城県,Light_Van,36.0,Delayed
2023-01-25,広島県,大阪府,Medium_Truck,17.2,Completed
2024-01-23,広島県,北海道,Medium_Truck,8.2,On_Time
2023-09-14,福岡県,愛知県,Light_Van,21.8,Completed
2023-03-14,東京都,大阪府,Refrigerated,25.5,On_Time
2023-02-21,大阪府,広島県,Light_Van,21.9,On_Time
2023-02-20,福岡県,北海道,Large_Truck,6.2,On_Time
2023-01-06,宮城県,大阪府,Light_Van,8.1,Completed
2023-06-04,広島県,福岡県,Refrigerated,20.0,Completed
2024-01-19,大阪府,北海道,Refrigerated,5.5,Completed
2023-04-06,福岡県,愛知県,Refrigerated,17.1,Delayed
2023-02-27,愛知県,東京都,Medium_Truck,11.6,Delayed
2023-11-18,東京都,愛知県,Large_Truck,15.1,On_Time
2023-05-25,広島県,宮城県,Light_Van,16.9,Delayed
2024-01-04,宮城県,福岡県,Medium_Truck,22.1,Completed
2023-10-17,北海道,福岡県,Light_Van,23.2,Delayed
2023-12-03,宮城県,東京都,Large_Truck,29.2,Delayed
2023-11-23,愛知県,宮城県,Large_Truck,4.4,Delayed
2023-12-01,福岡県,大阪府,Medium_Truck,29.8,Delayed
2023-04-27,宮城県,大阪府,Light_Van,12.9,Delayed
2023-11-02,愛知県,福岡県,Light_Van,10.4,Delayed
2023-02-20,宮城県,北海道,Large_Truck,24.0,On_Time
2023-11-27,宮城県,広島県,Large_Truck,8.5,On_Time
2023-10-31,北海道,愛知県,Refrigerated,7.4,On_Time
2023-11-16,大阪府,広島県,Large_Truck,6.8,Completed
2023-12-06,福岡県,愛知県,Large_Truck,19.6,On_Time
2023-03-29,東京都,北海道,Refrigerated,36.8,Delayed
2023-05-25,東京都,広島県,Light_Van,15.9,Delayed
2023-01-03,福岡県,東京都,Medium_Truck,13.5,On_Time
2023-07-30,北海道,愛知県,Medium_Truck,15.4,Completed
2023-06-18,愛知県,大阪府,Large_Truck,4.4,Completed
2023-12-21,大阪府,東京都,Large_Truck,27.3,On_Time
2023-07-02,東京都,愛知県,Large_Truck,22.3,Delayed
2023-01-31,広島県,東京都,Large_Truck,4.5,Completed
2023-03-02,宮城県,福岡県,Refrigerated,24.9,Delayed
2023-12-16,北海道,宮城県,Light_Van,3.1,Completed
2023-10-26,大阪府,北海道,Large_Truck,21.7,On_Time
2023-06-17,大阪府,広島県,Light_Van,24.8,Delayed
2023-02-13,北海道,広島県,Refrigerated,17.7,On_Time
2023-08-26,大阪府,宮城県,Refrigerated,1.8,On_Time
2024-01-15,福岡県,広島県,Large_Truck,8.0,Delayed
2023-11-27,東京都,広島県,Refrigerated,6.5,On_Time
2023-03-28,愛知県,福岡県,Refrigerated,9.5,On_Time
2023-09-07,東京都,愛知県,Medium_Truck,12.4,Completed
2023-05-16,広島県,東京都,Light_Van,5.2,Completed
2023-04-11,宮城県,大阪府,Medium_Truck,19.0,Delayed
2023-05-06,宮城県,広島県,Light_Van,14.8,Delayed
2023-04-19,東京都,広島県,Light_Van,5.4,Delayed
2023-09-24,宮城県,北海道,Light_Van,17.6,Delayed
2023-05-07,愛知県,福岡県,Large_Truck,10.4,On_Time
2023-01-21,北海道,大阪府,Light_Van,2.2,On_Time
2023-09-19,東京都,愛知県,Large_Truck,24.4,Completed
2024-01-18,東京都,北海道,Medium_Truck,19.4,On_Time
2023-01-09,大阪府,福岡県,Light_Van,23.7,On_Time
2023-10-31,北海道,大阪府,Large_Truck,13.8,Completed
2023-03-06,東京都,北海道,Large_Truck,24.6,Delayed
2024-01-21,愛知県,北海道,Refrigerated,18.1,Completed
2024-01-27,大阪府,宮城県,Large_Truck,4.8,Completed
2023-12-20,広島県,福岡県,Light_Van,5.9,On_Time
2023-05-14,福岡県,東京都,Light_Van,18.6,On_Time
2023-06-18,宮城県,大阪府,Light_Van,1.6,On_Time
2023-02-19,福岡県,大阪府,Light_Van,18.4,Completed
2023-01-30,北海道,大阪府,Refrigerated,10.7,Delayed
2023-11-28,広島県,愛知県,Medium_Truck,5.2,On_Time
2023-07-01,福岡県,広島県,Light_Van,4.0,Completed
2024-01-01,宮城県,北海道,Light_Van,19.3,Completed
2023-01-31,東京都,大阪府,Large_Truck,9.8,Completed
2024-02-01,広島県,宮城県,Light_Van,3.6,Completed
2023-07-26,大阪府,広島県,Light_Van,1.3,Delayed
2023-07-27,宮城県,福岡県,Light_Van,6.9,On_Time
2024-01-04,広島県,福岡県,Large_Truck,12.0,On_Time
2023-04-13,広島県,東京都,Medium_Truck,14.7,Completed
2023-06-01,東京都,北海道,Large_Truck,19.9,Completed
2023-06-12,北海道,広島県,Light_Van,4.0,On_Time
2023-01-12,東京都,広島県,Light_Van,10.7,Completed
2023-02-11,大阪府,愛知県,Light_Van,6.4,Delayed
2023-02-10,宮城県,北海道,Refrigerated,8.4,Completed
2023-08-29,北海道,愛知県,Medium_Truck,9.4,On_Time
2023-06-27,東京都,宮城県,Large_Truck,5.2,Delayed
2023-03-04,東京都,愛知県,Light_Van,3.6,On_Time
2023-06-12,広島県,北海道,Light_Van,24.4,On_Time
2023-02-26,北海道,愛知県,Refrigerated,6.9,Delayed
2023-02-06,北海道,広島県,Large_Truck,13.1,Completed
2023-11-02,大阪府,宮城県,Large_Truck,24.6,Delayed
2023-01-29,宮城県,愛知県,Large_Truck,24.0,On_Time
2023-02-03,東京都,宮城県,Large_Truck,13.9,Completed
2024-01-12,広島県,東京都,Medium_Truck,24.8,Delayed
2023-06-16,東京都,福岡県,Large_Truck,4.7,On_Time
2023-04-16,北海道,愛知県,Refrigerated,13.5,Completed
2024-01-11,宮城県,北海道,Large_Truck,20.5,Delayed
2023-03-11,広島県,大阪府,Light_Van,29.5,Completed
2023-07-05,広島県,北海道,Light_Van,24.0,On_Time
2023-11-11,愛知県,大阪府,Refrigerated,10.8,On_Time
2023-05-21,北海道,宮城県,Large_Truck,14.4,Delayed
2023-12-12,宮城県,北海道,Medium_Truck,32.8,On_Time
2023-08-29,北海道,宮城県,Large_Truck,9.3,Completed
2023-04-05,宮城県,福岡県,Large_Truck,8.9,Delayed
2023-06-09,福岡県,北海道,Refrigerated,17.3,Delayed
2023-04-12,福岡県,広島県,Medium_Truck,6.3,Delayed
2023-06-19,福岡県,東京都,Medium_Truck,15.2,Completed
2023-01-27,福岡県,北海道,Refrigerated,19.3,Delayed
2023-11-11,広島県,宮城県,Medium_Truck,1.6,Completed
2023-04-13,宮城県,愛知県,Light_Van,13.0,Delayed
2023-10-25,北海道,福岡県,Light_Van,17.9,Completed
2023-11-30,愛知県,広島県,Light_Van,18.2,On_Time
2023-12-20,北海道,広島県,Light_Van,5.6,On_Time
2023-03-03,愛知県,福岡県,Medium_Truck,18.1,On_Time
2024-01-21,広島県,北海道,Medium_Truck,14.5,Completed
2023-04-30,北海道,福岡県,Medium_Truck,9.4,Completed
2023-03-29,東京都,大阪府,Medium_Truck,7.2,Completed
2023-08-29,東京都,広島県,Large_Truck,11.8,Delayed
2023-01-15,宮城県,愛知県,Large_Truck,9.1,On_Time
2023-06-02,愛知県,大阪府,Light_Van,14.6,Delayed
2023-08-16,福岡県,宮城県,Medium_Truck,21.9,On_Time
2023-05-15,広島県,大阪府,Light_Van,16.4,Delayed
2023-01-13,北海道,福岡県,Large_Truck,13.0,On_Time
2023-02-12,広島県,愛知県,Large_Truck,8.6,On_Time
2024-01-13,広島県,愛知県,Large_Truck,18.5,Completed
2024-01-19,福岡県,大阪府,Refrigerated,4.5,Completed
2023-07-20,東京都,愛知県,Light_Van,4.9,On_Time
2023-03-30,広島県,東京都,Light_Van,19.1,Delayed
2024-01-04,宮城県,大阪府,Light_Van,17.4,On_Time
2023-07-23,愛知県,宮城県,Large_Truck,19.0,Delayed
2023-11-10,大阪府,東京都,Light_Van,16.5,On_Time
2023-12-21,宮城県,大阪府,Large_Truck,15.7,On_Time
2024-01-18,広島県,宮城県,Medium_Truck,23.7,Completed
2023-03-12,北海道,大阪府,Refrigerated,35.1,On_Time
2023-05-28,福岡県,愛知県,Medium_Truck,21.8,On_Time
2023-09-09,東京都,広島県,Light_Van,24.0,Completed
2023-03-11,宮城県,愛知県,Medium_Truck,6.6,Completed
2023-10-24,愛知県,広島県,Large_Truck,5.5,Delayed
2023-10-04,大阪府,宮城県,Large_Truck,21.4,Delayed
2023-08-28,北海道,大阪府,Refrigerated,17.4,On_Time
2023-10-07,宮城県,大阪府,Large_Truck,2.4,On_Time
2023-06-09,大阪府,広島県,Light_Van,20.1,On_Time
2023-02-27,宮城県,東京都,Large_Truck,1.7,Delayed
2023-07-23,東京都,愛知県,Light_Van,1.1,Delayed
2023-06-18,広島県,大阪府,Large_Truck,1.7,Delayed
2023-04-08,愛知県,大阪府,Medium_Truck,16.0,On_Time
2023-04-11,愛知県,大阪府,Medium_Truck,5.9,Delayed
2023-08-22,福岡県,愛知県,Refrigerated,23.2,Delayed
2023-04-13,大阪府,広島県,Medium_Truck,10.0,Delayed
2023-12-11,宮城県,愛知県,Large_Truck,27.8,Delayed
2023-10-19,宮城県,東京都,Refrigerated,4.1,Completed
2023-08-21,北海道,東京都,Medium_Truck,8.7,On_Time
2023-09-19,東京都,大阪府,Light_Van,10.6,Completed
2023-02-21,大阪府,福岡県,Light_Van,9.2,Completed
2023-12-04,愛知県,大阪府,Medium_Truck,31.2,On_Time
2023-07-20,大阪府,広島県,Large_Truck,7.5,On_Time
2023-08-23,福岡県,北海道,Large_Truck,9.2,Delayed
2023-03-29,北海道,福岡県,Large_Truck,15.4,Completed
2023-11-15,北海道,広島県,Light_Van,4.6,Completed
2024-01-01,東京都,大阪府,Light_Van,24.0,Delayed
2023-07-13,愛知県,北海道,Large_Truck,3.2,Delayed
2023-01-08,愛知県,北海道,Medium_Truck,17.2,Delayed
2023-09-02,宮城県,愛知県,Refrigerated,3.5,Completed
2023-11-02,大阪府,北海道,Light_Van,8.4,Completed
2023-06-10,東京都,愛知県,Medium_Truck,11.7,On_Time
2023-01-27,広島県,大阪府,Large_Truck,16.9,On_Time
2023-10-17,大阪府,愛知県,Medium_Truck,20.9,Completed
2023-08-15,広島県,福岡県,Large_Truck,24.5,On_Time
2024-01-27,広島県,愛知県,Large_Truck,17.8,On_Time
2023-12-08,東京都,大阪府,Light_Van,36.7,On_Time
2023-06-13,大阪府,東京都,Medium_Truck,20.2,On_Time
2023-05-14,東京都,宮城県,Medium_Truck,1.6,Completed
2023-04-27,福岡県,宮城県,Refrigerated,10.2,Completed
2023-05-15,宮城県,北海道,Refrigerated,13.7,Completed
2023-01-30,大阪府,愛知県,Medium_Truck,10.6,On_Time
2023-08-11,福岡県,北海道,Light_Van,11.7,Delayed
2023-12-19,東京都,広島県,Medium_Truck,9.0,Completed
2023-07-08,宮城県,東京都,Refrigerated,19.6,Delayed
2023-09-08,宮城県,大阪府,Medium_Truck,11.2,On_Time
2024-01-16,北海道,東京都,Refrigerated,17.9,Delayed
2023-07-04,北海道,宮城県,Light_Van,14.2,Delayed
2023-02-01,北海道,東京都,Large_Truck,5.7,Completed
2023-11-16,広島県,大阪府,Medium_Truck,14.0,On_Time
2023-10-23,宮城県,広島県,Refrigerated,15.9,On_Time
2023-10-01,北海道,広島県,Light_Van,19.5,On_Time
2023-01-06,広島県,北海道,Refrigerated,4.1,Delayed
2023-04-17,広島県,宮城県,Medium_Truck,5.3,On_Time
2023-04-06,福岡県,広島県,Refrigerated,19.5,Delayed
2023-06-27,広島県,愛知県,Large_Truck,9.4,On_Time
2023-06-17,東京都,福岡県,Medium_Truck,8.7,Completed
2023-01-24,宮城県,福岡県,Light_Van,18.8,Completed
2023-08-27,大阪府,宮城県,Medium_Truck,5.0,Completed
2023-03-17,愛知県,北海道,Large_Truck,18.2,Delayed
2023-10-10,宮城県,大阪府,Medium_Truck,20.1,Completed
2023-10-09,広島県,大阪府,Light_Van,1.2,On_Time
2023-12-20,大阪府,東京都,Medium_Truck,2.0,Completed
2023-11-25,愛知県,福岡県,Medium_Truck,3.7,Delayed
2023-11-13,東京都,宮城県,Light_Van,20.6,Delayed
2023-12-30,福岡県,愛知県,Large_Truck,6.8,Completed
2023-01-22,愛知県,北海道,Large_Truck,23.6,Completed
2023-10-03,愛知県,宮城県,Light_Van,4.8,On_Time
2024-01-18,福岡県,東京都,Light_Van,15.3,Delayed
2023-09-26,宮城県,北海道,Medium_Truck,6.4,On_Time
2023-08-30,宮城県,北海道,Refrigerated,24.2,Completed
2023-05-23,大阪府,広島県,Refrigerated,8.8,On_Time
2023-11-16,愛知県,北海道,Light_Van,4.5,On_Time
2023-09-08,宮城県,北海道,Large_Truck,7.1,Delayed
2023-10-14,宮城県,北海道,Large_Truck,17.3,Delayed
2023-01-16,北海道,広島県,Light_Van,14.6,Delayed
2023-08-31,北海道,東京都,Refrigerated,9.4,On_Time
2023-10-30,広島県,北海道,Light_Van,8.6,Delayed
2023-04-18,愛知県,宮城県,Light_Van,7.2,On_Time
2023-03-23,北海道,愛知県,Refrigerated,22.2,Completed
2023-05-19,愛知県,福岡県,Medium_Truck,2.1,Delayed
2023-10-22,愛知県,広島県,Large_Truck,9.2,On_Time
2023-10-18,東京都,北海道,Refrigerated,8.6,On_Time
2023-11-19,宮城県,大阪府,Light_Van,2.3,Delayed
2023-12-20,愛知県,東京都,Large_Truck,29.6,Delayed
2023-10-29,東京都,愛知県,Large_Truck,22.6,Completed
2023-10-24,広島県,福岡県,Medium_Truck,15.4,Delayed
2023-02-16,宮城県,愛知県,Light_Van,9.7,Completed
2024-02-04,東京都,大阪府,Medium_Truck,20.3,Delayed
2023-01-16,愛知県,宮城県,Refrigerated,4.1,Completed
2023-07-06,宮城県,福岡県,Refrigerated,14.9,Completed
2023-06-06,北海道,福岡県,Light_Van,19.6,Delayed
2023-02-14,北海道,愛知県,Light_Van,1.4,Completed
2023-12-02,福岡県,広島県,Light_Van,15.0,On_Time
2023-12-30,大阪府,広島県,Large_Truck,23.3,Delayed
2023-08-22,福岡県,大阪府,Refrigerated,24.5,On_Time
2023-10-25,大阪府,福岡県,Large_Truck,1.6,Completed
2024-01-27,福岡県,大阪府,Medium_Truck,23.7,Delayed
2023-12-23,広島県,福岡県,Refrigerated,18.6,Completed
2023-09-01,広島県,大阪府,Refrigerated,16.0,Completed
2023-12-31,北海道,広島県,Medium_Truck,23.4,On_Time
2023-02-13,大阪府,北海道,Large_Truck,6.7,On_Time
2023-04-12,東京都,北海道,Refrigerated,23.2,On_Time
2023-09-19,宮城県,北海道,Refrigerated,24.9,Completed
2023-02-25,大阪府,北海道,Light_Van,18.1,On_Time
2023-02-21,北海道,大阪府,Light_Van,6.8,On_Time
2023-05-25,愛知県,大阪府,Refrigerated,16.7,Delayed
2023-02-03,愛知県,大阪府,Refrigerated,7.9,Completed
2023-10-01,北海道,愛知県,Refrigerated,18.9,Completed
2023-01-29,大阪府,宮城県,Large_Truck,12.1,On_Time
2023-07-19,東京都,福岡県,Large_Truck,5.0,On_Time
2023-12-22,福岡県,広島県,Medium_Truck,8.0,Delayed
2023-12-13,東京都,宮城県,Large_Truck,29.9,Completed
2023-07-23,北海道,愛知県,Large_Truck,18.0,Delayed
2023-09-23,愛知県,福岡県,Medium_Truck,9.6,Completed
2023-09-29,大阪府,広島県,Medium_Truck,4.4,Completed
2023-01-25,北海道,広島県,Refrigerated,14.1,Delayed
2023-03-15,大阪府,北海道,Light_Van,28.1,On_Time
2023-08-29,愛知県,広島県,Refrigerated,12.6,On_Time
2023-12-10,愛知県,東京都,Refrigerated,21.6,Completed
2023-08-05,愛知県,福岡県,Refrigerated,19.8,Completed
2023-03-29,福岡県,宮城県,Light_Van,3.2,On_Time
2023-10-29,福岡県,広島県,Large_Truck,2.7,Delayed
2023-05-28,広島県,宮城県,Large_Truck,12.6,On_Time
2023-05-06,大阪府,東京都,Medium_Truck,8.0,Completed
2023-05-25,宮城県,大阪府,Light_Van,10.2,Delayed
2023-01-16,広島県,宮城県,Light_Van,7.9,Delayed
2023-10-15,福岡県,大阪府,Medium_Truck,10.3,Completed
2023-05-02,宮城県,愛知県,Light_Van,14.1,Completed
2023-09-28,広島県,宮城県,Refrigerated,23.3,Delayed
2023-03-03,福岡県,北海道,Light_Van,9.2,Delayed
2023-06-17,東京都,大阪府,Light_Van,11.8,On_Time
2023-12-16,大阪府,広島県,Medium_Truck,36.9,Completed
2023-09-13,広島県,福岡県,Light_Van,5.0,On_Time
2023-04-26,広島県,北海道,Large_Truck,20.7,Completed
2023-04-06,広島県,愛知県,Large_Truck,17.6,Delayed
2023-10-04,東京都,大阪府,Light_Van,10.2,Completed
2023-09-20,大阪府,宮城県,Medium_Truck,18.1,Completed
2023-03-16,福岡県,大阪府,Large_Truck,31.5,Completed
2023-06-17,宮城県,東京都,Refrigerated,18.3,Delayed
2023-08-01,宮城県,福岡県,Large_Truck,3.8,Completed
2023-05-30,宮城県,北海道,Medium_Truck,3.3,On_Time
2023-03-01,福岡県,宮城県,Large_Truck,2.9,Completed
2023-05-12,宮城県,大阪府,Medium_Truck,6.1,On_Time
2023-12-24,大阪府,東京都,Large_Truck,6.0,Completed
2023-08-13,北海道,広島県,Large_Truck,9.2,Delayed
2023-12-10,東京都,北海道,Medium_Truck,33.4,On_Time
2023-04-21,大阪府,東京都,Medium_Truck,3.3,On_Time
2023-11-03,北海道,福岡県,Medium_Truck,11.2,Completed
2023-12-18,大阪府,東京都,Large_Truck,30.5,On_Time
2023-08-06,福岡県,北海道,Large_Truck,13.3,Completed
2023-03-04,愛知県,広島県,Medium_Truck,34.1,Completed
2023-04-26,広島県,北海道,Refrigerated,8.2,Completed
2023-12-20,東京都,愛知県,Refrigerated,34.7,Delayed
2024-01-07,広島県,福岡県,Large_Truck,19.0,Delayed
2023-07-13,東京都,宮城県,Large_Truck,15.9,Completed
2023-03-06,福岡県,宮城県,Refrigerated,30.5,On_Time
2023-02-04,東京都,広島県,Large_Truck,7.8,On_Time
2023-10-17,宮城県,広島県,Medium_Truck,15.8,Delayed
2023-12-22,宮城県,広島県,Light_Van,1.9,Delayed
2023-04-02,愛知県,福岡県,Large_Truck,17.9,On_Time
2024-01-10,大阪府,福岡県,Refrigerated,12.0,On_Time
2023-03-23,愛知県,広島県,Large_Truck,18.1,On_Time
2023-12-11,宮城県,愛知県,Refrigerated,32.2,Delayed
2023-03-18,広島県,宮城県,Large_Truck,22.9,Delayed
2023-02-09,宮城県,愛知県,Refrigerated,9.1,Completed
2024-01-31,宮城県,大阪府,Refrigerated,1.8,Delayed
2023-01-15,北海道,宮城県,Refrigerated,6.6,Delayed
2023-11-06,東京都,広島県,Large_Truck,15.8,Completed
2023-10-22,大阪府,北海道,Large_Truck,9.2,On_Time
2023-01-01,愛知県,東京都,Medium_Truck,4.9,Completed
2023-09-14,北海道,広島県,Refrigerated,2.5,On_Time
2023-05-21,愛知県,福岡県,Medium_Truck,9.6,Delayed
2023-03-30,北海道,愛知県,Large_Truck,31.2,On_Time
2023-02-17,福岡県,宮城県,Large_Truck,3.6,Delayed
2023-11-21,大阪府,北海道,Large_Truck,6.5,Completed
2023-06-23,宮城県,愛知県,Large_Truck,14.8,Delayed
2024-01-05,宮城県,北海道,Medium_Truck,15.2,On_Time
2023-12-20,愛知県,大阪府,Refrigerated,3.8,On_Time
2023-07-24,宮城県,広島県,Large_Truck,10.5,Delayed
2023-09-07,宮城県,福岡県,Large_Truck,5.2,Delayed
2023-11-05,宮城県,北海道,Large_Truck,21.5,On_Time
2023-06-30,愛知県,東京都,Large_Truck,5.6,Delayed
2023-02-04,北海道,福岡県,Medium_Truck,4.2,Completed
2023-04-29,広島県,宮城県,Large_Truck,5.3,Completed
2023-01-17,宮城県,大阪府,Refrigerated,20.6,On_Time
2023-04-08,宮城県,北海道,Large_Truck,13.7,On_Time
2023-10-15,宮城県,東京都,Large_Truck,18.2,On_Time
2023-11-15,東京都,北海道,Light_Van,13.8,On_Time
2023-01-16,福岡県,北海道,Medium_Truck,23.9,Completed
2023-05-26,東京都,大阪府,Large_Truck,6.4,Completed
2023-11-03,広島県,福岡県,Large_Truck,16.1,Delayed
2023-08-26,愛知県,大阪府,Refrigerated,5.7,On_Time
2023-07-17,東京都,大阪府,Medium_Truck,5.5,On_Time
2023-11-16,宮城県,愛知県,Light_Van,21.6,On_Time
2023-04-06,福岡県,広島県,Light_Van,19.4,Completed
2023-11-04,広島県,宮城県,Light_Van,16.1,Delayed
2023-05-07,北海道,福岡県,Refrigerated,3.5,Delayed
2023-10-26,福岡県,宮城県,Refrigerated,9.6,Delayed
2023-09-07,広島県,北海道,Medium_Truck,17.7,Completed
2024-01-21,広島県,東京都,Large_Truck,24.9,Completed
2023-06-16,東京都,愛知県,Light_Van,8.0,Delayed
2023-06-02,広島県,宮城県,Medium_Truck,14.2,On_Time
2024-02-01,福岡県,愛知県,Refrigerated,1.9,Delayed
2023-05-27,愛知県,広島県,Refrigerated,22.6,Delayed
2024-01-20,東京都,広島県,Medium_Truck,11.2,On_Time
2023-10-25,大阪府,広島県,Large_Truck,4.4,Delayed
2023-10-15,広島県,福岡県,Medium_Truck,9.2,Delayed
2023-07-27,愛知県,大阪府,Light_Van,12.7,On_Time
2023-03-08,広島県,北海道,Medium_Truck,2.0,On_Time
2024-01-06,宮城県,北海道,Refrigerated,6.6,Delayed
2023-04-15,宮城県,大阪府,Light_Van,10.1,Delayed
2023-06-17,北海道,大阪府,Light_Van,2.9,On_Time
2023-10-26,東京都,福岡県,Large_Truck,2.5,On_Time
2023-11-14,宮城県,福岡県,Refrigerated,13.2,Completed
2023-02-16,福岡県,大阪府,Medium_Truck,2.9,On_Time
2023-02-23,大阪府,福岡県,Light_Van,9.3,Delayed
2023-07-12,広島県,宮城県,Large_Truck,20.1,Delayed
2023-07-11,東京都,愛知県,Large_Truck,23.4,Delayed
2023-02-17,福岡県,東京都,Large_Truck,1.4,On_Time
2023-03-14,広島県,宮城県,Refrigerated,35.9,On_Time
2024-01-20,愛知県,広島県,Refrigerated,20.5,On_Time
2023-07-31,東京都,大阪府,Medium_Truck,1.5,On_Time
2023-10-09,広島県,大阪府,Refrigerated,12.1,On_Time
2024-02-02,愛知県,広島県,Medium_Truck,8.7,Completed
2023-05-27,大阪府,広島県,Medium_Truck,8.2,Delayed
2023-02-04,大阪府,宮城県,Large_Truck,11.0,Delayed
2023-05-06,愛知県,福岡県,Light_Van,5.4,On_Time
2023-04-23,福岡県,宮城県,Medium_Truck,3.1,On_Time
2023-01-28,宮城県,北海道,Medium_Truck,7.9,On_Time
2023-05-02,愛知県,大阪府,Large_Truck,23.1,Delayed
2023-07-24,広島県,愛知県,Large_Truck,16.3,On_Time
2024-01-07,福岡県,東京都,Light_Van,13.4,Delayed
2023-09-08,宮城県,東京都,Medium_Truck,10.8,On_Time
2023-08-18,広島県,宮城県,Light_Van,10.9,Delayed
2023-04-06,愛知県,宮城県,Large_Truck,17.2,Completed
2024-01-01,東京都,福岡県,Light_Van,14.5,Delayed
2023-04-09,愛知県,北海道,Medium_Truck,18.5,Completed
2023-04-11,大阪府,北海道,Medium_Truck,21.5,Completed
2023-09-01,大阪府,北海道,Large_Truck,7.3,On_Time
2023-07-11,東京都,大阪府,Medium_Truck,9.5,Completed
2023-05-24,大阪府,広島県,Medium_Truck,7.6,Delayed
2023-05-30,北海道,福岡県,Large_Truck,20.3,Delayed
2023-02-23,大阪府,東京都,Medium_Truck,9.0,Completed
2023-09-29,福岡県,北海道,Large_Truck,2.5,Completed
2023-01-19,東京都,福岡県,Large_Truck,7.7,Completed
2023-04-02,愛知県,宮城県,Refrigerated,23.0,Delayed
2023-04-08,福岡県,東京都,Medium_Truck,8.1,Delayed
2023-11-20,大阪府,愛知県,Light_Van,20.2,Delayed
2024-01-11,北海道,福岡県,Large_Truck,9.2,On_Time
2023-05-20,大阪府,福岡県,Large_Truck,14.6,On_Time
2024-01-09,愛知県,東京都,Medium_Truck,7.4,Delayed
2023-08-14,大阪府,宮城県,Light_Van,21.0,On_Time
2023-02-07,福岡県,広島県,Medium_Truck,17.3,On_Time
2023-07-13,福岡県,東京都,Large_Truck,16.6,Delayed
2023-10-14,愛知県,広島県,Large_Truck,2.9,Delayed
2024-01-16,広島県,東京都,Medium_Truck,8.0,On_Time
2023-11-06,宮城県,愛知県,Medium_Truck,5.5,Completed
2023-03-28,大阪府,愛知県,Medium_Truck,14.3,Completed
2023-11-05,福岡県,愛知県,Light_Van,1.2,On_Time
2023-05-12,北海道,愛知県,Refrigerated,15.9,Completed
2023-08-19,北海道,東京都,Refrigerated,10.2,Delayed
2023-04-07,宮城県,北海道,Large_Truck,14.3,Completed
2023-02-24,福岡県,広島県,Light_Van,1.4,On_Time
2024-01-13,東京都,愛知県,Light_Van,12.8,Delayed
2024-01-08,福岡県,東京都,Large_Truck,10.3,On_Time
2023-08-02,大阪府,北海道,Light_Van,19.1,Delayed
2023-02-11,宮城県,大阪府,Large_Truck,3.0,Completed
2023-05-23,宮城県,大阪府,Light_Van,5.2,On_Time
2023-11-16,北海道,広島県,Refrigerated,5.7,On_Time
2023-09-23,東京都,大阪府,Refrigerated,1.6,Completed
2023-04-04,広島県,東京都,Light_Van,1.1,Completed
2023-06-03,愛知県,広島県,Large_Truck,12.5,On_Time
2023-12-17,北海道,宮城県,Large_Truck,25.6,Completed
2024-01-14,大阪府,北海道,Light_Van,23.7,On_Time
2023-10-09,宮城県,大阪府,Light_Van,2.0,Completed
2023-03-03,大阪府,東京都,Medium_Truck,10.6,On_Time
2023-04-15,宮城県,福岡県,Large_Truck,3.3,Completed
2023-11-12,広島県,宮城県,Medium_Truck,1.2,Delayed
2023-03-22,広島県,東京都,Light_Van,24.3,Delayed
2023-05-06,宮城県,広島県,Medium_Truck,13.6,On_Time
2023-12-27,福岡県,広島県,Medium_Truck,33.3,Completed
2023-08-03,愛知県,大阪府,Light_Van,1.3,Delayed
2023-10-12,愛知県,福岡県,Large_Truck,12.6,Completed
2023-04-01,大阪府,広島県,Light_Van,15.2,Delayed
2024-01-14,宮城県,愛知県,Medium_Truck,17.0,Delayed
2023-08-14,東京都,大阪府,Light_Van,16.8,On_Time
2023-07-17,北海道,宮城県,Medium_Truck,23.4,Completed
2023-06-01,福岡県,東京都,Large_Truck,5.3,Delayed
2023-05-23,福岡県,愛知県,Large_Truck,3.4,On_Time
2023-02-12,北海道,大阪府,Large_Truck,7.3,Completed
2023-12-07,東京都,福岡県,Medium_Truck,32.8,Completed
2023-09-17,広島県,愛知県,Large_Truck,19.9,Delayed
2023-05-25,福岡県,北海道,Large_Truck,3.8,Completed
2023-07-13,宮城県,北海道,Light_Van,14.6,Delayed
2023-06-29,広島県,愛知県,Medium_Truck,7.7,Delayed
2023-02-18,広島県,宮城県,Light_Van,5.3,Delayed
2023-10-08,大阪府,広島県,Light_Van,3.8,On_Time
2023-05-05,愛知県,広島県,Refrigerated,21.6,Completed
2023-03-15,広島県,北海道,Refrigerated,9.0,Completed
2023-10-14,広島県,福岡県,Large_Truck,4.0,Delayed
2023-12-06,宮城県,愛知県,Light_Van,24.2,Delayed
2023-04-21,広島県,東京都,Light_Van,14.7,On_Time
2023-03-02,福岡県,宮城県,Medium_Truck,23.2,On_Time
2023-03-15,東京都,広島県,Light_Van,32.5,Delayed
2023-08-09,愛知県,広島県,Large_Truck,3.0,Delayed
2023-04-14,東京都,愛知県,Refrigerated,23.0,Completed
2023-08-28,広島県,福岡県,Large_Truck,19.3,Delayed
2023-11-13,宮城県,広島県,Light_Van,22.7,Delayed
2023-12-22,福岡県,広島県,Refrigerated,4.9,Completed
2023-07-20,大阪府,広島県,Large_Truck,18.0,On_Time
2023-07-19,北海道,福岡県,Medium_Truck,11.1,Delayed
2023-08-30,北海道,宮城県,Refrigerated,5.4,On_Time
2023-12-21,宮城県,福岡県,Large_Truck,30.6,On_Time
2023-10-01,大阪府,愛知県,Large_Truck,9.6,Delayed
2023-06-16,広島県,北海道,Refrigerated,24.8,Completed
2023-05-07,福岡県,広島県,Light_Van,7.3,On_Time
2023-09-17,広島県,愛知県,Refrigerated,20.1,On_Time
2023-04-05,広島県,東京都,Refrigerated,19.7,Delayed
2023-09-25,北海道,愛知県,Large_Truck,14.0,Completed
2023-04-24,福岡県,愛知県,Medium_Truck,9.1,On_Time
2023-03-02,東京都,広島県,Refrigerated,16.9,On_Time
2023-09-27,宮城県,愛知県,Refrigerated,7.4,Completed
2023-10-11,北海道,宮城県,Light_Van,3.8,On_Time
2023-11-14,福岡県,大阪府,Light_Van,3.5,Delayed
2024-01-22,東京都,愛知県,Large_Truck,3.4,On_Time
2023-01-04,福岡県,宮城県,Large_Truck,16.2,On_Time
2023-09-29,東京都,福岡県,Refrigerated,23.3,Completed
2023-04-23,北海道,東京都,Light_Van,12.6,Completed
2023-01-17,広島県,大阪府,Large_Truck,5.4,Completed
2023-05-20,福岡県,愛知県,Light_Van,6.7,On_Time
2024-02-02,宮城県,広島県,Medium_Truck,22.8,On_Time
2023-12-17,北海道,福岡県,Large_Truck,2.8,Completed
2023-10-10,東京都,大阪府,Refrigerated,5.8,Completed
2023-12-02,北海道,福岡県,Medium_Truck,37.1,Delayed
2023-08-03,福岡県,東京都,Large_Truck,24.4,Delayed
2023-12-05,福岡県,愛知県,Medium_Truck,13.7,On_Time
2023-05-03,北海道,愛知県,Large_Truck,13.1,Completed
2023-01-30,福岡県,大阪府,Light_Van,22.7,Completed
2023-08-15,愛知県,北海道,Light_Van,1.4,On_Time
2024-01-26,愛知県,福岡県,Light_Van,16.4,Delayed
2024-01-21,大阪府,北海道,Refrigerated,8.8,Completed
2023-02-09,宮城県,東京都,Medium_Truck,5.5,On_Time
2023-12-14,東京都,福岡県,Medium_Truck,24.4,Delayed
2023-06-24,大阪府,広島県,Refrigerated,15.7,Delayed
2023-08-25,宮城県,愛知県,Large_Truck,8.2,Delayed
2023-09-10,東京都,大阪府,Light_Van,12.4,Delayed
2023-04-05,愛知県,北海道,Light_Van,15.6,Completed
2023-01-13,東京都,宮城県,Light_Van,13.3,Completed
2024-01-08,東京都,福岡県,Refrigerated,9.6,Delayed
2023-07-16,大阪府,北海道,Medium_Truck,16.3,Delayed
2023-05-15,広島県,大阪府,Large_Truck,15.6,Delayed
2023-08-14,福岡県,愛知県,Large_Truck,3.6,Completed
2023-02-17,大阪府,宮城県,Light_Van,15.9,Delayed
2023-07-25,大阪府,広島県,Refrigerated,20.3,Completed
2023-07-09,宮城県,広島県,Light_Van,18.8,Completed
2023-07-20,福岡県,大阪府,Refrigerated,14.4,Completed
2023-03-07,東京都,北海道,Light_Van,15.0,Completed
2023-02-01,宮城県,東京都,Medium_Truck,19.6,On_Time
2023-07-02,愛知県,東京都,Large_Truck,13.7,On_Time
2024-02-02,北海道,宮城県,Medium_Truck,15.2,Completed
2023-06-04,福岡県,愛知県,Medium_Truck,8.1,Delayed
2023-06-17,愛知県,広島県,Medium_Truck,20.0,On_Time
2023-03-19,福岡県,宮城県,Refrigerated,22.0,Completed
2023-02-22,東京都,北海道,Large_Truck,19.4,Delayed
2023-04-01,福岡県,広島県,Refrigerated,11.1,On_Time
2023-11-19,東京都,大阪府,Medium_Truck,8.8,Completed
2023-03-14,北海道,福岡県,Light_Van,34.7,On_Time
2023-09-19,宮城県,広島県,Large_Truck,21.5,Completed
2024-01-28,愛知県,宮城県,Light_Van,9.5,Completed
2024-01-11,福岡県,宮城県,Light_Van,18.3,Completed
2024-01-04,広島県,宮城県,Refrigerated,8.7,On_Time
2023-04-20,北海道,宮城県,Large_Truck,16.5,On_Time
2023-05-18,福岡県,広島県,Large_Truck,5.9,On_Time
2023-06-21,愛知県,広島県,Large_Truck,9.3,Delayed
2023-02-02,宮城県,北海道,Large_Truck,17.9,Completed
2023-07-20,愛知県,大阪府,Light_Van,20.6,On_Time
2023-04-04,広島県,大阪府,Light_Van,16.0,On_Time
2023-06-02,北海道,宮城県,Large_Truck,15.1,On_Time
2023-06-10,東京都,福岡県,Light_Van,17.4,On_Time
2023-01-16,宮城県,福岡県,Refrigerated,8.3,Completed
2023-10-20,大阪府,宮城県,Medium_Truck,14.9,Completed
2023-09-23,宮城県,広島県,Medium_Truck,6.8,On_Time
2023-09-10,広島県,宮城県,Medium_Truck,24.6,On_Time
2023-04-28,宮城県,福岡県,Large_Truck,5.4,On_Time
2023-06-28,広島県,東京都,Refrigerated,9.1,Completed
2023-01-19,福岡県,東京都,Light_Van,5.3,On_Time
2023-02-10,東京都,福岡県,Medium_Truck,1.1,Delayed
2023-07-13,北海道,福岡県,Large_Truck,18.4,Completed
2023-09-20,大阪府,宮城県,Large_Truck,19.3,Delayed
2023-09-15,福岡県,広島県,Medium_Truck,9.2,On_Time
2023-12-05,東京都,宮城県,Medium_Truck,4.3,Completed
2023-03-27,広島県,北海道,Light_Van,30.9,Completed
2023-06-15,宮城県,北海道,Refrigerated,12.0,On_Time
2023-03-24,愛知県,東京都,Light_Van,14.1,Completed
2023-11-30,広島県,東京都,Light_Van,2.9,Delayed
2023-02-09,愛知県,福岡県,Large_Truck,1.8,Completed
2023-01-19,東京都,愛知県,Large_Truck,14.9,On_Time
2023-02-16,宮城県,大阪府,Light_Van,12.1,On_Time
2023-07-08,大阪府,広島県,Medium_Truck,23.8,Delayed
2023-12-31,福岡県,愛知県,Refrigerated,18.3,On_Time
2023-02-01,大阪府,広島県,Medium_Truck,6.1,Completed
2023-04-10,大阪府,北海道,Large_Truck,22.0,Completed
2023-05-02,北海道,福岡県,Medium_Truck,3.8,Completed
2023-02-05,北海道,広島県,Light_Van,20.0,Completed
2023-10-26,東京都,大阪府,Medium_Truck,3.3,On_Time
2023-01-14,大阪府,愛知県,Medium_Truck,19.0,Completed
2023-12-31,東京都,北海道,Light_Van,17.8,Delayed
2023-09-10,宮城県,福岡県,Large_Truck,18.1,Completed
2023-08-06,北海道,東京都,Medium_Truck,10.3,Completed
2023-01-29,宮城県,東京都,Large_Truck,16.2,On_Time
2023-03-11,福岡県,北海道,Light_Van,22.4,Completed
2023-07-09,大阪府,福岡県,Medium_Truck,3.0,Delayed
2023-07-07,広島県,大阪府,Refrigerated,22.2,Completed
2023-11-25,愛知県,広島県,Refrigerated,1.8,Delayed
2023-02-27,福岡県,大阪府,Medium_Truck,21.2,Completed
2023-06-04,大阪府,宮城県,Refrigerated,21.4,Delayed
2023-10-05,東京都,愛知県,Medium_Truck,23.3,Delayed
2024-01-11,福岡県,北海道,Large_Truck,13.1,Completed
2024-01-26,北海道,愛知県,Refrigerated,18.6,On_Time
2023-07-28,北海道,愛知県,Refrigerated,16.1,On_Time
2023-04-01,愛知県,東京都,Large_Truck,21.0,Delayed
2023-05-12,広島県,大阪府,Refrigerated,3.7,Completed
2023-09-20,福岡県,北海道,Medium_Truck,19.5,On_Time
2023-07-02,東京都,愛知県,Light_Van,24.8,On_Time
2023-02-10,福岡県,広島県,Large_Truck,12.2,Completed
2023-03-28,東京都,広島県,Refrigerated,19.2,On_Time
2023-11-21,愛知県,東京都,Light_Van,3.4,Completed
2023-02-15,宮城県,広島県,Medium_Truck,15.9,On_Time
2024-02-02,宮城県,愛知県,Medium_Truck,18.3,On_Time
2023-02-13,大阪府,東京都,Refrigerated,1.3,Completed
2023-01-11,広島県,大阪府,Large_Truck,24.3,On_Time
2023-10-07,福岡県,東京都,Refrigerated,6.6,On_Time
2023-06-28,福岡県,宮城県,Refrigerated,17.1,Completed
2024-02-01,広島県,東京都,Large_Truck,14.1,On_Time
2024-01-23,広島県,北海道,Refrigerated,8.9,Delayed
2024-01-26,北海道,東京都,Light_Van,10.1,Completed
2023-09-05,福岡県,大阪府,Large_Truck,7.7,On_Time
2023-03-10,広島県,東京都,Large_Truck,18.4,Delayed
2023-05-21,広島県,大阪府,Light_Van,19.0,On_Time
2023-06-03,宮城県,愛知県,Large_Truck,7.1,On_Time
2023-11-19,福岡県,北海道,Medium_Truck,17.0,Completed
2023-04-08,北海道,宮城県,Medium_Truck,3.4,Delayed
2023-03-04,大阪府,宮城県,Medium_Truck,32.7,On_Time
2023-01-07,広島県,北海道,Large_Truck,17.3,Delayed
2023-04-12,宮城県,東京都,Refrigerated,21.3,Completed
2023-02-11,愛知県,広島県,Large_Truck,22.5,Delayed
2023-12-27,広島県,東京都,Large_Truck,13.3,On_Time
2023-08-19,宮城県,広島県,Medium_Truck,16.3,Delayed
2024-01-04,大阪府,東京都,Refrigerated,13.7,Completed
2023-09-02,広島県,福岡県,Medium_Truck,7.0,Completed
2023-06-22,大阪府,宮城県,Medium_Truck,19.2,On_Time
2023-08-30,宮城県,福岡県,Light_Van,15.6,On_Time
2023-04-01,広島県,愛知県,Large_Truck,19.8,On_Time
2023-07-27,大阪府,愛知県,Light_Van,1.3,On_Time
2023-12-22,大阪府,愛知県,Medium_Truck,30.4,On_Time
2023-06-16,宮城県,福岡県,Large_Truck,3.0,Delayed
2023-02-21,愛知県,大阪府,Large_Truck,9.5,Delayed
2024-01-18,宮城県,福岡県,Refrigerated,14.4,Completed
2024-01-03,広島県,大阪府,Medium_Truck,21.3,On_Time
2023-10-26,東京都,宮城県,Medium_Truck,7.6,Delayed
2023-03-23,東京都,福岡県,Medium_Truck,11.5,Completed
2023-05-27,福岡県,東京都,Light_Van,1.6,Completed
2023-05-28,北海道,愛知県,Refrigerated,15.8,On_Time
2023-01-07,愛知県,大阪府,Light_Van,23.9,Delayed
2023-01-10,福岡県,宮城県,Large_Truck,2.0,On_Time
2023-07-10,大阪府,北海道,Light_Van,21.7,Completed
2023-07-04,愛知県,北海道,Light_Van,15.8,On_Time
2023-11-28,東京都,愛知県,Large_Truck,6.3,Delayed
2023-03-20,東京都,福岡県,Large_Truck,36.3,On_Time
2023-10-11,東京都,広島県,Large_Truck,24.3,Completed
2023-04-26,北海道,大阪府,Light_Van,22.8,On_Time
2023-02-25,大阪府,北海道,Refrigerated,14.3,On_Time
2023-08-24,東京都,宮城県,Medium_Truck,17.1,Delayed
2023-12-29,北海道,大阪府,Large_Truck,16.6,Delayed
2023-10-16,福岡県,宮城県,Refrigerated,2.2,On_Time
2023-10-02,福岡県,東京都,Medium_Truck,14.5,Completed
2024-01-01,宮城県,広島県,Medium_Truck,13.8,Completed
2023-07-11,宮城県,大阪府,Light_Van,12.1,Completed
2023-04-17,福岡県,宮城県,Large_Truck,24.2,Delayed
2023-05-03,広島県,宮城県,Refrigerated,23.6,On_Time
2023-07-06,福岡県,愛知県,Large_Truck,16.8,On_Time
2023-11-22,東京都,宮城県,Medium_Truck,11.1,Completed
2023-04-28,広島県,北海道,Light_Van,24.5,Completed
2024-01-30,大阪府,宮城県,Medium_Truck,1.6,On_Time
2023-10-23,北海道,大阪府,Medium_Truck,24.3,On_Time
2023-09-13,宮城県,北海道,Large_Truck,10.1,On_Time
2023-04-16,広島県,福岡県,Refrigerated,19.8,On_Time
2023-05-01,大阪府,福岡県,Medium_Truck,21.0,Completed
2023-08-25,広島県,宮城県,Refrigerated,20.5,On_Time
2023-10-21,広島県,福岡県,Medium_Truck,2.8,On_Time
2023-06-24,広島県,北海道,Medium_Truck,22.7,On_Time
2023-09-18,愛知県,広島県,Refrigerated,22.1,Completed
2023-07-17,宮城県,愛知県,Refrigerated,8.3,On_Time
2023-09-26,北海道,福岡県,Light_Van,4.6,Delayed
2023-01-14,北海道,大阪府,Light_Van,18.5,Completed
2023-08-19,広島県,北海道,Medium_Truck,16.4,Delayed
2023-10-07,大阪府,愛知県,Medium_Truck,10.6,Delayed
2023-12-29,北海道,広島県,Light_Van,15.2,Delayed
2023-11-28,大阪府,福岡県,Light_Van,7.3,Delayed
2024-01-05,愛知県,宮城県,Medium_Truck,8.8,Delayed
2023-11-29,福岡県,宮城県,Refrigerated,20.4,On_Time
2023-12-23,大阪府,福岡県,Medium_Truck,29.4,On_Time
2023-10-07,北海道,大阪府,Medium_Truck,16.8,Delayed
2023-12-26,東京都,宮城県,Light_Van,18.8,Delayed
2024-01-25,広島県,大阪府,Large_Truck,24.1,On_Time
2024-01-24,北海道,福岡県,Medium_Truck,19.4,Delayed
2023-09-13,北海道,福岡県,Large_Truck,21.1,On_Time
2023-04-06,宮城県,東京都,Refrigerated,8.6,On_Time
2023-07-05,愛知県,北海道,Refrigerated,16.5,On_Time
2023-04-13,東京都,広島県,Large_Truck,17.7,On_Time
2023-06-11,東京都,宮城県,Large_Truck,19.3,Delayed
2023-09-29,宮城県,愛知県,Light_Van,6.3,Delayed
2023-02-14,広島県,福岡県,Light_Van,5.3,Completed
2023-09-14,宮城県,北海道,Medium_Truck,2.2,Completed
2023-01-04,愛知県,福岡県,Medium_Truck,12.3,On_Time
2023-07-22,大阪府,福岡県,Light_Van,22.8,On_Time
2024-01-02,愛知県,広島県,Large_Truck,10.3,On_Time
2023-02-09,東京都,宮城県,Medium_Truck,22.3,Delayed
2023-02-20,北海道,愛知県,Refrigerated,12.7,Completed
2023-06-25,広島県,北海道,Large_Truck,9.9,Delayed
2024-01-10,広島県,宮城県,Medium_Truck,7.7,Delayed
2023-04-16,愛知県,福岡県,Light_Van,5.8,Completed
2023-03-31,宮城県,北海道,Light_Van,25.2,Completed
2023-01-16,大阪府,愛知県,Medium_Truck,18.2,On_Time
2023-03-27,大阪府,愛知県,Large_Truck,28.2,Delayed
2023-07-04,東京都,愛知県,Refrigerated,3.0,Delayed
2023-09-26,北海道,宮城県,Large_Truck,7.8,On_Time
2023-11-06,宮城県,広島県,Refrigerated,5.2,Completed
2023-11-16,宮城県,広島県,Refrigerated,20.3,Delayed
2023-08-17,大阪府,広島県,Large_Truck,4.8,On_Time
2024-01-24,宮城県,福岡県,Large_Truck,9.0,On_Time
2023-03-17,大阪府,東京都,Medium_Truck,11.3,Delayed
2023-01-14,広島県,愛知県,Refrigerated,2.4,Completed
2023-03-30,北海道,宮城県,Medium_Truck,10.4,Completed
2023-05-27,広島県,北海道,Refrigerated,17.6,Completed
2023-03-27,愛知県,大阪府,Medium_Truck,29.4,Delayed
2023-06-18,宮城県,北海道,Light_Van,8.1,Completed
2023-11-08,北海道,宮城県,Large_Truck,17.5,On_Time
2023-05-17,東京都,宮城県,Medium_Truck,6.0,Completed
2023-01-28,愛知県,東京都,Large_Truck,5.9,Completed
2023-12-23,福岡県,広島県,Large_Truck,2.1,Completed
2023-02-12,愛知県,福岡県,Light_Van,1.9,Delayed
2023-10-19,東京都,福岡県,Medium_Truck,5.9,Completed
2024-01-03,東京都,北海道,Refrigerated,6.4,Completed
2023-06-21,東京都,北海道,Large_Truck,7.9,Delayed
2023-12-09,広島県,福岡県,Light_Van,12.2,On_Time
2023-05-12,愛知県,宮城県,Refrigerated,24.3,Completed
2023-06-27,北海道,広島県,Medium_Truck,14.9,Delayed
2024-01-18,東京都,広島県,Medium_Truck,17.8,Delayed
2023-10-25,愛知県,福岡県,Large_Truck,1.8,Completed
2023-05-07,広島県,福岡県,Refrigerated,13.3,Completed
2023-05-18,広島県,宮城県,Light_Van,11.6,Completed
2024-02-03,広島県,北海道,Medium_Truck,23.9,Completed
2023-10-02,福岡県,宮城県,Large_Truck,22.7,Delayed
2023-09-14,宮城県,広島県,Light_Van,12.7,Completed
2023-12-31,愛知県,広島県,Refrigerated,32.9,Delayed
2024-01-16,愛知県,北海道,Light_Van,19.2,On_Time
2023-07-04,東京都,宮城県,Refrigerated,20.8,On_Time
2023-07-03,東京都,広島県,Medium_Truck,11.3,On_Time
2023-04-24,北海道,東京都,Large_Truck,3.3,Completed
2023-01-17,大阪府,東京都,Light_Van,5.9,Delayed
2023-05-19,愛知県,宮城県,Light_Van,16.8,Delayed
2023-10-24,北海道,大阪府,Refrigerated,13.8,On_Time
2023-06-07,大阪府,広島県,Large_Truck,19.4,Delayed
2023-07-19,宮城県,北海道,Medium_Truck,11.3,Delayed
2023-12-09,広島県,東京都,Refrigerated,35.2,Delayed
2023-08-17,愛知県,大阪府,Light_Van,11.2,Delayed
2023-07-03,北海道,宮城県,Large_Truck,4.8,On_Time
2023-03-02,北海道,大阪府,Refrigerated,12.7,On_Time
2023-03-31,東京都,北海道,Refrigerated,8.7,Delayed
2024-01-26,広島県,東京都,Medium_Truck,17.7,Delayed
2023-01-05,東京都,北海道,Light_Van,13.5,On_Time
2023-04-24,愛知県,宮城県,Light_Van,10.1,On_Time
2023-11-16,大阪府,福岡県,Refrigerated,5.6,Delayed
2023-12-17,広島県,東京都,Refrigerated,11.2,On_Time
2023-10-25,愛知県,広島県,Refrigerated,21.2,Completed
2023-02-09,福岡県,東京都,Medium_Truck,20.3,Delayed
2023-05-25,北海道,広島県,Large_Truck,6.3,Delayed
2023-04-30,広島県,宮城県,Medium_Truck,24.6,On_Time
2023-05-30,東京都,宮城県,Large_Truck,23.1,Delayed
2023-04-18,東京都,北海道,Medium_Truck,5.4,Completed
2023-11-20,北海道,広島県,Light_Van,21.6,Completed
2023-04-27,福岡県,広島県,Light_Van,21.8,Completed
2023-11-23,広島県,福岡県,Medium_Truck,11.0,Delayed
2023-08-21,福岡県,北海道,Light_Van,16.5,Completed
2023-07-09,北海道,愛知県,Refrigerated,13.3,Completed
2023-11-11,大阪府,広島県,Large_Truck,18.4,On_Time
2023-06-19,大阪府,東京都,Medium_Truck,13.3,On_Time
2023-08-18,福岡県,広島県,Large_Truck,19.5,Completed
2023-01-31,広島県,福岡県,Refrigerated,10.6,On_Time
2023-10-18,北海道,福岡県,Large_Truck,22.2,Delayed
2023-09-23,愛知県,東京都,Light_Van,22.7,Delayed
2023-08-11,広島県,愛知県,Refrigerated,17.9,Completed
2023-02-12,東京都,北海道,Medium_Truck,11.9,On_Time
2023-10-30,愛知県,北海道,Medium_Truck,8.9,Delayed
2023-06-06,愛知県,広島県,Medium_Truck,16.6,Completed
2023-11-15,愛知県,東京都,Large_Truck,7.0,Completed
2023-11-16,宮城県,広島県,Large_Truck,16.8,Delayed
2023-03-23,大阪府,愛知県,Light_Van,28.3,Completed
2023-06-30,福岡県,宮城県,Medium_Truck,17.3,Delayed
2023-08-03,北海道,広島県,Medium_Truck,21.1,On_Time
2023-11-20,宮城県,東京都,Light_Van,4.5,Completed
2023-03-28,広島県,愛知県,Refrigerated,36.2,On_Time
2023-06-29,福岡県,東京都,Light_Van,14.7,On_Time
2023-01-17,福岡県,宮城県,Refrigerated,20.0,Delayed
2023-09-15,福岡県,宮城県,Large_Truck,14.4,Completed
2023-06-13,北海道,大阪府,Medium_Truck,16.2,Delayed
2023-04-04,福岡県,大阪府,Refrigerated,7.7,On_Time
2023-07-18,広島県,愛知県,Large_Truck,21.1,Completed
2023-07-16,東京都,福岡県,Large_Truck,7.9,Completed
2023-09-04,愛知県,広島県,Light_Van,14.0,Delayed
2023-07-20,福岡県,広島県,Refrigerated,19.2,On_Time
2023-12-06,北海道,宮城県,Refrigerated,32.5,On_Time
2023-03-01,東京都,宮城県,Refrigerated,36.5,On_Time
2023-02-09,福岡県,東京都,Light_Van,16.3,Delayed
2023-09-21,広島県,愛知県,Light_Van,22.7,On_Time
2023-11-30,広島県,大阪府,Light_Van,11.6,On_Time
2023-12-04,北海道,大阪府,Large_Truck,29.7,On_Time
2023-03-28,北海道,東京都,Large_Truck,4.1,Completed
2023-04-08,福岡県,北海道,Refrigerated,22.6,Completed
2023-04-29,福岡県,広島県,Refrigerated,4.9,Completed
2023-07-03,北海道,東京都,Light_Van,15.8,Delayed
2023-11-26,東京都,福岡県,Light_Van,9.6,On_Time
2023-04-25,愛知県,東京都,Refrigerated,8.8,On_Time
2023-02-15,宮城県,広島県,Light_Van,4.1,Completed
2023-12-23,大阪府,愛知県,Medium_Truck,23.9,Completed
2023-01-14,福岡県,広島県,Refrigerated,6.7,On_Time
2023-04-09,大阪府,東京都,Large_Truck,18.8,Delayed
2023-03-12,宮城県,北海道,Refrigerated,36.0,On_Time
2024-01-13,広島県,東京都,Large_Truck,9.6,Delayed
2023-08-31,宮城県,広島県,Refrigerated,4.4,Delayed
2023-04-23,東京都,福岡県,Medium_Truck,8.3,Completed
2023-02-06,東京都,宮城県,Refrigerated,14.3,Delayed
2024-01-24,大阪府,愛知県,Light_Van,5.5,On_Time
2023-10-29,東京都,宮城県,Large_Truck,23.0,Completed
2024-01-23,広島県,東京都,Refrigerated,19.8,Delayed
2023-01-02,愛知県,東京都,Medium_Truck,6.9,Completed
2023-04-10,東京都,広島県,Light_Van,10.6,On_Time
2024-01-12,北海道,福岡県,Large_Truck,24.3,Delayed
2023-03-07,北海道,広島県,Large_Truck,31.4,Delayed
2023-11-17,宮城県,東京都,Refrigerated,6.3,Delayed
2023-12-15,大阪府,東京都,Light_Van,13.8,On_Time
2023-11-02,大阪府,福岡県,Large_Truck,20.1,Completed
2023-12-26,愛知県,広島県,Light_Van,26.6,On_Time
2023-05-15,東京都,北海道,Light_Van,1.9,Delayed
2023-11-14,愛知県,北海道,Large_Truck,21.9,Completed
2023-04-09,東京都,大阪府,Light_Van,24.1,Delayed
2023-05-16,東京都,広島県,Refrigerated,10.5,Delayed
2023-10-29,宮城県,福岡県,Large_Truck,20.6,Delayed
2023-04-25,大阪府,宮城県,Light_Van,14.6,On_Time
2023-01-08,北海道,福岡県,Light_Van,11.9,Completed
2023-05-23,福岡県,大阪府,Large_Truck,6.3,Delayed
2023-01-18,広島県,北海道,Large_Truck,5.5,Delayed
2023-09-08,愛知県,東京都,Medium_Truck,22.3,Completed
2023-04-16,東京都,広島県,Large_Truck,12.3,On_Time
2023-11-03,北海道,福岡県,Medium_Truck,20.5,Completed
2023-10-30,北海道,東京都,Large_Truck,16.6,Delayed
2023-02-05,宮城県,広島県,Large_Truck,10.3,Delayed
2023-01-11,広島県,宮城県,Light_Van,16.9,Delayed
2023-06-21,福岡県,北海道,Medium_Truck,8.4,Delayed
2023-08-19,宮城県,福岡県,Medium_Truck,10.1,On_Time
2023-04-09,東京都,広島県,Refrigerated,14.2,Completed
2023-09-02,宮城県,福岡県,Large_Truck,24.2,Delayed
2023-03-08,東京都,大阪府,Light_Van,12.1,Delayed
2023-03-29,北海道,福岡県,Large_Truck,11.2,Completed
2024-02-03,東京都,北海道,Refrigerated,19.4,On_Time
2023-02-21,広島県,東京都,Medium_Truck,15.0,Delayed
2023-01-14,北海道,東京都,Refrigerated,16.6,Completed
2023-01-16,福岡県,北海道,Large_Truck,6.4,Delayed
2023-02-26,愛知県,東京都,Light_Van,9.7,Completed
2023-06-14,東京都,広島県,Medium_Truck,23.3,On_Time
2023-04-06,愛知県,宮城県,Light_Van,16.7,On_Time
2023-11-02,広島県,福岡県,Refrigerated,15.6,Delayed
2023-03-12,大阪府,福岡県,Light_Van,31.7,Delayed
2023-04-13,大阪府,広島県,Large_Truck,22.6,Completed
2023-12-21,大阪府,北海道,Refrigerated,32.1,Completed
2023-01-27,愛知県,広島県,Refrigerated,12.7,On_Time
2023-07-08,広島県,東京都,Refrigerated,19.3,Delayed
2023-02-02,宮城県,愛知県,Light_Van,7.6,Completed
2024-01-05,福岡県,広島県,Medium_Truck,14.6,Delayed
2023-07-10,宮城県,福岡県,Medium_Truck,17.4,On_Time
2023-08-19,大阪府,広島県,Medium_Truck,11.7,Completed
2023-12-19,福岡県,北海道,Light_Van,25.9,Completed
2023-07-29,東京都,愛知県,Light_Van,13.8,Delayed
2024-01-10,宮城県,北海道,Light_Van,5.9,Completed
2023-04-28,東京都,宮城県,Medium_Truck,3.1,On_Time
2023-11-16,東京都,愛知県,Large_Truck,5.1,Completed
2023-05-21,大阪府,福岡県,Refrigerated,1.2,On_Time
2024-01-24,北海道,福岡県,Light_Van,15.4,Completed
2023-03-30,宮城県,広島県,Medium_Truck,28.2,Completed
2023-04-03,大阪府,東京都,Light_Van,14.8,Delayed
2023-11-23,愛知県,宮城県,Light_Van,14.7,Completed
2023-06-28,広島県,東京都,Light_Van,22.9,Delayed
2024-02-04,広島県,愛知県,Refrigerated,1.4,Delayed
2023-07-13,大阪府,北海道,Light_Van,1.0,On_Time
2023-02-05,宮城県,大阪府,Medium_Truck,21.5,Delayed
2023-09-06,東京都,福岡県,Light_Van,20.1,Delayed
2023-07-29,愛知県,宮城県,Refrigerated,22.2,On_Time
2023-06-14,北海道,広島県,Large_Truck,5.8,Completed
2023-08-12,北海道,宮城県,Medium_Truck,2.7,On_Time
2023-01-23,大阪府,愛知県,Light_Van,9.7,On_Time
2023-01-19,広島県,北海道,Large_Truck,11.5,On_Time
2023-01-04,東京都,愛知県,Medium_Truck,18.6,On_Time
2023-09-10,福岡県,大阪府,Refrigerated,19.9,On_Time
2023-05-26,大阪府,宮城県,Light_Van,12.5,On_Time
2023-04-07,宮城県,愛知県,Refrigerated,14.0,On_Time
2023-10-26,大阪府,福岡県,Medium_Truck,4.3,Delayed
2023-10-05,宮城県,広島県,Large_Truck,6.6,On_Time
2023-02-06,東京都,宮城県,Refrigerated,3.0,On_Time
2023-11-19,大阪府,北海道,Refrigerated,5.4,Delayed
2023-02-09,愛知県,東京都,Refrigerated,8.1,On_Time
2023-11-06,愛知県,東京都,Refrigerated,12.6,On_Time
2023-10-01,広島県,東京都,Light_Van,10.6,Completed
2023-11-13,東京都,宮城県,Refrigerated,23.5,Delayed
2023-10-18,愛知県,北海道,Light_Van,14.1,On_Time
2023-05-20,宮城県,東京都,Medium_Truck,11.7,Completed
2023-07-25,北海道,愛知県,Medium_Truck,14.6,Delayed
2023-04-08,東京都,愛知県,Refrigerated,18.9,Completed
2023-01-17,大阪府,福岡県,Refrigerated,11.5,Completed
2023-06-18,北海道,福岡県,Light_Van,17.1,Completed
2023-10-27,宮城県,福岡県,Medium_Truck,19.5,On_Time
2023-04-11,愛知県,東京都,Medium_Truck,22.2,Delayed
2023-06-06,愛知県,東京都,Light_Van,10.5,On_Time
2023-06-21,北海道,東京都,Refrigerated,15.3,Delayed
2023-10-23,福岡県,東京都,Large_Truck,8.7,Delayed
2023-05-25,愛知県,福岡県,Medium_Truck,21.4,Completed
2023-03-10,広島県,福岡県,Light_Van,20.9,Delayed
2023-02-19,北海道,福岡県,Light_Van,20.6,Completed
2023-04-20,北海道,宮城県,Light_Van,11.0,Delayed
2023-06-07,愛知県,広島県,Large_Truck,17.5,Delayed
2023-05-29,愛知県,東京都,Light_Van,18.4,On_Time
2023-07-23,宮城県,福岡県,Medium_Truck,9.7,Completed
2023-11-13,愛知県,広島県,Refrigerated,5.4,Completed
2023-04-09,北海道,愛知県,Refrigerated,12.6,Completed
2023-06-09,大阪府,広島県,Refrigerated,6.6,Delayed
2023-01-21,宮城県,大阪府,Light_Van,6.8,Delayed
2023-06-18,福岡県,東京都,Refrigerated,5.8,Completed
2023-06-18,宮城県,大阪府,Refrigerated,4.3,On_Time
2023-06-25,福岡県,東京都,Light_Van,4.9,On_Time
2024-01-26,愛知県,宮城県,Refrigerated,16.9,On_Time
2023-01-12,大阪府,東京都,Medium_Truck,1.4,Completed
2023-04-04,福岡県,北海道,Medium_Truck,20.3,Delayed
2023-03-08,東京都,宮城県,Large_Truck,25.8,On_Time
2023-06-11,北海道,大阪府,Light_Van,6.1,Delayed
2023-03-05,東京都,広島県,Refrigerated,14.9,Delayed
2023-03-08,大阪府,愛知県,Medium_Truck,11.1,On_Time
2023-05-31,大阪府,愛知県,Refrigerated,14.3,On_Time
2023-12-21,大阪府,福岡県,Refrigerated,23.5,On_Time
2023-01-10,大阪府,北海道,Medium_Truck,4.3,Delayed
2023-08-21,愛知県,広島県,Large_Truck,7.3,Delayed
2023-05-13,大阪府,広島県,Medium_Truck,16.7,On_Time
2023-07-23,広島県,北海道,Light_Van,5.2,Delayed
2023-01-29,広島県,東京都,Light_Van,4.7,On_Time
2023-11-04,宮城県,北海道,Refrigerated,6.8,On_Time
2023-09-05,福岡県,北海道,Large_Truck,20.0,On_Time
2023-11-11,東京都,福岡県,Refrigerated,21.4,Completed
2024-01-31,宮城県,北海道,Light_Van,23.4,Completed
2023-09-12,愛知県,東京都,Light_Van,20.3,On_Time
2023-02-28,東京都,愛知県,Refrigerated,6.4,On_Time
2023-07-16,愛知県,広島県,Refrigerated,6.7,Delayed
2023-02-19,広島県,東京都,Medium_Truck,7.0,On_Time
2023-10-13,広島県,大阪府,Medium_Truck,20.3,Completed
2023-07-14,宮城県,愛知県,Refrigerated,2.1,On_Time
2023-01-15,福岡県,広島県,Refrigerated,23.2,Completed
2023-10-07,東京都,福岡県,Refrigerated,4.9,Delayed
2023-03-10,愛知県,福岡県,Large_Truck,36.8,On_Time
2023-12-21,福岡県,北海道,Light_Van,32.8,On_Time
2023-03-01,広島県,大阪府,Medium_Truck,24.9,Delayed
2023-08-18,広島県,東京都,Large_Truck,18.5,On_Time
2023-02-13,宮城県,愛知県,Refrigerated,19.3,Completed
2023-10-22,福岡県,広島県,Refrigerated,17.9,Delayed
2023-06-07,北海道,宮城県,Medium_Truck,15.7,Completed
2023-09-23,東京都,北海道,Medium_Truck,14.8,On_Time
2023-08-11,北海道,福岡県,Refrigerated,13.5,Delayed
2023-09-25,大阪府,北海道,Light_Van,14.9,Delayed
2023-03-28,宮城県,大阪府,Large_Truck,6.5,On_Time
2023-01-20,福岡県,広島県,Refrigerated,23.4,Delayed
2023-04-27,東京都,広島県,Large_Truck,9.0,Completed
2023-05-12,広島県,宮城県,Large_Truck,16.4,On_Time
2023-07-25,北海道,大阪府,Refrigerated,12.5,On_Time
2023-06-13,福岡県,北海道,Light_Van,10.2,Completed
2023-09-16,広島県,宮城県,Medium_Truck,5.8,Delayed
2023-08-23,東京都,宮城県,Large_Truck,24.1,Completed
2023-05-10,大阪府,北海道,Medium_Truck,10.3,Delayed
2023-11-06,大阪府,宮城県,Medium_Truck,9.9,On_Time
2023-11-18,大阪府,宮城県,Medium_Truck,16.8,Completed
2024-01-06,東京都,広島県,Medium_Truck,4.4,On_Time
2023-05-10,大阪府,広島県,Medium_Truck,11.1,Completed
2023-11-19,宮城県,愛知県,Light_Van,7.7,Delayed
2023-05-08,愛知県,東京都,Large_Truck,7.3,Completed
2023-07-18,宮城県,東京都,Light_Van,9.2,Delayed
2023-04-15,広島県,北海道,Refrigerated,3.2,On_Time
2023-09-16,宮城県,大阪府,Light_Van,20.5,Delayed
2023-12-06,大阪府,東京都,Large_Truck,25.5,Completed
2023-12-14,愛知県,北海道,Medium_Truck,26.4,Delayed
2023-05-19,大阪府,宮城県,Medium_Truck,8.9,Completed
2023-03-30,愛知県,福岡県,Large_Truck,20.7,Delayed
2023-04-05,北海道,東京都,Light_Van,6.8,Delayed
2023-10-06,宮城県,広島県,Large_Truck,18.2,On_Time
2023-08-26,大阪府,福岡県,Light_Van,24.7,Delayed
2023-01-06,福岡県,宮城県,Refrigerated,13.0,Completed
2023-01-03,大阪府,福岡県,Large_Truck,24.7,Delayed
2023-12-29,福岡県,大阪府,Refrigerated,5.2,Delayed
2023-02-13,広島県,福岡県,Refrigerated,7.6,Delayed
2024-01-06,福岡県,北海道,Light_Van,14.6,Completed
2023-03-21,大阪府,福岡県,Medium_Truck,23.3,Completed
2023-05-29,愛知県,宮城県,Refrigerated,13.7,Completed
2023-09-16,大阪府,東京都,Medium_Truck,15.9,On_Time
2023-10-08,大阪府,東京都,Refrigerated,8.0,Completed
2023-04-28,広島県,大阪府,Large_Truck,18.6,On_Time
2023-10-23,広島県,愛知県,Large_Truck,3.7,Completed
2023-07-11,北海道,愛知県,Refrigerated,15.7,Completed
2023-09-14,宮城県,広島県,Light_Van,7.8,On_Time
2023-07-04,大阪府,宮城県,Refrigerated,4.2,On_Time
2023-12-22,北海道,福岡県,Medium_Truck,28.7,Completed
2024-01-06,東京都,広島県,Medium_Truck,9.2,Completed
2023-09-15,大阪府,福岡県,Large_Truck,8.6,On_Time
2023-05-23,福岡県,大阪府,Large_Truck,22.0,On_Time
2023-08-26,福岡県,大阪府,Large_Truck,13.0,On_Time
2023-08-12,愛知県,宮城県,Medium_Truck,23.9,Delayed
2023-04-14,宮城県,広島県,Medium_Truck,7.2,On_Time
2023-01-16,大阪府,愛知県,Light_Van,10.7,Completed
2023-06-18,宮城県,東京都,Light_Van,8.5,Completed
2023-07-30,宮城県,福岡県,Large_Truck,24.6,On_Time
2023-12-25,北海道,東京都,Light_Van,14.2,Completed
2023-10-22,東京都,大阪府,Medium_Truck,3.8,On_Time
2023-07-13,福岡県,大阪府,Large_Truck,17.8,On_Time
2023-12-14,宮城県,福岡県,Medium_Truck,23.4,Completed
2023-12-10,宮城県,北海道,Large_Truck,18.3,Completed
2024-01-12,東京都,宮城県,Medium_Truck,14.8,Completed
2023-02-11,大阪府,宮城県,Refrigerated,6.8,On_Time
2023-10-05,大阪府,愛知県,Light_Van,15.1,On_Time
2023-06-08,広島県,北海道,Light_Van,11.5,Completed
2024-01-25,北海道,東京都,Large_Truck,12.5,Completed
2023-04-03,広島県,東京都,Large_Truck,10.6,Completed
2023-10-16,福岡県,大阪府,Refrigerated,4.1,Delayed
2023-07-31,宮城県,広島県,Large_Truck,16.7,Delayed
2023-03-20,愛知県,福岡県,Light_Van,30.1,Delayed
2023-09-18,東京都,北海道,Medium_Truck,5.8,Completed
2023-09-08,東京都,北海道,Refrigerated,10.8,On_Time
2023-10-28,宮城県,愛知県,Large_Truck,14.2,Completed
2023-04-14,東京都,福岡県,Light_Van,23.9,Delayed
2023-10-14,東京都,福岡県,Medium_Truck,6.0,Completed
2023-04-13,大阪府,宮城県,Medium_Truck,17.7,On_Time
2023-05-18,大阪府,愛知県,Medium_Truck,2.7,On_Time
2023-07-26,愛知県,北海道,Medium_Truck,14.8,On_Time
2023-11-29,愛知県,東京都,Light_Van,4.2,On_Time
2024-01-29,大阪府,広島県,Refrigerated,6.3,Delayed
2023-09-09,広島県,福岡県,Light_Van,24.1,Completed
2024-01-24,大阪府,宮城県,Light_Van,10.3,Delayed
2023-04-08,福岡県,大阪府,Large_Truck,4.0,On_Time
2023-03-14,東京都,福岡県,Refrigerated,14.4,Delayed
2023-09-02,東京都,宮城県,Medium_Truck,13.4,Delayed
2023-06-03,愛知県,北海道,Refrigerated,16.3,Delayed
2023-06-18,福岡県,北海道,Medium_Truck,18.7,Delayed
2023-08-09,愛知県,広島県,Medium_Truck,4.1,Completed
2023-07-07,大阪府,宮城県,Light_Van,12.6,Delayed
2023-05-01,北海道,大阪府,Refrigerated,19.4,Completed
2023-09-08,北海道,愛知県,Light_Van,13.6,On_Time
2023-04-24,福岡県,愛知県,Light_Van,18.1,On_Time
2023-03-17,大阪府,広島県,Medium_Truck,2.1,Completed
2023-04-27,東京都,広島県,Large_Truck,9.0,Completed
2024-01-05,宮城県,東京都,Light_Van,7.7,Delayed
2023-02-05,愛知県,東京都,Refrigerated,24.5,Delayed
2023-04-20,大阪府,北海道,Large_Truck,8.9,Completed
2023-11-25,北海道,広島県,Refrigerated,1.3,Delayed
2023-10-09,東京都,愛知県,Refrigerated,6.6,Completed
2023-03-22,東京都,広島県,Medium_Truck,13.8,On_Time
2023-12-11,大阪府,北海道,Refrigerated,19.9,On_Time
2023-09-28,福岡県,愛知県,Medium_Truck,24.1,On_Time
2023-01-20,愛知県,東京都,Large_Truck,24.1,Delayed
2023-03-19,福岡県,広島県,Medium_Truck,17.2,On_Time
2023-06-28,北海道,宮城県,Light_Van,16.4,Delayed
2023-02-26,愛知県,大阪府,Light_Van,5.0,Completed
2023-05-06,広島県,福岡県,Medium_Truck,7.9,On_Time
2023-02-24,東京都,広島県,Refrigerated,3.0,On_Time
2023-09-26,北海道,宮城県,Large_Truck,22.7,Delayed
2023-03-09,広島県,大阪府,Light_Van,18.4,Delayed
2023-05-15,愛知県,大阪府,Refrigerated,1.1,On_Time
2023-06-27,大阪府,福岡県,Refrigerated,13.1,Delayed
2023-08-16,広島県,愛知県,Light_Van,14.2,Delayed
2023-09-20,福岡県,愛知県,Light_Van,2.3,Completed
2024-01-15,宮城県,福岡県,Large_Truck,17.7,Delayed
2023-07-31,広島県,愛知県,Refrigerated,21.8,Completed
2023-03-22,東京都,北海道,Refrigerated,31.8,On_Time
2024-01-08,宮城県,広島県,Medium_Truck,6.1,Completed
2023-12-03,福岡県,東京都,Large_Truck,15.6,Delayed
2023-04-18,大阪府,東京都,Refrigerated,13.3,Completed
2023-02-10,大阪府,東京都,Refrigerated,15.5,On_Time
2023-07-27,東京都,広島県,Large_Truck,11.9,On_Time
2023-03-29,広島県,大阪府,Large_Truck,25.8,Completed
2023-03-29,広島県,宮城県,Large_Truck,23.3,Delayed
2023-12-19,福岡県,広島県,Refrigerated,33.2,Completed
2023-06-29,福岡県,東京都,Medium_Truck,21.5,On_Time
2023-02-05,宮城県,東京都,Refrigerated,10.6,Delayed
2024-01-24,北海道,大阪府,Refrigerated,11.1,On_Time
2023-04-20,広島県,福岡県,Light_Van,4.7,Delayed
2023-04-22,宮城県,大阪府,Refrigerated,24.8,Delayed
2023-02-07,大阪府,愛知県,Medium_Truck,17.4,Delayed
2023-03-05,北海道,愛知県,Large_Truck,1.8,Delayed
2023-01-28,広島県,東京都,Light_Van,21.5,On_Time
2023-10-12,宮城県,愛知県,Medium_Truck,19.5,Completed
2023-04-04,北海道,愛知県,Light_Van,4.2,Delayed
2023-01-01,大阪府,広島県,Light_Van,16.1,Delayed
2023-09-01,宮城県,愛知県,Refrigerated,4.1,Completed
2023-07-16,大阪府,愛知県,Large_Truck,17.1,On_Time
2023-08-09,広島県,福岡県,Large_Truck,7.7,Completed
2023-02-03,広島県,愛知県,Large_Truck,1.2,Completed
2023-07-01,宮城県,愛知県,Large_Truck,22.9,Delayed
2023-02-20,愛知県,大阪府,Medium_Truck,20.0,Completed
2023-02-05,宮城県,愛知県,Large_Truck,1.5,Completed
2023-10-22,福岡県,広島県,Refrigerated,20.6,Completed
2023-03-18,広島県,愛知県,Medium_Truck,19.6,On_Time
2023-11-17,大阪府,広島県,Medium_Truck,11.0,On_Time
2023-03-01,福岡県,愛知県,Large_Truck,36.0,Completed
2023-12-06,大阪府,広島県,Light_Van,16.8,Delayed
2024-01-21,東京都,宮城県,Light_Van,24.3,Delayed
2023-02-08,愛知県,宮城県,Medium_Truck,1.2,Completed
2024-01-18,大阪府,宮城県,Refrigerated,24.3,Completed
2023-07-26,愛知県,福岡県,Refrigerated,1.5,Completed
2024-01-19,東京都,広島県,Light_Van,23.1,On_Time
2023-02-17,宮城県,愛知県,Light_Van,10.0,On_Time
2023-09-09,北海道,福岡県,Light_Van,12.7,Completed
2023-06-18,大阪府,東京都,Light_Van,23.6,Completed
2023-06-05,東京都,大阪府,Refrigerated,11.6,Completed
2023-02-01,福岡県,宮城県,Large_Truck,17.0,Completed
2023-10-21,大阪府,東京都,Medium_Truck,20.0,Delayed
2023-08-21,福岡県,大阪府,Light_Van,17.5,On_Time
2023-05-19,福岡県,宮城県,Light_Van,15.6,Delayed
2023-04-13,宮城県,広島県,Large_Truck,17.2,Completed
2023-05-04,大阪府,愛知県,Refrigerated,16.6,On_Time
2023-01-21,東京都,広島県,Large_Truck,20.8,On_Time
2023-09-21,北海道,広島県,Refrigerated,4.3,Delayed
2023-05-02,宮城県,福岡県,Refrigerated,17.4,Delayed
2023-01-28,福岡県,広島県,Light_Van,20.1,Delayed
2023-07-09,福岡県,北海道,Refrigerated,9.8,Delayed
2023-02-06,愛知県,大阪府,Large_Truck,22.1,Completed
2023-05-12,広島県,北海道,Medium_Truck,9.5,On_Time
2023-07-13,愛知県,宮城県,Light_Van,12.0,Completed
2024-01-24,大阪府,北海道,Large_Truck,7.1,Completed
2024-01-28,北海道,広島県,Large_Truck,2.7,Delayed
2023-10-26,愛知県,北海道,Large_Truck,15.3,On_Time
2023-07-08,福岡県,北海道,Refrigerated,12.1,Delayed
2023-10-16,東京都,福岡県,Light_Van,25.0,Completed
2023-08-30,北海道,愛知県,Large_Truck,24.3,Completed
2024-01-18,大阪府,北海道,Medium_Truck,2.7,Delayed
2023-07-08,福岡県,大阪府,Large_Truck,1.3,On_Time
2023-05-01,宮城県,広島県,Light_Van,13.4,Completed
2023-12-05,東京都,大阪府,Medium_Truck,6.8,On_Time
2023-07-10,宮城県,北海道,Refrigerated,9.2,Completed
2023-05-22,広島県,宮城県,Refrigerated,6.1,On_Time
2024-01-13,愛知県,福岡県,Refrigerated,7.6,Completed
2023-12-31,北海道,広島県,Medium_Truck,8.9,On_Time
2023-03-24,宮城県,愛知県,Medium_Truck,3.4,Completed
2024-01-25,福岡県,東京都,Medium_Truck,12.2,Delayed
2023-07-21,北海道,愛知県,Medium_Truck,17.8,Delayed
2023-07-21,東京都,福岡県,Medium_Truck,3.0,Completed
2024-01-18,福岡県,愛知県,Medium_Truck,16.5,On_Time
2023-12-25,東京都,広島県,Large_Truck,36.5,On_Time
2023-04-17,広島県,北海道,Medium_Truck,13.1,Completed
2023-09-04,愛知県,福岡県,Medium_Truck,13.7,On_Time
2023-06-30,大阪府,東京都,Light_Van,4.9,On_Time
2023-09-29,福岡県,大阪府,Large_Truck,11.4,Completed
2023-06-25,広島県,大阪府,Refrigerated,8.4,Delayed
2023-07-02,広島県,愛知県,Refrigerated,3.6,Completed
2023-11-03,東京都,北海道,Medium_Truck,11.5,Completed
2023-09-28,広島県,愛知県,Large_Truck,23.9,On_Time
2023-10-13,東京都,愛知県,Light_Van,5.4,On_Time
2023-12-08,広島県,福岡県,Light_Van,22.8,On_Time
2023-01-06,北海道,宮城県,Refrigerated,13.0,On_Time
2023-07-18,広島県,東京都,Light_Van,2.8,Completed
2023-08-09,福岡県,大阪府,Light_Van,1.6,On_Time
2023-07-29,北海道,東京都,Refrigerated,3.6,Delayed
2023-06-28,愛知県,宮城県,Refrigerated,4.5,Delayed
2023-11-01,広島県,宮城県,Light_Van,22.5,On_Time
2023-10-07,愛知県,大阪府,Refrigerated,21.8,Completed
2023-08-26,東京都,宮城県,Large_Truck,9.9,On_Time
2023-07-03,大阪府,北海道,Medium_Truck,7.7,On_Time
2023-09-19,福岡県,北海道,Medium_Truck,12.5,Completed
2023-03-24,東京都,福岡県,Large_Truck,24.3,Delayed
2023-01-03,広島県,愛知県,Light_Van,20.1,Completed
2023-05-26,愛知県,大阪府,Large_Truck,10.3,Completed
2023-09-16,愛知県,北海道,Medium_Truck,24.4,On_Time
2023-08-05,愛知県,宮城県,Medium_Truck,11.7,On_Time
2023-04-30,愛知県,福岡県,Refrigerated,6.8,Completed
2023-11-04,北海道,宮城県,Large_Truck,7.7,Completed
2023-04-22,東京都,愛知県,Medium_Truck,2.1,Completed
2023-03-03,愛知県,広島県,Light_Van,6.7,On_Time
2023-04-11,広島県,福岡県,Large_Truck,22.3,On_Time
2023-11-14,広島県,東京都,Refrigerated,2.3,On_Time
2023-11-09,東京都,大阪府,Refrigerated,14.6,Completed
2023-10-01,大阪府,北海道,Light_Van,15.1,Delayed
2023-11-05,愛知県,福岡県,Refrigerated,15.4,On_Time
2024-01-16,東京都,大阪府,Light_Van,10.9,Completed
2023-07-27,大阪府,宮城県,Medium_Truck,14.6,On_Time
2023-01-02,愛知県,広島県,Large_Truck,19.3,On_Time
2023-09-11,大阪府,愛知県,Large_Truck,18.9,Completed
2023-07-05,愛知県,宮城県,Medium_Truck,14.8,On_Time
2023-12-21,北海道,東京都,Large_Truck,9.5,Completed
2023-03-12,大阪府,宮城県,Large_Truck,25.7,Delayed
2023-09-04,東京都,福岡県,Refrigerated,5.8,Delayed
2024-01-08,宮城県,北海道,Light_Van,17.4,Completed
2023-11-03,東京都,愛知県,Light_Van,22.3,On_Time
2023-10-21,大阪府,広島県,Medium_Truck,6.3,Completed
2023-05-17,宮城県,大阪府,Refrigerated,24.1,On_Time
2023-04-20,福岡県,東京都,Medium_Truck,23.2,Completed
2023-05-29,北海道,宮城県,Light_Van,15.3,On_Time
2023-02-04,大阪府,北海道,Refrigerated,11.0,Completed
2023-10-19,福岡県,愛知県,Light_Van,2.4,On_Time
2023-12-17,東京都,宮城県,Light_Van,30.4,On_Time
2023-02-06,北海道,東京都,Light_Van,12.4,On_Time
2023-07-27,東京都,宮城県,Refrigerated,15.9,Completed
2023-02-11,広島県,宮城県,Light_Van,10.3,On_Time
2023-02-18,宮城県,大阪府,Refrigerated,20.7,On_Time
2023-05-14,大阪府,広島県,Light_Van,7.4,On_Time
2023-07-14,北海道,広島県,Light_Van,8.3,Completed
2023-05-02,宮城県,東京都,Light_Van,11.1,Completed
2023-02-08,広島県,北海道,Large_Truck,16.8,Delayed
2023-02-27,広島県,東京都,Light_Van,1.8,On_Time
2023-04-03,愛知県,福岡県,Refrigerated,3.6,Delayed
2023-07-03,北海道,福岡県,Light_Van,22.7,Delayed
2023-06-06,大阪府,広島県,Refrigerated,10.3,On_Time
2023-11-04,大阪府,東京都,Medium_Truck,12.7,Delayed
2023-04-25,広島県,大阪府,Light_Van,1.7,On_Time
2023-11-11,宮城県,東京都,Medium_Truck,16.2,Delayed
2023-03-22,宮城県,東京都,Refrigerated,21.9,Delayed
2023-01-29,広島県,愛知県,Light_Van,10.1,On_Time
2023-10-15,愛知県,大阪府,Refrigerated,16.0,Delayed
2023-03-29,福岡県,広島県,Refrigerated,17.2,On_Time
2023-01-29,愛知県,宮城県,Medium_Truck,16.8,Delayed
2023-12-28,大阪府,広島県,Medium_Truck,27.3,Delayed
2023-02-06,大阪府,福岡県,Large_Truck,15.5,Completed
2023-02-01,宮城県,北海道,Light_Van,23.1,Completed
2023-04-03,宮城県,大阪府,Light_Van,6.5,Delayed
2023-03-08,東京都,福岡県,Light_Van,8.0,Delayed
2023-04-16,福岡県,広島県,Light_Van,16.3,Completed
2023-11-10,北海道,東京都,Large_Truck,13.1,Completed
2023-05-08,北海道,福岡県,Large_Truck,6.6,Delayed
2023-11-11,福岡県,大阪府,Large_Truck,16.9,Delayed
2023-01-28,北海道,大阪府,Light_Van,2.2,Delayed
2023-06-12,北海道,福岡県,Medium_Truck,10.0,Delayed
2023-03-14,愛知県,北海道,Refrigerated,25.9,Delayed
2023-04-11,福岡県,東京都,Medium_Truck,7.4,Completed
2023-01-02,広島県,東京都,Medium_Truck,9.8,Delayed
2023-12-04,広島県,北海道,Refrigerated,35.9,On_Time
2023-10-07,宮城県,北海道,Medium_Truck,11.3,Delayed
2023-05-20,宮城県,大阪府,Large_Truck,17.8,Delayed
2023-11-01,福岡県,北海道,Medium_Truck,14.5,On_Time
2023-04-27,北海道,大阪府,Medium_Truck,9.0,On_Time
2023-11-03,大阪府,愛知県,Large_Truck,14.8,Completed
2023-10-31,愛知県,東京都,Medium_Truck,15.8,Completed
2023-03-01,東京都,宮城県,Light_Van,22.4,Delayed
2023-09-15,大阪府,福岡県,Refrigerated,9.8,Completed
2023-05-17,福岡県,北海道,Large_Truck,1.1,Completed
2023-08-21,大阪府,宮城県,Light_Van,11.7,Completed
2024-01-26,宮城県,北海道,Refrigerated,12.9,On_Time
2023-07-02,宮城県,北海道,Medium_Truck,10.0,Delayed
2023-08-14,北海道,東京都,Refrigerated,8.7,Delayed
2023-04-17,大阪府,東京都,Medium_Truck,15.1,Delayed
2023-01-30,広島県,東京都,Large_Truck,3.8,On_Time
2023-03-29,福岡県,愛知県,Refrigerated,19.7,On_Time
2023-01-17,広島県,愛知県,Light_Van,9.9,On_Time
2023-09-22,広島県,北海道,Medium_Truck,23.3,Delayed
2023-07-11,広島県,宮城県,Large_Truck,15.8,Delayed
2023-10-18,東京都,大阪府,Large_Truck,17.1,On_Time
2023-07-02,愛知県,大阪府,Medium_Truck,11.6,Delayed
2023-06-19,東京都,北海道,Medium_Truck,3.7,On_Time
2023-05-30,北海道,東京都,Refrigerated,20.8,On_Time
2023-03-02,広島県,北海道,Refrigerated,23.2,Delayed
2023-08-24,北海道,愛知県,Medium_Truck,20.1,On_Time
2023-06-06,宮城県,広島県,Refrigerated,5.8,Completed
2023-05-10,愛知県,大阪府,Light_Van,6.4,Completed
2023-05-21,大阪府,北海道,Light_Van,23.0,On_Time
2023-04-26,広島県,大阪府,Light_Van,18.0,Completed
2023-06-30,福岡県,北海道,Refrigerated,3.7,Delayed
2023-05-22,北海道,愛知県,Large_Truck,22.6,On_Time
2023-06-05,北海道,愛知県,Large_Truck,16.8,On_Time
2023-11-27,東京都,福岡県,Refrigerated,4.6,On_Time
2024-01-13,宮城県,広島県,Refrigerated,2.8,Delayed
2023-03-22,北海道,福岡県,Large_Truck,34.6,On_Time
2023-07-16,大阪府,愛知県,Refrigerated,4.0,Completed
2023-07-19,東京都,宮城県,Medium_Truck,22.5,On_Time
2023-05-27,広島県,東京都,Large_Truck,5.2,Delayed
2023-03-24,愛知県,宮城県,Large_Truck,8.9,On_Time
2023-05-03,愛知県,東京都,Medium_Truck,17.2,Delayed
2023-11-25,愛知県,広島県,Large_Truck,6.8,Completed
2024-01-30,北海道,愛知県,Medium_Truck,2.8,On_Time
2023-01-01,北海道,福岡県,Medium_Truck,5.2,On_Time
2023-07-07,宮城県,北海道,Light_Van,10.7,Delayed
2023-04-29,東京都,宮城県,Refrigerated,8.3,Delayed
2023-11-18,宮城県,大阪府,Large_Truck,14.3,On_Time
2023-05-06,広島県,北海道,Large_Truck,11.7,Completed
2024-01-16,北海道,愛知県,Large_Truck,18.5,Completed
2023-11-22,大阪府,愛知県,Light_Van,20.0,Delayed
2023-08-08,北海道,福岡県,Medium_Truck,17.8,On_Time
2023-08-12,宮城県,北海道,Medium_Truck,21.6,Completed
2023-08-06,東京都,大阪府,Refrigerated,21.6,Delayed
2023-07-04,大阪府,宮城県,Refrigerated,10.3,Delayed
2023-03-17,愛知県,広島県,Medium_Truck,19.1,Delayed
2023-05-21,宮城県,北海道,Light_Van,17.2,Completed
2023-02-17,北海道,福岡県,Light_Van,8.1,Completed
2023-08-23,愛知県,福岡県,Large_Truck,12.6,On_Time
2024-01-15,北海道,福岡県,Large_Truck,19.3,Completed
2023-07-14,大阪府,広島県,Large_Truck,10.5,Completed
2023-02-12,大阪府,北海道,Light_Van,7.0,Delayed
2023-01-13,福岡県,宮城県,Large_Truck,6.0,Delayed
2023-04-28,愛知県,広島県,Light_Van,22.7,Completed
2023-06-07,北海道,福岡県,Large_Truck,22.2,Completed
2023-01-06,福岡県,広島県,Large_Truck,23.9,Delayed
2023-08-21,宮城県,福岡県,Medium_Truck,19.1,Completed
2023-03-04,北海道,愛知県,Light_Van,6.5,Completed
2023-10-31,大阪府,宮城県,Refrigerated,8.5,On_Time
2023-01-18,広島県,北海道,Large_Truck,10.5,Completed
2024-01-01,愛知県,広島県,Large_Truck,18.7,Completed
2023-10-02,福岡県,宮城県,Large_Truck,9.1,On_Time
2024-02-04,宮城県,福岡県,Light_Van,5.9,Delayed
2023-09-26,大阪府,広島県,Light_Van,17.1,On_Time
2023-04-09,広島県,福岡県,Light_Van,7.9,On_Time
2023-07-19,広島県,愛知県,Medium_Truck,16.3,Completed
2023-07-01,宮城県,大阪府,Large_Truck,14.0,On_Time
2023-09-17,宮城県,大阪府,Light_Van,18.2,Delayed
2024-02-03,北海道,福岡県,Refrigerated,3.8,Delayed
2024-01-12,愛知県,北海道,Refrigerated,19.1,On_Time
2023-10-11,愛知県,宮城県,Refrigerated,15.8,Delayed
2023-05-06,北海道,東京都,Large_Truck,21.9,Completed
2023-08-08,大阪府,愛知県,Light_Van,17.1,Completed
2023-11-29,福岡県,広島県,Medium_Truck,16.5,Delayed
2023-02-21,愛知県,北海道,Large_Truck,21.0,Completed
2023-06-24,大阪府,愛知県,Refrigerated,9.6,Completed
2023-06-06,北海道,広島県,Light_Van,15.3,Completed
2023-09-27,東京都,愛知県,Refrigerated,10.9,Completed
2023-06-25,宮城県,北海道,Large_Truck,14.5,Completed
2023-01-29,宮城県,愛知県,Refrigerated,6.7,Delayed
2023-07-16,福岡県,広島県,Medium_Truck,7.1,Completed
2023-01-09,広島県,宮城県,Refrigerated,6.4,Delayed
2023-02-10,北海道,福岡県,Light_Van,12.0,On_Time
2023-12-29,広島県,東京都,Medium_Truck,4.4,Delayed
2023-09-12,宮城県,北海道,Light_Van,4.3,Delayed
2023-04-25,愛知県,宮城県,Refrigerated,5.7,Delayed
2023-05-13,東京都,北海道,Refrigerated,3.4,On_Time
2023-07-05,大阪府,愛知県,Large_Truck,2.9,Completed
2023-12-23,愛知県,大阪府,Large_Truck,12.3,On_Time
2023-04-17,宮城県,大阪府,Medium_Truck,5.1,On_Time
2023-05-28,北海道,広島県,Large_Truck,2.2,Delayed
2023-01-27,大阪府,東京都,Refrigerated,6.1,Delayed
2024-01-22,大阪府,広島県,Medium_Truck,14.3,On_Time
2023-07-30,宮城県,愛知県,Refrigerated,8.7,On_Time
2023-06-23,北海道,愛知県,Large_Truck,2.2,Delayed
2023-12-30,宮城県,大阪府,Light_Van,8.9,Delayed
2023-04-30,大阪府,東京都,Refrigerated,12.4,Completed
2023-08-18,大阪府,宮城県,Medium_Truck,17.4,On_Time
2023-07-21,東京都,大阪府,Large_Truck,23.8,Completed
2023-03-09,北海道,福岡県,Light_Van,28.5,Completed
2023-11-18,広島県,愛知県,Medium_Truck,7.2,On_Time
2023-01-11,北海道,宮城県,Light_Van,15.1,Completed
2023-01-07,大阪府,東京都,Refrigerated,23.5,On_Time
2023-05-18,福岡県,東京都,Refrigerated,11.4,On_Time
2023-07-29,大阪府,北海道,Large_Truck,19.5,Completed
2023-11-08,宮城県,大阪府,Medium_Truck,7.5,On_Time
2023-06-12,福岡県,大阪府,Large_Truck,7.4,Completed
2023-09-04,大阪府,宮城県,Refrigerated,14.5,Delayed
2023-07-11,東京都,北海道,Large_Truck,21.6,Completed
2023-05-02,愛知県,福岡県,Medium_Truck,10.6,On_Time
2023-08-10,大阪府,愛知県,Light_Van,17.5,Delayed
2023-08-10,愛知県,広島県,Refrigerated,12.0,Completed
2023-12-19,愛知県,北海道,Large_Truck,9.2,On_Time
2023-03-03,福岡県,広島県,Refrigerated,19.9,Completed
2023-12-15,広島県,北海道,Refrigerated,35.8,On_Time
2023-12-07,福岡県,愛知県,Light_Van,5.7,Delayed
2023-08-15,大阪府,愛知県,Refrigerated,14.0,Completed
2023-07-06,広島県,大阪府,Medium_Truck,11.0,Completed
2023-09-01,愛知県,福岡県,Medium_Truck,9.0,Delayed
2023-07-13,広島県,愛知県,Medium_Truck,18.2,On_Time
2023-11-15,広島県,宮城県,Large_Truck,21.7,Delayed
2023-12-02,福岡県,東京都,Light_Van,5.0,Completed
2023-10-08,東京都,宮城県,Light_Van,6.6,Completed
2023-02-10,福岡県,宮城県,Refrigerated,19.7,Completed
2023-12-20,福岡県,愛知県,Large_Truck,23.9,Delayed
2024-01-13,宮城県,大阪府,Light_Van,13.7,On_Time
2024-01-28,広島県,宮城県,Large_Truck,1.9,Delayed
2023-06-23,宮城県,広島県,Light_Van,17.2,On_Time
2023-03-25,宮城県,大阪府,Large_Truck,4.9,Delayed
2023-06-28,宮城県,広島県,Light_Van,21.8,Completed
2023-05-11,大阪府,福岡県,Refrigerated,16.9,Completed
2023-04-09,宮城県,広島県,Refrigerated,14.4,On_Time
2023-01-17,福岡県,北海道,Light_Van,7.6,On_Time
2023-04-21,愛知県,福岡県,Medium_Truck,13.8,Completed
2023-12-14,福岡県,宮城県,Refrigerated,5.4,On_Time
2024-01-14,広島県,愛知県,Refrigerated,1.7,Completed
2023-09-25,北海道,愛知県,Medium_Truck,19.0,On_Time
2023-01-23,宮城県,広島県,Medium_Truck,5.1,Delayed
2023-02-22,福岡県,愛知県,Refrigerated,18.2,On_Time
2023-09-19,愛知県,広島県,Medium_Truck,22.5,Completed
2023-10-17,広島県,福岡県,Large_Truck,23.2,Completed
2024-02-03,大阪府,愛知県,Light_Van,22.1,Delayed
2023-02-17,東京都,愛知県,Light_Van,8.7,On_Time
2023-07-22,北海道,宮城県,Large_Truck,17.8,Delayed
2023-06-01,愛知県,大阪府,Refrigerated,9.2,Completed
2023-02-07,大阪府,福岡県,Light_Van,4.2,Delayed
2023-02-01,愛知県,宮城県,Light_Van,15.3,On_Time
2023-11-26,福岡県,東京都,Light_Van,11.1,Completed
2023-09-05,広島県,大阪府,Light_Van,19.1,Completed
2023-04-15,広島県,福岡県,Large_Truck,1.5,Delayed
2023-06-07,福岡県,愛知県,Medium_Truck,13.0,On_Time
2023-05-15,宮城県,愛知県,Medium_Truck,22.8,Delayed
2024-01-29,東京都,宮城県,Large_Truck,16.9,Delayed
2023-09-23,愛知県,大阪府,Large_Truck,5.7,Delayed
2024-01-14,大阪府,北海道,Light_Van,6.4,Delayed
2023-01-24,北海道,東京都,Light_Van,19.1,Completed
2023-01-06,大阪府,東京都,Light_Van,5.5,On_Time
2023-04-01,北海道,広島県,Light_Van,14.0,On_Time
2023-09-19,福岡県,東京都,Medium_Truck,15.0,On_Time
2023-07-24,北海道,広島県,Light_Van,3.1,On_Time
2023-07-01,北海道,福岡県,Refrigerated,21.4,On_Time
2023-10-06,大阪府,愛知県,Large_Truck,25.0,Completed
2023-01-08,宮城県,北海道,Large_Truck,18.6,On_Time
2023-02-10,東京都,広島県,Refrigerated,8.1,Completed
2023-08-03,北海道,福岡県,Large_Truck,1.6,On_Time
2023-02-24,福岡県,広島県,Large_Truck,8.6,Completed
2024-01-24,広島県,福岡県,Medium_Truck,16.5,On_Time
2023-07-05,大阪府,東京都,Large_Truck,17.3,Delayed
2023-01-26,愛知県,宮城県,Medium_Truck,2.4,On_Time
2023-06-11,愛知県,広島県,Medium_Truck,20.8,On_Time
2023-02-06,大阪府,東京都,Medium_Truck,14.3,Delayed
2023-07-23,愛知県,広島県,Refrigerated,17.3,On_Time
2023-05-04,愛知県,宮城県,Light_Van,21.3,On_Time
2023-11-10,北海道,愛知県,Refrigerated,12.1,Delayed
2023-03-17,福岡県,宮城県,Light_Van,34.1,Completed
2024-01-26,宮城県,北海道,Large_Truck,22.9,On_Time
2023-11-15,愛知県,福岡県,Medium_Truck,5.0,Completed
2023-07-23,大阪府,福岡県,Refrigerated,13.5,Delayed
2023-11-13,広島県,福岡県,Light_Van,1.0,Delayed
2023-11-29,東京都,愛知県,Large_Truck,8.6,Delayed
2023-04-22,愛知県,東京都,Light_Van,21.6,On_Time
2023-08-11,東京都,愛知県,Light_Van,23.2,Completed
2023-12-13,北海道,愛知県,Large_Truck,31.3,On_Time
2023-02-18,広島県,東京都,Light_Van,17.5,Delayed
2023-09-05,宮城県,東京都,Large_Truck,6.5,On_Time
2023-10-02,東京都,福岡県,Large_Truck,4.6,Completed
2023-11-29,大阪府,広島県,Medium_Truck,17.2,Completed
2023-08-10,広島県,福岡県,Medium_Truck,16.5,Completed
2023-03-09,宮城県,大阪府,Medium_Truck,6.9,Completed
2023-02-28,北海道,福岡県,Light_Van,5.8,Completed
2023-02-04,東京都,大阪府,Medium_Truck,5.1,On_Time
2023-03-17,愛知県,広島県,Large_Truck,5.0,Completed
2023-08-13,大阪府,宮城県,Medium_Truck,10.6,Completed
2023-04-28,東京都,北海道,Light_Van,9.9,On_Time
2023-09-19,愛知県,北海道,Medium_Truck,17.6,Delayed
2023-01-14,福岡県,宮城県,Refrigerated,12.6,Delayed
2023-12-23,北海道,福岡県,Refrigerated,21.5,Completed
2023-04-28,宮城県,福岡県,Medium_Truck,3.0,Delayed
2023-07-18,広島県,大阪府,Light_Van,1.5,Delayed
2023-02-13,北海道,広島県,Light_Van,14.6,On_Time
2023-07-10,広島県,北海道,Refrigerated,19.8,Completed
2024-01-04,東京都,福岡県,Light_Van,10.0,Completed
2023-02-12,東京都,宮城県,Large_Truck,16.7,On_Time
2023-08-16,愛知県,宮城県,Large_Truck,20.7,Completed
2023-10-13,東京都,愛知県,Large_Truck,22.3,On_Time
2023-06-18,福岡県,愛知県,Light_Van,11.1,Completed
2023-12-15,宮城県,広島県,Refrigerated,25.0,On_Time
2023-06-05,愛知県,大阪府,Refrigerated,24.2,Completed
2023-07-19,広島県,北海道,Medium_Truck,7.9,Delayed
2023-06-16,福岡県,北海道,Light_Van,4.2,On_Time
2023-03-15,東京都,広島県,Light_Van,22.5,Delayed
2023-12-31,北海道,愛知県,Refrigerated,14.3,Delayed
2023-06-24,北海道,広島県,Large_Truck,5.0,Delayed
2023-12-29,福岡県,北海道,Light_Van,12.8,Delayed
2023-03-13,東京都,愛知県,Light_Van,8.7,Delayed
2023-03-28,北海道,福岡県,Large_Truck,5.4,Delayed
2023-02-25,広島県,宮城県,Refrigerated,6.9,Completed
2023-10-10,福岡県,北海道,Large_Truck,17.0,Completed
2023-06-11,東京都,宮城県,Medium_Truck,18.6,Delayed
2023-11-26,東京都,大阪府,Refrigerated,4.7,Completed
2023-05-22,北海道,東京都,Medium_Truck,5.2,Completed
2024-01-31,愛知県,東京都,Large_Truck,17.9,On_Time
2023-06-26,北海道,愛知県,Light_Van,15.7,Completed
2023-04-25,大阪府,北海道,Light_Van,11.9,On_Time
2023-06-10,宮城県,広島県,Medium_Truck,12.5,Completed
2023-05-16,大阪府,北海道,Refrigerated,7.6,Delayed
2024-01-16,東京都,宮城県,Refrigerated,1.5,On_Time
2023-01-28,広島県,東京都,Refrigerated,3.6,Completed
2023-07-27,北海道,東京都,Medium_Truck,10.6,Completed
2023-02-10,愛知県,広島県,Medium_Truck,6.0,On_Time
2024-01-12,福岡県,北海道,Refrigerated,16.4,Delayed
2023-11-17,宮城県,東京都,Medium_Truck,13.4,On_Time
2023-11-05,福岡県,北海道,Large_Truck,23.1,Delayed
2023-07-06,北海道,大阪府,Refrigerated,2.2,Completed
2023-05-23,大阪府,広島県,Refrigerated,4.1,Delayed
2023-06-25,北海道,宮城県,Light_Van,3.4,Delayed
2024-02-03,宮城県,福岡県,Light_Van,10.1,On_Time
2023-10-22,北海道,宮城県,Large_Truck,2.0,Completed
2023-03-05,福岡県,宮城県,Medium_Truck,17.5,Completed
2024-02-04,宮城県,北海道,Large_Truck,1.7,Completed
2023-11-18,福岡県,愛知県,Light_Van,9.3,Delayed
2023-11-24,広島県,愛知県,Light_Van,20.9,On_Time
2023-04-08,福岡県,愛知県,Large_Truck,20.8,On_Time
2023-07-05,宮城県,大阪府,Large_Truck,8.6,On_Time
2023-08-04,北海道,大阪府,Medium_Truck,6.5,Delayed
2023-07-10,宮城県,福岡県,Medium_Truck,18.6,On_Time
2023-06-01,東京都,広島県,Light_Van,19.5,Completed
2023-06-21,北海道,東京都,Large_Truck,22.4,Completed
2023-10-17,福岡県,大阪府,Large_Truck,14.0,Completed
2023-01-20,福岡県,広島県,Large_Truck,7.5,On_Time
2023-04-22,大阪府,愛知県,Light_Van,21.3,On_Time
2023-10-29,宮城県,北海道,Medium_Truck,18.6,On_Time
2023-12-29,広島県,福岡県,Light_Van,33.9,Completed
2023-07-27,大阪府,宮城県,Large_Truck,21.5,On_Time
2023-12-17,北海道,広島県,Light_Van,22.6,Completed
2023-10-09,福岡県,北海道,Large_Truck,6.9,Delayed
2023-11-04,北海道,愛知県,Refrigerated,19.5,Completed
2023-10-22,宮城県,愛知県,Light_Van,3.3,Completed
2023-08-13,宮城県,大阪府,Refrigerated,2.5,Completed
2023-01-18,大阪府,愛知県,Large_Truck,14.7,Completed
2024-01-31,福岡県,大阪府,Large_Truck,6.5,Completed
2023-07-15,大阪府,福岡県,Refrigerated,9.7,On_Time
2023-05-27,宮城県,福岡県,Large_Truck,21.9,On_Time
2024-01-30,東京都,福岡県,Medium_Truck,12.5,On_Time
2023-09-19,愛知県,東京都,Medium_Truck,9.6,Delayed
2023-01-26,北海道,広島県,Refrigerated,9.7,Delayed
2024-02-05,北海道,広島県,Refrigerated,1.7,Delayed
2023-06-22,北海道,広島県,Medium_Truck,1.8,Delayed
2023-09-23,愛知県,広島県,Light_Van,2.6,Delayed
2024-01-25,大阪府,広島県,Medium_Truck,15.7,Completed
2023-01-25,福岡県,宮城県,Refrigerated,22.1,Delayed
2023-07-11,大阪府,宮城県,Light_Van,6.3,Completed
2023-12-01,福岡県,東京都,Light_Van,7.2,Delayed
2023-03-08,東京都,北海道,Light_Van,15.2,Delayed
2023-02-04,大阪府,東京都,Large_Truck,2.2,Completed
2023-02-01,大阪府,北海道,Large_Truck,10.2,On_Time
2023-07-16,東京都,広島県,Refrigerated,20.9,On_Time
2023-02-09,広島県,大阪府,Large_Truck,11.5,Delayed
2023-07-16,広島県,宮城県,Medium_Truck,5.2,Completed
2023-04-03,大阪府,福岡県,Medium_Truck,13.3,Delayed
2023-03-25,大阪府,宮城県,Medium_Truck,21.7,On_Time
2023-06-17,大阪府,北海道,Medium_Truck,3.4,Delayed
2023-07-23,宮城県,大阪府,Light_Van,11.7,Delayed
2023-02-02,東京都,大阪府,Large_Truck,6.2,On_Time
2023-01-13,広島県,北海道,Medium_Truck,14.8,On_Time
2023-03-03,東京都,福岡県,Light_Van,9.9,Delayed
2023-07-16,宮城県,東京都,Refrigerated,17.3,On_Time
2023-03-03,福岡県,宮城県,Light_Van,2.0,Completed
2023-04-19,北海道,広島県,Light_Van,1.7,On_Time
2023-04-07,東京都,愛知県,Large_Truck,12.0,On_Time
2023-05-18,東京都,愛知県,Light_Van,20.5,On_Time
2023-02-07,東京都,愛知県,Light_Van,10.7,Completed
2023-03-05,福岡県,愛知県,Medium_Truck,19.2,Completed
2023-05-20,愛知県,福岡県,Medium_Truck,22.6,Completed
2023-04-26,北海道,大阪府,Light_Van,8.4,Delayed
2023-03-13,東京都,宮城県,Refrigerated,2.6,On_Time
2023-02-17,福岡県,愛知県,Medium_Truck,24.4,Delayed
2023-04-21,福岡県,愛知県,Light_Van,8.5,Completed
2023-11-10,東京都,宮城県,Refrigerated,15.5,Completed
2023-10-15,東京都,大阪府,Refrigerated,11.4,Delayed
2023-09-26,広島県,北海道,Refrigerated,12.0,On_Time
2024-01-10,北海道,東京都,Light_Van,2.8,Delayed
2023-03-31,東京都,大阪府,Light_Van,10.0,Delayed
2023-06-12,宮城県,愛知県,Light_Van,16.4,Delayed
2023-05-10,大阪府,東京都,Large_Truck,20.7,Delayed
2023-06-03,福岡県,宮城県,Light_Van,21.3,Delayed
2023-07-12,宮城県,福岡県,Light_Van,24.7,Completed
2023-10-26,大阪府,広島県,Refrigerated,19.8,Delayed
2024-02-01,北海道,福岡県,Medium_Truck,6.4,Completed
2024-01-15,東京都,北海道,Light_Van,24.4,On_Time
2023-12-29,北海道,大阪府,Medium_Truck,10.1,On_Time
2023-03-21,東京都,北海道,Large_Truck,8.6,Delayed
2024-01-03,北海道,大阪府,Large_Truck,7.4,Delayed
2024-02-01,東京都,愛知県,Light_Van,2.1,Completed
2024-02-04,大阪府,広島県,Large_Truck,3.4,On_Time
2023-12-12,愛知県,北海道,Refrigerated,24.2,Completed
2023-06-22,東京都,愛知県,Medium_Truck,17.5,On_Time
2023-02-23,大阪府,東京都,Refrigerated,12.3,On_Time
2023-10-14,宮城県,福岡県,Light_Van,17.1,On_Time
2023-11-09,大阪府,東京都,Light_Van,8.2,Completed
2023-11-07,愛知県,大阪府,Medium_Truck,12.8,On_Time
2024-01-24,東京都,宮城県,Refrigerated,5.6,Delayed
2024-01-31,大阪府,東京都,Light_Van,24.3,On_Time
2023-07-18,大阪府,福岡県,Medium_Truck,16.7,Completed
2023-02-17,北海道,大阪府,Refrigerated,19.6,Completed
2023-10-10,広島県,大阪府,Refrigerated,8.7,Delayed
2023-05-30,大阪府,福岡県,Light_Van,13.4,Delayed
2024-02-03,大阪府,東京都,Large_Truck,24.8,Delayed
2024-01-16,北海道,大阪府,Medium_Truck,6.5,Delayed
2023-09-24,広島県,愛知県,Large_Truck,5.0,Delayed
2023-05-27,宮城県,大阪府,Light_Van,3.7,Completed
2023-03-31,愛知県,東京都,Medium_Truck,6.3,Delayed
2023-06-09,福岡県,東京都,Medium_Truck,9.7,On_Time
2023-07-21,宮城県,愛知県,Light_Van,5.4,On_Time
2023-10-07,大阪府,福岡県,Refrigerated,8.8,Delayed
2023-06-13,北海道,福岡県,Refrigerated,10.4,Delayed
2023-09-23,広島県,宮城県,Refrigerated,8.1,On_Time
2023-10-30,北海道,福岡県,Light_Van,8.6,Delayed
2023-04-23,愛知県,東京都,Large_Truck,5.8,Delayed
2024-01-26,広島県,大阪府,Refrigerated,10.9,Completed
2023-09-08,宮城県,福岡県,Medium_Truck,18.7,Delayed
2023-12-22,福岡県,東京都,Medium_Truck,32.1,Delayed
2023-06-13,愛知県,宮城県,Refrigerated,7.9,On_Time
2023-02-07,愛知県,北海道,Light_Van,13.5,On_Time
2023-07-30,福岡県,北海道,Medium_Truck,6.7,Delayed
2023-12-05,福岡県,宮城県,Light_Van,14.7,Completed
2023-09-06,広島県,宮城県,Large_Truck,5.1,Delayed
2023-05-28,北海道,大阪府,Refrigerated,5.3,Delayed
2023-04-28,宮城県,東京都,Light_Van,19.4,Delayed
2023-09-02,愛知県,宮城県,Refrigerated,22.3,On_Time
2023-08-22,大阪府,東京都,Large_Truck,4.8,Completed
2023-08-06,愛知県,北海道,Light_Van,13.0,Delayed
2023-07-15,大阪府,広島県,Large_Truck,8.5,On_Time
2023-02-04,宮城県,北海道,Light_Van,23.7,On_Time
2024-01-17,福岡県,東京都,Light_Van,13.2,On_Time
2023-12-23,東京都,広島県,Medium_Truck,5.7,Completed
2023-11-18,宮城県,大阪府,Refrigerated,7.7,Completed
2023-12-22,東京都,広島県,Large_Truck,28.2,Completed
2023-03-04,北海道,東京都,Medium_Truck,5.1,Delayed
2023-01-24,福岡県,愛知県,Medium_Truck,6.0,Completed
2024-01-30,宮城県,広島県,Light_Van,21.7,Completed
2023-08-21,宮城県,福岡県,Refrigerated,7.8,On_Time
2023-05-23,大阪府,福岡県,Large_Truck,9.7,Delayed
2023-07-14,福岡県,東京都,Large_Truck,20.6,Completed
2023-11-07,愛知県,宮城県,Medium_Truck,8.5,On_Time
2023-07-30,広島県,宮城県,Light_Van,20.1,Completed
2023-12-04,大阪府,愛知県,Light_Van,19.4,Delayed
2023-01-07,東京都,広島県,Refrigerated,2.4,On_Time
2023-05-06,北海道,福岡県,Large_Truck,10.3,Completed
2023-02-13,大阪府,広島県,Medium_Truck,22.4,Completed
2023-01-12,愛知県,北海道,Refrigerated,18.5,Delayed
2023-06-07,東京都,福岡県,Light_Van,16.2,Delayed
2023-09-06,福岡県,東京都,Medium_Truck,18.5,Delayed
2023-04-04,宮城県,福岡県,Light_Van,11.3,Delayed
2023-04-06,宮城県,東京都,Refrigerated,24.8,Delayed
2023-06-27,広島県,北海道,Medium_Truck,2.3,Completed
2023-08-04,広島県,大阪府,Light_Van,18.2,Completed
2024-01-21,北海道,宮城県,Refrigerated,19.5,On_Time
2023-07-22,宮城県,福岡県,Large_Truck,15.2,Completed
2023-01-07,東京都,北海道,Light_Van,7.5,On_Time
2023-06-30,東京都,大阪府,Refrigerated,3.7,On_Time
2023-01-28,大阪府,広島県,Large_Truck,23.6,Completed
2023-08-02,広島県,大阪府,Large_Truck,2.1,On_Time
2023-09-15,北海道,東京都,Large_Truck,17.5,On_Time
2023-07-08,大阪府,福岡県,Refrigerated,21.5,On_Time
2023-10-27,広島県,北海道,Refrigerated,24.8,On_Time
2023-05-01,東京都,広島県,Light_Van,7.7,Delayed
2023-12-01,広島県,宮城県,Large_Truck,31.0,On_Time
2023-03-31,宮城県,広島県,Medium_Truck,27.7,Delayed
2023-11-17,宮城県,福岡県,Refrigerated,17.8,On_Time
2023-08-29,北海道,東京都,Medium_Truck,21.9,Delayed
2023-02-10,大阪府,広島県,Refrigerated,11.9,Delayed
2023-08-05,広島県,大阪府,Large_Truck,10.7,Delayed
2023-09-17,愛知県,宮城県,Large_Truck,7.6,On_Time
2023-10-26,愛知県,福岡県,Refrigerated,2.7,On_Time
2023-01-29,大阪府,宮城県,Large_Truck,6.9,Completed
2023-05-16,北海道,東京都,Refrigerated,6.5,Completed
2023-04-21,愛知県,大阪府,Medium_Truck,20.0,On_Time
2023-04-02,東京都,広島県,Medium_Truck,10.8,Completed
2023-05-08,宮城県,福岡県,Light_Van,5.2,On_Time
2023-01-16,愛知県,東京都,Medium_Truck,11.8,On_Time
2023-03-06,東京都,北海道,Medium_Truck,19.4,Delayed
2023-01-07,愛知県,大阪府,Medium_Truck,6.7,Completed
2024-01-15,宮城県,福岡県,Light_Van,19.8,Completed
2023-02-09,北海道,福岡県,Light_Van,13.7,On_Time
2023-12-23,宮城県,広島県,Medium_Truck,14.1,Delayed
2023-04-07,広島県,愛知県,Light_Van,4.7,On_Time
2024-01-17,宮城県,北海道,Light_Van,11.5,Completed
2023-11-01,広島県,宮城県,Medium_Truck,20.3,Delayed
2023-05-24,東京都,愛知県,Medium_Truck,8.6,On_Time
2023-12-02,北海道,大阪府,Large_Truck,30.1,Completed
2023-03-03,宮城県,広島県,Light_Van,5.5,Completed
2023-01-28,北海道,大阪府,Large_Truck,15.6,On_Time
2023-06-19,福岡県,宮城県,Light_Van,16.0,Delayed
2023-03-03,愛知県,福岡県,Refrigerated,14.1,Completed
2023-02-26,福岡県,北海道,Light_Van,23.2,Delayed
2023-10-11,大阪府,福岡県,Light_Van,14.5,On_Time
2023-05-20,広島県,北海道,Refrigerated,25.0,Completed
2023-08-12,福岡県,宮城県,Large_Truck,3.9,Delayed
2023-09-09,東京都,福岡県,Refrigerated,17.8,On_Time
2024-01-16,愛知県,大阪府,Refrigerated,12.5,On_Time
2023-10-30,福岡県,東京都,Light_Van,15.5,On_Time
2023-07-20,大阪府,広島県,Medium_Truck,7.3,On_Time
2023-01-14,福岡県,宮城県,Large_Truck,18.9,Completed
2023-12-11,東京都,大阪府,Light_Van,34.0,Delayed
2023-06-18,宮城県,福岡県,Medium_Truck,10.0,On_Time
2023-11-28,愛知県,大阪府,Refrigerated,18.9,Delayed
2023-11-29,福岡県,愛知県,Large_Truck,23.0,Completed
2023-02-04,広島県,大阪府,Medium_Truck,6.4,Delayed
2023-12-24,福岡県,宮城県,Medium_Truck,8.1,Delayed
2023-10-26,宮城県,愛知県,Refrigerated,19.2,Delayed
2023-01-12,広島県,宮城県,Light_Van,15.8,On_Time
2023-07-17,広島県,愛知県,Light_Van,21.7,Completed
2023-01-13,北海道,大阪府,Light_Van,24.6,On_Time
2023-06-11,愛知県,大阪府,Light_Van,12.6,On_Time
2023-11-09,広島県,福岡県,Refrigerated,5.4,Completed
2023-03-01,愛知県,北海道,Refrigerated,16.3,Completed
2023-11-27,広島県,宮城県,Light_Van,14.3,On_Time
2023-11-18,福岡県,愛知県,Medium_Truck,18.5,Delayed
2023-03-09,愛知県,東京都,Refrigerated,1.8,Completed
2023-07-13,愛知県,福岡県,Medium_Truck,22.0,On_Time
2023-10-04,東京都,北海道,Large_Truck,24.3,On_Time
2024-02-02,広島県,愛知県,Large_Truck,8.5,Delayed
2023-06-18,広島県,東京都,Medium_Truck,16.8,On_Time
2023-01-27,大阪府,福岡県,Medium_Truck,9.9,Delayed
2023-08-30,福岡県,愛知県,Large_Truck,22.6,Completed
2024-01-23,宮城県,広島県,Large_Truck,19.3,On_Time
2023-12-21,東京都,北海道,Medium_Truck,27.3,Delayed
2023-02-06,広島県,宮城県,Large_Truck,4.5,Delayed
2023-12-19,大阪府,愛知県,Medium_Truck,35.3,On_Time
2023-06-18,東京都,宮城県,Refrigerated,11.0,Completed
2024-01-14,宮城県,愛知県,Light_Van,1.9,Completed
2023-08-17,愛知県,福岡県,Light_Van,17.2,On_Time
2023-01-30,東京都,北海道,Refrigerated,1.3,Delayed
2023-06-05,東京都,愛知県,Light_Van,2.0,On_Time
2023-02-17,広島県,愛知県,Light_Van,18.6,On_Time
2023-04-19,福岡県,大阪府,Medium_Truck,10.6,On_Time
2023-11-20,東京都,大阪府,Large_Truck,24.0,Delayed
2023-10-24,愛知県,広島県,Refrigerated,17.2,Completed
2023-06-19,愛知県,広島県,Refrigerated,23.8,Completed
2023-06-13,東京都,愛知県,Medium_Truck,16.7,Delayed
2023-02-13,福岡県,宮城県,Medium_Truck,6.1,On_Time
2023-03-04,広島県,大阪府,Light_Van,31.8,Delayed
2023-03-19,愛知県,宮城県,Medium_Truck,2.1,On_Time
2023-09-01,広島県,大阪府,Large_Truck,18.1,Completed
2023-07-06,北海道,宮城県,Refrigerated,9.8,On_Time
2023-10-07,広島県,北海道,Large_Truck,9.6,On_Time
2023-12-13,広島県,北海道,Light_Van,22.2,Delayed
2023-02-18,東京都,大阪府,Refrigerated,16.1,Completed
2023-02-02,北海道,東京都,Large_Truck,9.2,On_Time
2023-06-26,東京都,広島県,Refrigerated,19.0,On_Time
2023-01-15,宮城県,福岡県,Medium_Truck,7.7,Completed
2023-01-31,愛知県,北海道,Large_Truck,22.2,Delayed
2023-03-12,東京都,福岡県,Large_Truck,34.2,Completed
2023-01-11,東京都,福岡県,Large_Truck,16.6,Delayed
2023-02-24,愛知県,広島県,Light_Van,4.6,Delayed
2024-01-23,広島県,愛知県,Refrigerated,21.8,Delayed
2024-02-05,広島県,東京都,Large_Truck,15.5,On_Time
2023-07-24,広島県,大阪府,Refrigerated,11.8,Completed
2024-02-02,広島県,愛知県,Light_Van,8.8,Delayed
2024-02-04,東京都,大阪府,Medium_Truck,19.0,Completed
2023-06-11,北海道,広島県,Refrigerated,1.5,On_Time
2023-08-07,宮城県,大阪府,Refrigerated,15.5,On_Time
2023-08-14,宮城県,大阪府,Light_Van,9.3,Delayed
2023-06-01,北海道,宮城県,Large_Truck,2.1,Delayed
2024-01-29,宮城県,大阪府,Refrigerated,20.0,On_Time
2023-04-28,東京都,北海道,Refrigerated,13.0,Delayed
2023-11-15,宮城県,愛知県,Medium_Truck,14.9,Delayed
2023-01-10,北海道,東京都,Medium_Truck,22.0,Delayed
2023-05-07,北海道,愛知県,Medium_Truck,5.3,Delayed
2023-09-04,愛知県,東京都,Medium_Truck,7.7,On_Time
2023-06-27,福岡県,宮城県,Medium_Truck,12.7,On_Time
2023-06-24,福岡県,北海道,Large_Truck,3.1,Completed
2023-06-29,東京都,愛知県,Refrigerated,1.6,Delayed
2023-12-26,広島県,宮城県,Medium_Truck,2.6,On_Time
2023-02-08,福岡県,北海道,Refrigerated,3.1,Completed
2023-07-14,東京都,福岡県,Large_Truck,7.8,On_Time
2023-09-30,大阪府,広島県,Refrigerated,4.4,On_Time
2023-06-21,大阪府,宮城県,Refrigerated,23.3,Completed
2023-06-14,広島県,福岡県,Medium_Truck,11.2,Delayed
2023-05-23,広島県,東京都,Large_Truck,17.3,Completed
2023-07-13,愛知県,広島県,Refrigerated,14.0,Completed
2023-12-10,大阪府,愛知県,Large_Truck,36.9,Completed
2023-08-20,愛知県,大阪府,Medium_Truck,4.4,Delayed
2023-01-07,福岡県,東京都,Large_Truck,24.2,Delayed
2023-08-16,北海道,福岡県,Large_Truck,15.8,Delayed
2023-03-07,福岡県,宮城県,Refrigerated,36.5,On_Time
2023-01-14,福岡県,広島県,Large_Truck,17.9,Completed
2023-02-04,福岡県,大阪府,Refrigerated,10.9,Delayed
2023-04-09,広島県,愛知県,Large_Truck,13.6,On_Time
2023-06-26,宮城県,福岡県,Medium_Truck,13.7,Delayed
2023-07-14,東京都,宮城県,Light_Van,21.3,On_Time
2023-11-10,東京都,大阪府,Light_Van,11.7,Completed
2023-10-08,大阪府,東京都,Refrigerated,23.9,Delayed
2023-05-26,広島県,東京都,Refrigerated,20.9,Completed
2023-07-05,東京都,愛知県,Medium_Truck,22.2,Delayed
2023-06-10,大阪府,北海道,Light_Van,5.7,Delayed
2023-09-30,福岡県,広島県,Medium_Truck,19.8,Completed
2023-09-24,東京都,愛知県,Light_Van,5.7,Delayed
2023-02-14,東京都,福岡県,Large_Truck,13.9,On_Time
2023-11-21,東京都,北海道,Medium_Truck,12.6,On_Time
2023-01-04,東京都,福岡県,Large_Truck,8.5,On_Time
2023-02-17,宮城県,北海道,Medium_Truck,18.2,On_Time
2023-12-18,宮城県,東京都,Large_Truck,2.9,Completed
2023-08-03,宮城県,大阪府,Refrigerated,15.3,On_Time
2023-04-20,北海道,大阪府,Large_Truck,10.7,Completed
2023-11-06,東京都,大阪府,Large_Truck,6.0,On_Time
2023-02-04,北海道,宮城県,Medium_Truck,7.0,Delayed
2023-10-14,広島県,愛知県,Light_Van,5.6,On_Time
2023-04-05,広島県,東京都,Refrigerated,1.6,Delayed
2023-05-21,愛知県,福岡県,Light_Van,7.4,Delayed
2023-09-02,広島県,福岡県,Refrigerated,10.3,On_Time
2023-01-24,北海道,福岡県,Large_Truck,16.2,On_Time
2023-08-18,広島県,福岡県,Large_Truck,22.7,On_Time
2023-03-09,東京都,宮城県,Large_Truck,21.8,On_Time
2023-02-04,北海道,愛知県,Light_Van,15.0,Completed
2023-06-11,大阪府,広島県,Refrigerated,22.5,Delayed
2023-12-10,大阪府,愛知県,Large_Truck,19.2,On_Time
2023-08-19,広島県,福岡県,Large_Truck,15.7,On_Time
2023-08-23,福岡県,宮城県,Large_Truck,15.7,Delayed
2023-05-16,東京都,福岡県,Large_Truck,16.6,On_Time
2023-08-02,愛知県,広島県,Large_Truck,24.7,Completed
2023-11-16,愛知県,北海道,Large_Truck,6.3,Delayed
2023-03-10,大阪府,福岡県,Refrigerated,6.6,Delayed
2023-10-13,北海道,東京都,Light_Van,17.9,Delayed
2023-08-10,愛知県,北海道,Light_Van,23.0,On_Time
2024-01-22,東京都,愛知県,Refrigerated,17.7,On_Time
2023-06-11,福岡県,愛知県,Refrigerated,10.0,Delayed
2023-04-17,宮城県,福岡県,Large_Truck,5.4,Delayed
2023-10-09,北海道,東京都,Light_Van,16.7,Completed
2023-02-09,宮城県,東京都,Light_Van,11.4,On_Time
2023-11-26,大阪府,広島県,Refrigerated,1.1,Delayed
2024-01-01,北海道,福岡県,Refrigerated,11.2,Completed
2023-04-01,広島県,東京都,Medium_Truck,8.7,Delayed
2023-01-08,愛知県,大阪府,Light_Van,8.2,On_Time
2023-01-12,北海道,愛知県,Medium_Truck,22.8,Completed
2023-12-20,東京都,福岡県,Medium_Truck,31.8,Completed
2023-07-04,愛知県,北海道,Medium_Truck,23.4,On_Time
2023-04-17,宮城県,東京都,Large_Truck,11.5,On_Time
2023-02-26,福岡県,愛知県,Refrigerated,2.2,Delayed
2023-05-18,愛知県,大阪府,Refrigerated,2.7,On_Time
2023-03-10,愛知県,広島県,Refrigerated,7.2,Delayed
2023-06-13,愛知県,宮城県,Large_Truck,3.4,Completed
2023-05-07,宮城県,大阪府,Refrigerated,20.1,Delayed
2023-12-04,宮城県,東京都,Light_Van,25.3,Completed
2024-01-02,広島県,福岡県,Light_Van,21.4,Completed
2023-01-31,愛知県,広島県,Refrigerated,13.0,Delayed
2023-01-11,福岡県,東京都,Large_Truck,17.1,Delayed
2023-09-02,広島県,宮城県,Light_Van,4.9,Completed
2023-04-11,愛知県,宮城県,Medium_Truck,17.2,On_Time
2023-09-21,愛知県,福岡県,Medium_Truck,4.1,Delayed
2023-03-12,愛知県,宮城県,Light_Van,12.8,Delayed
2023-09-11,宮城県,東京都,Large_Truck,23.3,On_Time
2023-08-20,福岡県,東京都,Light_Van,7.8,On_Time
2023-01-12,大阪府,愛知県,Large_Truck,1.6,On_Time
2023-09-02,愛知県,宮城県,Large_Truck,7.8,On_Time
2023-03-20,福岡県,愛知県,Large_Truck,30.6,Delayed
2023-09-18,広島県,東京都,Medium_Truck,15.3,Completed
2023-12-18,大阪府,愛知県,Light_Van,30.5,Delayed
2023-12-11,宮城県,広島県,Medium_Truck,18.2,Completed
2023-01-23,大阪府,福岡県,Light_Van,24.6,Delayed
2023-02-06,福岡県,北海道,Refrigerated,13.3,Completed
2023-11-26,愛知県,宮城県,Light_Van,13.5,On_Time
2023-06-23,宮城県,北海道,Medium_Truck,17.6,Completed
2023-02-05,宮城県,東京都,Light_Van,22.5,On_Time
2023-03-26,大阪府,東京都,Refrigerated,31.5,Completed
2023-05-26,東京都,広島県,Light_Van,5.0,Completed
2023-01-30,福岡県,東京都,Refrigerated,4.6,On_Time
2024-01-31,北海道,宮城県,Refrigerated,23.2,On_Time
2023-06-29,東京都,宮城県,Medium_Truck,12.7,Completed
2023-03-24,東京都,広島県,Large_Truck,27.3,On_Time
2023-06-06,宮城県,北海道,Large_Truck,17.0,Completed
2023-06-19,北海道,宮城県,Refrigerated,13.3,Completed
2023-12-17,宮城県,福岡県,Medium_Truck,11.2,Completed
2023-06-19,大阪府,東京都,Refrigerated,10.9,On_Time
2023-09-27,愛知県,北海道,Light_Van,20.9,On_Time
2023-05-05,宮城県,東京都,Refrigerated,16.0,Delayed
2023-05-26,東京都,広島県,Large_Truck,24.8,Delayed
2023-01-30,東京都,愛知県,Light_Van,6.6,On_Time
2023-06-18,愛知県,東京都,Large_Truck,18.8,Completed
2023-12-07,福岡県,北海道,Refrigerated,9.7,On_Time
2023-05-04,広島県,宮城県,Medium_Truck,19.3,Delayed
2023-11-20,愛知県,宮城県,Refrigerated,7.3,Delayed
2023-06-19,福岡県,宮城県,Large_Truck,11.0,Completed
2023-08-19,大阪府,広島県,Large_Truck,3.0,Delayed
2023-11-03,福岡県,宮城県,Medium_Truck,16.4,Delayed
2023-03-07,愛知県,福岡県,Medium_Truck,25.8,Completed
2023-09-08,大阪府,愛知県,Medium_Truck,5.2,On_Time
2023-05-05,東京都,大阪府,Refrigerated,20.7,Delayed
2023-08-31,宮城県,大阪府,Large_Truck,20.1,On_Time
2023-02-27,福岡県,東京都,Large_Truck,23.2,Completed
2023-12-02,広島県,宮城県,Light_Van,27.0,On_Time
2023-01-24,東京都,広島県,Large_Truck,7.9,On_Time
2023-02-10,福岡県,大阪府,Large_Truck,13.1,Completed
2023-03-04,愛知県,大阪府,Large_Truck,36.6,Completed
2023-01-08,東京都,愛知県,Large_Truck,3.2,On_Time
2023-12-06,福岡県,宮城県,Light_Van,16.7,Delayed
2023-03-03,北海道,愛知県,Light_Van,33.6,Completed
2023-05-31,北海道,広島県,Light_Van,24.8,Delayed
2023-06-11,福岡県,宮城県,Large_Truck,5.6,On_Time
2023-05-14,広島県,大阪府,Medium_Truck,4.7,On_Time
2023-11-14,北海道,東京都,Large_Truck,23.5,Delayed
2023-06-24,東京都,大阪府,Refrigerated,15.3,On_Time
2023-08-22,大阪府,愛知県,Medium_Truck,4.6,Completed
2023-02-11,広島県,愛知県,Light_Van,23.5,On_Time
2023-11-06,広島県,福岡県,Large_Truck,18.7,On_Time
2023-04-08,北海道,大阪府,Large_Truck,17.8,On_Time
2023-07-12,宮城県,広島県,Large_Truck,23.6,On_Time
2023-01-18,北海道,宮城県,Light_Van,5.3,Completed
2023-10-20,宮城県,福岡県,Large_Truck,15.0,On_Time
2023-03-13,宮城県,福岡県,Medium_Truck,10.8,Completed
2023-08-09,北海道,広島県,Light_Van,18.6,Delayed
2023-12-29,北海道,福岡県,Large_Truck,7.3,Completed
2024-01-31,北海道,福岡県,Large_Truck,11.6,Delayed
2023-01-22,北海道,宮城県,Medium_Truck,3.1,On_Time
2023-01-05,東京都,大阪府,Medium_Truck,23.4,Completed
2023-04-19,宮城県,北海道,Medium_Truck,8.9,Completed
2023-07-11,福岡県,広島県,Refrigerated,7.2,On_Time
2023-06-12,大阪府,東京都,Refrigerated,5.7,Completed
2023-12-05,広島県,大阪府,Light_Van,21.4,Delayed
2023-06-22,愛知県,広島県,Medium_Truck,12.9,On_Time
2024-01-19,福岡県,愛知県,Light_Van,6.8,Completed
2023-12-17,宮城県,愛知県,Light_Van,10.4,On_Time
2023-11-25,福岡県,広島県,Light_Van,10.7,On_Time
2023-06-24,愛知県,東京都,Light_Van,7.1,Completed
2023-05-02,広島県,大阪府,Light_Van,16.9,Delayed
2023-12-01,大阪府,愛知県,Refrigerated,28.8,On_Time
2023-04-09,東京都,北海道,Large_Truck,15.4,Completed
2023-10-12,宮城県,愛知県,Refrigerated,12.9,On_Time
2023-02-02,北海道,福岡県,Large_Truck,14.2,Completed
2023-03-24,大阪府,北海道,Large_Truck,5.9,Completed
2023-06-16,広島県,福岡県,Medium_Truck,11.8,Completed
2023-10-01,福岡県,愛知県,Light_Van,19.0,On_Time
2023-12-06,北海道,福岡県,Medium_Truck,7.4,On_Time
2023-08-24,大阪府,北海道,Medium_Truck,24.0,On_Time
2023-01-16,宮城県,北海道,Large_Truck,16.3,Completed
2023-06-09,愛知県,大阪府,Light_Van,21.0,On_Time
2023-08-20,東京都,北海道,Large_Truck,17.2,Completed
2023-02-26,宮城県,大阪府,Light_Van,21.9,Completed
2023-12-07,福岡県,北海道,Light_Van,24.2,On_Time
2023-10-12,愛知県,福岡県,Large_Truck,15.5,On_Time
2023-12-12,福岡県,広島県,Large_Truck,7.9,On_Time
2023-08-30,東京都,広島県,Light_Van,1.2,Delayed
2023-01-25,東京都,宮城県,Refrigerated,16.3,Delayed
2023-07-11,福岡県,宮城県,Light_Van,13.3,Delayed
2023-06-27,福岡県,東京都,Refrigerated,10.4,Delayed
2024-01-21,宮城県,愛知県,Large_Truck,2.9,Completed
2023-05-31,東京都,愛知県,Medium_Truck,16.4,Completed
2023-03-28,愛知県,東京都,Light_Van,7.7,On_Time
2023-04-19,東京都,宮城県,Refrigerated,22.5,Delayed
2023-04-19,宮城県,北海道,Large_Truck,16.3,Completed
2023-05-04,大阪府,宮城県,Refrigerated,16.4,On_Time
2023-03-17,東京都,宮城県,Large_Truck,25.5,On_Time
2023-01-31,宮城県,東京都,Light_Van,14.7,Delayed
2023-05-02,福岡県,広島県,Light_Van,14.8,Completed
2023-01-10,愛知県,東京都,Light_Van,5.0,On_Time
2024-01-16,福岡県,広島県,Refrigerated,23.3,Completed
2023-07-07,宮城県,広島県,Refrigerated,17.5,On_Time
2023-09-12,愛知県,宮城県,Light_Van,8.5,Delayed
2023-11-10,東京都,北海道,Light_Van,12.9,Completed
2023-12-26,北海道,東京都,Medium_Truck,7.3,Delayed
2023-05-21,愛知県,宮城県,Medium_Truck,18.3,On_Time
2023-10-04,愛知県,北海道,Large_Truck,10.4,Completed
2023-12-28,大阪府,宮城県,Medium_Truck,28.9,Completed
2023-04-12,宮城県,愛知県,Medium_Truck,6.3,Delayed
2023-05-30,北海道,広島県,Refrigerated,23.9,Delayed
2023-05-20,愛知県,広島県,Large_Truck,12.8,Delayed
2023-02-09,宮城県,大阪府,Medium_Truck,9.0,Delayed
2023-05-17,広島県,福岡県,Light_Van,11.7,Completed
2023-11-26,福岡県,大阪府,Medium_Truck,5.8,Delayed
2023-08-06,大阪府,宮城県,Medium_Truck,15.0,Completed
2023-05-26,広島県,福岡県,Refrigerated,20.2,On_Time
2023-06-12,広島県,愛知県,Light_Van,5.8,On_Time
2023-11-16,愛知県,東京都,Large_Truck,2.7,On_Time
2023-09-29,北海道,宮城県,Refrigerated,19.8,Delayed
2023-04-03,愛知県,宮城県,Large_Truck,17.9,Delayed
2023-07-23,宮城県,東京都,Medium_Truck,1.8,Completed
2023-12-28,愛知県,大阪府,Large_Truck,21.4,Delayed
2023-08-18,大阪府,広島県,Light_Van,1.3,Completed
2023-10-01,福岡県,宮城県,Refrigerated,5.8,Completed
2023-07-28,大阪府,愛知県,Medium_Truck,22.0,Delayed
2023-02-09,宮城県,北海道,Refrigerated,5.9,Completed
2023-04-12,東京都,愛知県,Large_Truck,9.4,Completed
2023-06-12,北海道,宮城県,Light_Van,4.7,Delayed
2023-01-10,北海道,宮城県,Medium_Truck,15.7,Completed
2023-02-08,宮城県,東京都,Large_Truck,15.6,Delayed
2023-09-02,愛知県,大阪府,Refrigerated,2.7,On_Time
2023-09-11,大阪府,愛知県,Refrigerated,8.0,On_Time
2023-01-22,大阪府,愛知県,Light_Van,9.6,On_Time
2023-07-13,大阪府,東京都,Light_Van,9.0,Delayed
2023-05-20,東京都,愛知県,Refrigerated,9.6,Delayed
2023-12-07,広島県,大阪府,Large_Truck,31.9,Delayed
2023-01-23,愛知県,大阪府,Medium_Truck,6.8,Delayed
2023-01-03,広島県,大阪府,Large_Truck,21.3,On_Time
2023-01-25,東京都,広島県,Medium_Truck,24.6,Completed
2023-08-09,北海道,愛知県,Refrigerated,1.3,Delayed
2023-11-10,愛知県,宮城県,Light_Van,11.4,Completed
2023-12-06,宮城県,広島県,Medium_Truck,14.7,Completed
2023-10-17,東京都,福岡県,Large_Truck,18.6,Completed
2023-11-28,北海道,宮城県,Medium_Truck,8.8,Delayed
2023-12-31,大阪府,広島県,Large_Truck,27.9,Delayed
2023-03-20,東京都,北海道,Refrigerated,25.2,Completed
2024-01-16,宮城県,北海道,Refrigerated,7.9,Completed
2023-03-21,東京都,愛知県,Large_Truck,17.3,Delayed
2023-09-28,北海道,宮城県,Medium_Truck,12.5,Completed
2023-07-17,福岡県,北海道,Light_Van,11.8,On_Time
2023-08-06,愛知県,大阪府,Medium_Truck,24.9,On_Time
2023-10-27,宮城県,東京都,Medium_Truck,13.9,Completed
2023-08-26,愛知県,大阪府,Medium_Truck,17.3,Completed
2023-07-19,広島県,宮城県,Refrigerated,12.4,Delayed
2023-07-30,北海道,大阪府,Refrigerated,13.5,On_Time
2023-11-16,東京都,北海道,Refrigerated,17.7,Completed
2023-03-14,東京都,大阪府,Large_Truck,9.1,On_Time
2023-08-10,愛知県,宮城県,Medium_Truck,3.6,On_Time
2023-02-05,北海道,広島県,Large_Truck,6.9,On_Time
2024-01-06,愛知県,福岡県,Medium_Truck,2.0,Completed
2023-11-15,大阪府,宮城県,Large_Truck,23.9,Completed
2023-08-22,宮城県,北海道,Large_Truck,15.6,Completed
2023-06-02,東京都,北海道,Large_Truck,17.2,Completed
2023-06-18,宮城県,東京都,Large_Truck,13.5,Completed
2023-11-18,福岡県,愛知県,Refrigerated,6.1,Delayed
2023-09-04,宮城県,広島県,Light_Van,5.1,Completed
2023-11-21,広島県,東京都,Light_Van,22.3,Completed
2023-10-02,東京都,北海道,Light_Van,7.8,Completed
2023-04-08,福岡県,愛知県,Large_Truck,8.5,Delayed
2023-10-16,愛知県,宮城県,Light_Van,20.3,Delayed
2023-07-24,北海道,福岡県,Light_Van,20.5,On_Time
2023-12-08,東京都,福岡県,Large_Truck,22.8,Completed
2023-11-23,北海道,東京都,Medium_Truck,8.7,Delayed
2023-10-11,北海道,宮城県,Large_Truck,1.3,Delayed
2023-10-11,大阪府,福岡県,Light_Van,12.1,On_Time
2024-01-27,宮城県,大阪府,Light_Van,1.7,Completed
2023-05-15,宮城県,福岡県,Large_Truck,4.9,Delayed
2023-07-01,北海道,広島県,Large_Truck,24.6,Delayed
2023-08-27,愛知県,北海道,Medium_Truck,4.8,On_Time
2023-03-09,広島県,愛知県,Light_Van,13.3,On_Time
2024-01-10,宮城県,東京都,Light_Van,19.5,On_Time
2023-12-17,大阪府,愛知県,Light_Van,22.7,On_Time
2023-03-02,北海道,大阪府,Light_Van,21.4,Delayed
2023-06-11,福岡県,愛知県,Large_Truck,23.4,Delayed
2024-02-03,広島県,愛知県,Medium_Truck,10.2,Delayed
2023-07-07,宮城県,大阪府,Medium_Truck,8.0,Delayed
2023-01-26,大阪府,東京都,Refrigerated,11.1,Completed
2023-05-01,宮城県,福岡県,Large_Truck,22.3,Completed
2023-11-02,愛知県,大阪府,Refrigerated,18.4,Delayed
2024-01-02,福岡県,愛知県,Large_Truck,15.9,On_Time
2023-06-12,広島県,宮城県,Medium_Truck,24.7,On_Time
2023-01-02,宮城県,愛知県,Light_Van,3.7,Completed
2023-10-04,広島県,大阪府,Refrigerated,9.1,Delayed
2023-06-01,大阪府,福岡県,Large_Truck,11.3,Delayed
2024-01-30,北海道,東京都,Refrigerated,6.0,On_Time
2023-09-22,北海道,愛知県,Large_Truck,8.2,On_Time
2023-11-10,大阪府,宮城県,Medium_Truck,5.0,On_Time
2023-11-29,愛知県,大阪府,Large_Truck,15.3,Completed
2023-08-28,宮城県,福岡県,Refrigerated,9.2,Completed
2023-09-25,宮城県,愛知県,Medium_Truck,1.4,Delayed
2023-03-13,東京都,北海道,Light_Van,27.0,Delayed
2023-01-12,広島県,愛知県,Large_Truck,2.2,Completed
2023-10-21,北海道,愛知県,Light_Van,4.6,Completed
2023-09-28,大阪府,北海道,Large_Truck,1.4,Completed
2023-06-12,東京都,北海道,Medium_Truck,21.6,Completed
2023-06-03,大阪府,広島県,Light_Van,4.4,On_Time
2023-12-19,北海道,東京都,Large_Truck,20.4,On_Time
2023-02-04,北海道,東京都,Light_Van,14.8,Completed
2023-06-01,広島県,福岡県,Refrigerated,10.1,Delayed
2023-08-26,北海道,広島県,Large_Truck,11.1,Completed
2024-01-17,愛知県,宮城県,Large_Truck,2.7,On_Time
2023-11-11,福岡県,愛知県,Large_Truck,11.9,On_Time
2023-12-20,宮城県,北海道,Large_Truck,22.6,Completed
2023-11-25,宮城県,大阪府,Large_Truck,24.6,On_Time
2023-11-07,大阪府,愛知県,Light_Van,13.6,Completed
2023-08-27,北海道,広島県,Large_Truck,20.6,Completed
2023-03-21,福岡県,大阪府,Light_Van,34.0,Delayed
2023-01-04,広島県,宮城県,Medium_Truck,12.9,Completed
2023-09-05,福岡県,愛知県,Medium_Truck,1.8,Delayed
2023-02-28,北海道,愛知県,Large_Truck,3.3,Completed
2023-07-27,広島県,大阪府,Large_Truck,1.2,Completed
2023-11-25,大阪府,東京都,Medium_Truck,9.8,Completed
2023-01-12,大阪府,東京都,Large_Truck,5.4,On_Time
2023-10-19,東京都,広島県,Light_Van,22.3,On_Time
2024-01-30,広島県,東京都,Large_Truck,22.1,Completed
2023-05-25,愛知県,広島県,Medium_Truck,24.7,On_Time
2023-03-17,東京都,北海道,Medium_Truck,21.0,On_Time
2023-11-12,大阪府,福岡県,Large_Truck,4.8,Completed
2023-10-24,宮城県,福岡県,Medium_Truck,18.9,Delayed
2023-03-27,福岡県,愛知県,Refrigerated,12.8,Completed
2023-06-12,宮城県,北海道,Refrigerated,4.5,Completed
2023-01-07,北海道,福岡県,Large_Truck,21.7,On_Time
2023-08-07,大阪府,東京都,Light_Van,18.6,On_Time
2023-01-19,東京都,大阪府,Large_Truck,4.3,Delayed
2023-04-09,宮城県,福岡県,Refrigerated,6.9,On_Time
2023-01-21,愛知県,北海道,Light_Van,11.9,Delayed
2023-07-12,大阪府,北海道,Medium_Truck,18.2,On_Time
2023-05-07,東京都,広島県,Light_Van,23.2,On_Time
2023-08-04,愛知県,広島県,Refrigerated,4.3,Completed
2023-12-15,宮城県,愛知県,Light_Van,27.4,Delayed
2023-01-01,東京都,北海道,Large_Truck,14.3,Delayed
2023-04-14,愛知県,広島県,Light_Van,24.4,Completed
2023-11-04,大阪府,東京都,Large_Truck,4.7,Completed
2023-05-19,北海道,東京都,Refrigerated,14.6,On_Time
2024-01-20,広島県,福岡県,Large_Truck,22.3,Delayed
2024-01-23,愛知県,広島県,Large_Truck,16.4,Delayed
2024-01-07,愛知県,福岡県,Refrigerated,21.6,Completed
2023-02-14,愛知県,宮城県,Medium_Truck,8.4,On_Time
2023-05-27,宮城県,広島県,Refrigerated,14.9,On_Time
2023-07-30,宮城県,広島県,Medium_Truck,4.5,On_Time
2023-08-06,広島県,北海道,Refrigerated,7.0,Completed
2023-07-14,広島県,愛知県,Large_Truck,2.2,Delayed
2023-09-09,宮城県,福岡県,Refrigerated,12.8,Delayed
2023-07-19,大阪府,東京都,Light_Van,20.3,Delayed
2023-03-11,福岡県,宮城県,Medium_Truck,28.7,Completed
2023-03-26,東京都,北海道,Medium_Truck,9.6,Completed
2023-09-26,北海道,宮城県,Light_Van,20.4,On_Time
2023-01-24,大阪府,愛知県,Medium_Truck,7.1,On_Time
2023-12-19,北海道,福岡県,Large_Truck,18.2,Completed
2023-02-26,福岡県,北海道,Light_Van,15.5,Completed
2023-04-11,大阪府,広島県,Light_Van,18.0,On_Time
2023-10-24,愛知県,大阪府,Large_Truck,16.8,Completed
2023-08-05,大阪府,宮城県,Medium_Truck,5.4,On_Time
2023-08-02,愛知県,北海道,Medium_Truck,20.6,Delayed
2023-03-19,広島県,愛知県,Refrigerated,14.6,On_Time
2023-01-21,北海道,愛知県,Refrigerated,4.0,Delayed
2023-05-16,大阪府,広島県,Large_Truck,20.0,Delayed
2024-01-22,北海道,広島県,Refrigerated,21.4,Completed
2023-01-27,宮城県,東京都,Medium_Truck,11.2,On_Time
2023-03-11,福岡県,北海道,Medium_Truck,34.3,Delayed
2023-06-08,広島県,大阪府,Large_Truck,23.4,On_Time
2023-05-20,北海道,宮城県,Large_Truck,14.4,Delayed
2023-09-07,北海道,福岡県,Refrigerated,16.3,Completed
2023-11-06,北海道,広島県,Large_Truck,9.4,Delayed
2023-12-24,東京都,福岡県,Light_Van,36.8,Delayed
2023-04-11,広島県,愛知県,Large_Truck,16.8,Delayed
2023-03-01,福岡県,宮城県,Medium_Truck,34.9,Completed
2023-07-05,愛知県,広島県,Medium_Truck,4.3,Delayed
2023-01-19,宮城県,愛知県,Medium_Truck,22.9,Delayed
2023-07-12,福岡県,北海道,Light_Van,13.4,Completed
2023-01-07,北海道,福岡県,Large_Truck,1.7,Completed
2023-01-01,東京都,広島県,Light_Van,10.7,On_Time
2023-03-07,宮城県,北海道,Medium_Truck,9.1,Delayed
2023-08-18,福岡県,東京都,Large_Truck,5.4,Completed
2023-01-19,大阪府,広島県,Refrigerated,18.3,On_Time
2023-08-22,東京都,北海道,Refrigerated,16.6,On_Time
2023-07-23,福岡県,大阪府,Refrigerated,13.6,Completed
2023-04-08,東京都,北海道,Medium_Truck,24.0,Completed
2023-07-03,大阪府,東京都,Light_Van,19.0,Delayed
2023-11-07,大阪府,北海道,Light_Van,21.6,On_Time
2023-03-01,東京都,宮城県,Light_Van,6.4,Delayed
2023-06-03,宮城県,東京都,Medium_Truck,9.0,Completed
2023-03-11,広島県,宮城県,Refrigerated,25.9,On_Time
2023-12-15,宮城県,東京都,Light_Van,11.9,On_Time
2023-02-04,北海道,宮城県,Medium_Truck,11.7,Delayed
2023-09-29,福岡県,大阪府,Light_Van,6.8,Completed
2023-04-14,大阪府,宮城県,Light_Van,23.5,Completed
2023-05-22,北海道,大阪府,Medium_Truck,12.1,Delayed
2023-07-24,東京都,愛知県,Light_Van,19.0,On_Time
2023-02-21,愛知県,東京都,Light_Van,17.6,On_Time
2023-09-05,東京都,愛知県,Light_Van,24.6,Delayed
2023-03-20,愛知県,北海道,Refrigerated,2.9,Completed
2023-09-07,大阪府,北海道,Light_Van,25.0,On_Time
2023-01-05,広島県,愛知県,Large_Truck,2.9,Completed
2023-06-08,福岡県,東京都,Medium_Truck,12.2,Completed
2023-09-18,北海道,大阪府,Light_Van,2.3,On_Time
2023-06-18,福岡県,大阪府,Refrigerated,3.1,Delayed
2023-01-30,大阪府,愛知県,Large_Truck,15.7,Completed
2023-03-09,愛知県,広島県,Light_Van,31.8,On_Time
2023-01-27,東京都,愛知県,Large_Truck,23.2,On_Time
2023-01-16,大阪府,北海道,Medium_Truck,20.3,Completed
2023-03-10,宮城県,大阪府,Refrigerated,9.5,On_Time
2023-02-18,広島県,宮城県,Light_Van,20.9,On_Time
2023-04-12,宮城県,福岡県,Refrigerated,9.4,Delayed
2023-10-19,広島県,愛知県,Large_Truck,5.9,Completed
2023-04-02,北海道,福岡県,Medium_Truck,4.8,Delayed
2023-08-22,宮城県,東京都,Refrigerated,18.9,Completed
2023-09-26,東京都,大阪府,Light_Van,14.9,Delayed
2023-04-11,北海道,宮城県,Medium_Truck,19.5,Completed
2023-11-08,広島県,東京都,Refrigerated,21.8,Delayed
2023-04-12,広島県,東京都,Refrigerated,3.4,Delayed
2023-11-30,北海道,東京都,Refrigerated,15.6,Delayed
2023-04-18,福岡県,大阪府,Medium_Truck,17.4,On_Time
2023-05-09,大阪府,広島県,Light_Van,4.8,Completed
2023-12-14,愛知県,北海道,Large_Truck,32.1,Delayed
2023-10-17,福岡県,愛知県,Refrigerated,16.1,On_Time
2023-03-18,宮城県,東京都,Light_Van,11.3,On_Time
2023-04-27,北海道,福岡県,Large_Truck,1.2,On_Time
2023-04-09,大阪府,宮城県,Light_Van,20.2,Delayed
2023-08-09,北海道,宮城県,Light_Van,7.5,Completed
2023-03-25,愛知県,福岡県,Light_Van,2.8,Completed
2023-02-03,広島県,北海道,Refrigerated,4.5,On_Time
2023-01-03,愛知県,東京都,Large_Truck,4.5,On_Time
2023-06-13,福岡県,広島県,Large_Truck,2.8,Completed
2023-01-09,福岡県,宮城県,Medium_Truck,3.2,Completed
2023-06-04,広島県,福岡県,Large_Truck,7.3,Completed
2023-02-28,北海道,大阪府,Refrigerated,10.1,Delayed
2023-12-11,大阪府,福岡県,Large_Truck,10.9,On_Time
2023-05-05,広島県,宮城県,Medium_Truck,14.3,On_Time
2023-12-11,広島県,宮城県,Medium_Truck,11.1,On_Time
2023-10-03,宮城県,東京都,Large_Truck,21.7,Delayed
2023-08-30,愛知県,大阪府,Refrigerated,11.4,Completed
2023-06-28,北海道,福岡県,Light_Van,16.7,Delayed
2023-06-25,愛知県,広島県,Refrigerated,19.3,Delayed
2023-10-30,東京都,福岡県,Refrigerated,14.5,Delayed
2023-11-07,東京都,愛知県,Refrigerated,7.7,Completed
2023-03-10,大阪府,北海道,Medium_Truck,19.4,Delayed
2023-10-03,愛知県,北海道,Refrigerated,4.1,Delayed
2023-11-20,宮城県,福岡県,Medium_Truck,17.6,Delayed
2023-03-17,福岡県,北海道,Medium_Truck,27.7,Completed
2023-01-08,福岡県,東京都,Refrigerated,22.7,Completed
2023-12-01,北海道,東京都,Medium_Truck,26.7,On_Time
2023-10-01,福岡県,大阪府,Light_Van,15.8,On_Time
2023-07-05,北海道,宮城県,Medium_Truck,8.9,Delayed
2023-11-27,福岡県,宮城県,Refrigerated,10.4,On_Time
2023-07-28,福岡県,宮城県,Light_Van,19.7,On_Time
2023-07-08,宮城県,福岡県,Large_Truck,7.1,On_Time
2023-03-19,福岡県,愛知県,Large_Truck,28.3,Completed
2023-12-25,北海道,広島県,Refrigerated,30.6,On_Time
2023-11-07,広島県,福岡県,Medium_Truck,14.0,Delayed
2023-03-15,広島県,宮城県,Refrigerated,13.1,Delayed
2023-03-12,福岡県,東京都,Light_Van,30.0,On_Time
2023-06-03,東京都,宮城県,Light_Van,5.0,Delayed
2023-05-07,愛知県,福岡県,Medium_Truck,4.8,Delayed
2023-05-09,大阪府,宮城県,Large_Truck,17.4,Delayed
2023-10-04,宮城県,広島県,Light_Van,23.8,On_Time
2023-10-06,東京都,愛知県,Refrigerated,16.1,Completed
2023-01-22,広島県,宮城県,Light_Van,4.1,Completed
2023-08-19,大阪府,北海道,Refrigerated,18.5,Delayed
2023-02-15,福岡県,東京都,Medium_Truck,5.6,On_Time
2023-05-02,愛知県,大阪府,Light_Van,1.6,On_Time
2023-07-07,広島県,愛知県,Large_Truck,19.3,Delayed
2023-07-02,北海道,福岡県,Light_Van,19.3,Completed
2023-06-10,北海道,東京都,Large_Truck,11.1,Delayed
2023-07-17,宮城県,広島県,Medium_Truck,23.5,On_Time
2023-07-28,福岡県,東京都,Light_Van,2.5,Completed
2023-12-25,宮城県,大阪府,Medium_Truck,33.8,Completed
2023-01-02,大阪府,広島県,Medium_Truck,24.2,On_Time
2023-08-18,大阪府,福岡県,Large_Truck,3.7,Delayed
2023-06-18,広島県,大阪府,Light_Van,11.8,On_Time
2023-09-17,愛知県,東京都,Refrigerated,18.3,On_Time
2023-04-30,愛知県,宮城県,Large_Truck,8.2,Completed
2023-05-22,大阪府,東京都,Large_Truck,13.9,On_Time
2023-10-16,宮城県,愛知県,Medium_Truck,5.6,Delayed
2023-10-23,愛知県,福岡県,Light_Van,15.4,On_Time
2023-01-04,北海道,愛知県,Light_Van,1.5,Delayed
2023-03-08,広島県,福岡県,Refrigerated,7.7,On_Time
2023-04-18,北海道,大阪府,Light_Van,15.5,Delayed
2023-06-01,宮城県,北海道,Large_Truck,2.5,On_Time
2023-01-30,北海道,東京都,Refrigerated,12.1,Delayed
2023-07-07,宮城県,福岡県,Large_Truck,22.0,Completed
2023-12-13,大阪府,広島県,Large_Truck,7.8,On_Time
2023-09-20,東京都,福岡県,Large_Truck,1.5,Completed
2023-07-10,福岡県,愛知県,Refrigerated,1.2,On_Time
2023-09-06,愛知県,広島県,Refrigerated,7.2,Completed
2024-01-25,東京都,愛知県,Refrigerated,8.6,On_Time
2023-01-13,北海道,大阪府,Refrigerated,3.6,On_Time
2023-09-04,宮城県,福岡県,Large_Truck,16.5,Delayed
2023-06-18,福岡県,大阪府,Light_Van,10.9,On_Time
2023-06-08,大阪府,東京都,Refrigerated,2.5,Completed
2023-03-19,福岡県,大阪府,Refrigerated,18.1,On_Time
2023-08-31,東京都,北海道,Light_Van,20.1,On_Time
2023-05-17,福岡県,北海道,Large_Truck,3.9,Completed
2023-11-23,大阪府,愛知県,Refrigerated,7.7,Delayed
2023-03-18,宮城県,北海道,Refrigerated,7.1,On_Time
2023-11-13,広島県,愛知県,Medium_Truck,17.4,On_Time
2023-09-05,北海道,大阪府,Refrigerated,24.4,Completed
2023-08-07,広島県,福岡県,Large_Truck,8.8,Delayed
2023-11-26,大阪府,東京都,Refrigerated,4.5,Delayed
2023-10-10,愛知県,東京都,Light_Van,5.9,On_Time
2023-04-14,愛知県,東京都,Refrigerated,17.2,On_Time
2023-05-07,北海道,大阪府,Large_Truck,10.2,Completed
2024-01-30,北海道,広島県,Light_Van,16.3,On_Time
2024-01-04,広島県,宮城県,Medium_Truck,24.4,Delayed
2024-02-04,大阪府,福岡県,Refrigerated,23.2,On_Time
2024-02-04,広島県,東京都,Light_Van,6.2,Completed
2023-11-28,大阪府,北海道,Medium_Truck,6.2,Completed
2023-07-30,東京都,北海道,Refrigerated,20.2,Delayed
2023-08-17,宮城県,北海道,Large_Truck,19.9,Completed
2023-05-03,東京都,愛知県,Light_Van,23.0,On_Time
2023-02-26,愛知県,東京都,Large_Truck,6.0,On_Time
2023-05-15,福岡県,宮城県,Light_Van,19.0,On_Time
2023-12-04,福岡県,大阪府,Refrigerated,37.1,Delayed
2023-07-04,広島県,宮城県,Light_Van,12.2,Delayed
2023-02-15,東京都,北海道,Light_Van,11.5,Completed
2023-10-25,東京都,福岡県,Light_Van,18.1,On_Time
2023-11-18,福岡県,大阪府,Light_Van,5.4,On_Time
2023-03-13,福岡県,広島県,Light_Van,8.7,Completed
2023-03-24,広島県,北海道,Medium_Truck,34.4,Completed
2023-09-16,福岡県,広島県,Light_Van,3.2,Completed
2023-03-17,宮城県,福岡県,Light_Van,33.2,On_Time
2023-12-23,愛知県,北海道,Medium_Truck,7.0,On_Time
2023-10-07,広島県,福岡県,Light_Van,3.2,Completed
2023-10-10,北海道,広島県,Light_Van,14.0,Delayed
2023-04-21,北海道,愛知県,Large_Truck,10.9,Delayed
2024-02-03,愛知県,大阪府,Large_Truck,11.4,Completed
2023-06-14,福岡県,東京都,Refrigerated,19.8,Delayed
2023-05-16,東京都,北海道,Large_Truck,5.9,Completed
2023-02-19,愛知県,宮城県,Refrigerated,2.9,On_Time
2023-07-17,宮城県,広島県,Light_Van,24.1,Delayed
2023-05-05,宮城県,愛知県,Medium_Truck,14.4,Delayed
2023-04-11,大阪府,福岡県,Light_Van,6.8,Delayed
2023-09-26,広島県,福岡県,Refrigerated,20.1,Delayed
2023-07-23,愛知県,福岡県,Refrigerated,20.1,Completed
2023-05-21,北海道,大阪府,Large_Truck,17.0,Completed
2023-03-24,愛知県,宮城県,Large_Truck,24.8,Delayed
2023-02-02,東京都,愛知県,Medium_Truck,16.3,Completed
2023-01-09,北海道,愛知県,Medium_Truck,11.3,Delayed
2023-01-10,大阪府,福岡県,Light_Van,11.7,On_Time
2023-01-06,宮城県,北海道,Medium_Truck,2.2,Delayed
2023-02-09,福岡県,東京都,Large_Truck,4.8,Delayed
2023-12-09,宮城県,北海道,Refrigerated,17.5,On_Time
2024-01-09,北海道,宮城県,Medium_Truck,20.3,Completed
2023-07-18,北海道,福岡県,Large_Truck,15.8,Completed
2023-10-24,愛知県,東京都,Light_Van,6.9,Completed
2023-12-26,広島県,福岡県,Medium_Truck,7.2,On_Time
2023-06-29,広島県,大阪府,Light_Van,24.7,On_Time
2024-01-04,北海道,東京都,Medium_Truck,16.3,Delayed
2023-06-30,東京都,広島県,Refrigerated,14.7,On_Time
2023-02-24,宮城県,愛知県,Refrigerated,17.7,Delayed
2023-11-29,広島県,北海道,Large_Truck,3.1,Delayed
2023-02-23,愛知県,広島県,Medium_Truck,12.3,On_Time
2023-12-25,北海道,広島県,Refrigerated,11.0,On_Time
2023-05-28,愛知県,北海道,Medium_Truck,22.0,Delayed
2023-10-01,広島県,愛知県,Medium_Truck,19.8,Completed
2023-01-02,広島県,大阪府,Light_Van,21.6,Delayed
2023-05-29,愛知県,東京都,Refrigerated,23.6,On_Time
2023-09-11,東京都,北海道,Large_Truck,19.1,Completed
2023-06-08,福岡県,東京都,Refrigerated,7.0,Completed
2023-01-03,宮城県,福岡県,Medium_Truck,3.1,Delayed
2023-04-17,福岡県,広島県,Medium_Truck,2.7,Delayed
2023-08-30,大阪府,愛知県,Medium_Truck,2.9,Delayed
2023-08-22,愛知県,東京都,Light_Van,13.2,Completed
2024-02-03,北海道,愛知県,Large_Truck,8.3,On_Time
2023-06-08,愛知県,広島県,Light_Van,18.0,Completed
2023-01-13,愛知県,大阪府,Refrigerated,3.7,On_Time
2023-01-27,愛知県,北海道,Light_Van,9.5,On_Time
2023-03-30,福岡県,宮城県,Large_Truck,31.1,Completed
2023-08-20,大阪府,宮城県,Refrigerated,6.6,Completed
2023-07-28,広島県,東京都,Medium_Truck,15.6,Delayed
2023-08-25,愛知県,広島県,Light_Van,24.3,Completed
2023-05-15,広島県,愛知県,Light_Van,22.6,Completed
2023-03-30,東京都,広島県,Light_Van,25.5,Delayed
2023-12-02,東京都,福岡県,Refrigerated,11.1,On_Time
2023-12-06,大阪府,広島県,Refrigerated,18.4,Completed
2024-01-03,北海道,宮城県,Light_Van,17.6,Delayed
2024-01-30,宮城県,福岡県,Light_Van,2.6,Completed
2023-12-03,愛知県,東京都,Medium_Truck,36.7,Completed
2023-06-11,愛知県,福岡県,Light_Van,17.6,On_Time
2024-01-02,大阪府,福岡県,Large_Truck,22.7,Delayed
2023-06-18,大阪府,宮城県,Medium_Truck,7.4,Delayed
2023-05-29,北海道,宮城県,Light_Van,17.9,Completed
2023-01-28,宮城県,大阪府,Medium_Truck,15.3,Completed
2023-01-21,大阪府,福岡県,Refrigerated,24.1,Completed
2023-03-11,宮城県,北海道,Light_Van,2.8,Delayed
2023-08-12,東京都,北海道,Light_Van,4.8,On_Time
2023-12-28,福岡県,大阪府,Medium_Truck,22.5,On_Time
2023-10-03,北海道,広島県,Large_Truck,13.6,On_Time
2023-03-25,北海道,大阪府,Large_Truck,25.1,On_Time
2024-01-19,大阪府,福岡県,Large_Truck,18.3,Completed
2023-12-03,福岡県,大阪府,Light_Van,33.0,Completed
2023-12-18,大阪府,北海道,Light_Van,6.7,On_Time
2023-06-26,広島県,福岡県,Light_Van,3.8,On_Time
2023-09-01,広島県,福岡県,Refrigerated,13.3,Completed
2023-12-21,宮城県,東京都,Medium_Truck,35.5,Delayed
2023-09-02,愛知県,広島県,Medium_Truck,10.0,On_Time
2023-07-20,広島県,東京都,Large_Truck,1.7,Delayed
2023-04-25,愛知県,大阪府,Refrigerated,18.6,On_Time
2023-06-13,大阪府,宮城県,Light_Van,12.6,Delayed
2023-04-28,宮城県,愛知県,Light_Van,22.5,On_Time
2023-09-29,北海道,広島県,Light_Van,6.9,On_Time
2023-06-03,大阪府,福岡県,Refrigerated,2.3,Delayed
2023-07-25,宮城県,北海道,Refrigerated,20.5,Delayed
2023-12-08,広島県,福岡県,Medium_Truck,27.6,Completed
2023-07-22,宮城県,大阪府,Large_Truck,12.8,Delayed
2023-11-17,宮城県,愛知県,Light_Van,12.8,On_Time
2023-12-13,宮城県,大阪府,Refrigerated,9.7,Delayed
2023-08-31,広島県,大阪府,Refrigerated,6.6,Delayed
2023-09-16,福岡県,広島県,Large_Truck,1.5,Completed
2023-12-29,北海道,愛知県,Medium_Truck,13.8,On_Time
2023-11-16,東京都,愛知県,Large_Truck,13.9,Delayed
2023-02-05,大阪府,東京都,Large_Truck,1.9,Delayed
2023-06-07,大阪府,広島県,Refrigerated,5.9,On_Time
2023-06-17,福岡県,東京都,Medium_Truck,3.4,Completed
2023-03-30,福岡県,北海道,Medium_Truck,26.5,On_Time
2023-07-08,福岡県,宮城県,Medium_Truck,5.2,On_Time
2023-02-14,愛知県,東京都,Refrigerated,22.2,On_Time
2023-02-01,北海道,大阪府,Large_Truck,16.2,Delayed
2023-05-18,北海道,東京都,Large_Truck,22.5,On_Time
2024-01-24,広島県,東京都,Large_Truck,5.5,Completed
2023-05-08,広島県,福岡県,Medium_Truck,6.1,On_Time
2023-05-15,愛知県,広島県,Large_Truck,2.8,Completed
2023-08-05,福岡県,東京都,Light_Van,12.4,Delayed
2023-02-08,東京都,愛知県,Light_Van,17.9,On_Time
2023-04-06,宮城県,東京都,Medium_Truck,18.1,Completed
2023-09-26,愛知県,大阪府,Medium_Truck,3.3,Completed
2023-11-16,東京都,北海道,Refrigerated,17.5,Delayed
2023-08-22,宮城県,東京都,Medium_Truck,7.2,On_Time
2023-08-06,北海道,宮城県,Large_Truck,1.9,Delayed
2023-12-01,北海道,宮城県,Light_Van,21.1,On_Time
2023-07-28,北海道,愛知県,Refrigerated,24.4,On_Time
2023-07-05,大阪府,広島県,Light_Van,11.6,Delayed
2023-02-20,福岡県,愛知県,Light_Van,9.8,Delayed
2023-07-07,福岡県,大阪府,Refrigerated,18.9,Completed
2023-02-11,宮城県,愛知県,Light_Van,10.1,On_Time
2023-11-11,愛知県,福岡県,Refrigerated,19.4,Completed
2023-07-06,愛知県,北海道,Large_Truck,7.5,Completed
2023-12-15,宮城県,北海道,Large_Truck,5.5,On_Time
2023-02-07,東京都,北海道,Large_Truck,12.1,Completed
2023-01-02,愛知県,大阪府,Large_Truck,23.3,Delayed
2023-03-12,宮城県,愛知県,Medium_Truck,30.7,Delayed
2023-10-19,愛知県,福岡県,Light_Van,22.4,Delayed
2023-10-10,大阪府,福岡県,Light_Van,24.8,Completed
2023-02-25,愛知県,大阪府,Light_Van,5.2,Completed
2024-01-10,宮城県,大阪府,Light_Van,8.7,On_Time
2023-09-30,東京都,福岡県,Light_Van,2.1,Delayed
2023-11-24,広島県,北海道,Refrigerated,14.9,Completed
2023-12-16,北海道,大阪府,Light_Van,14.0,Delayed
2023-08-13,北海道,宮城県,Large_Truck,1.0,On_Time
2023-08-27,宮城県,愛知県,Medium_Truck,18.3,On_Time
2023-08-17,愛知県,宮城県,Medium_Truck,16.4,Completed
2023-08-10,広島県,愛知県,Medium_Truck,2.5,Completed
2023-07-29,大阪府,福岡県,Light_Van,8.2,Completed
2024-01-02,大阪府,北海道,Refrigerated,21.3,Delayed
2024-01-13,東京都,福岡県,Refrigerated,3.5,On_Time
2023-05-21,広島県,福岡県,Medium_Truck,14.5,Completed
2023-09-14,福岡県,北海道,Refrigerated,4.3,Delayed
2023-04-27,広島県,福岡県,Light_Van,13.1,On_Time
2023-01-14,愛知県,広島県,Refrigerated,3.4,Delayed
2024-01-29,大阪府,東京都,Medium_Truck,17.3,Completed
2023-03-05,福岡県,広島県,Refrigerated,31.0,Completed
2023-08-05,大阪府,北海道,Light_Van,5.4,Delayed
2023-09-29,東京都,大阪府,Light_Van,7.4,Completed
2023-10-07,広島県,大阪府,Light_Van,15.0,Completed
2023-09-01,広島県,福岡県,Refrigerated,22.1,Delayed
2023-01-28,広島県,東京都,Large_Truck,17.1,On_Time
2023-01-29,北海道,愛知県,Light_Van,7.7,Delayed
2023-10-04,愛知県,大阪府,Refrigerated,11.0,Delayed
2023-12-18,東京都,福岡県,Medium_Truck,15.6,On_Time
2023-02-24,広島県,東京都,Large_Truck,18.6,Delayed
2023-01-18,東京都,愛知県,Large_Truck,20.0,Completed
2023-12-30,東京都,北海道,Large_Truck,8.4,Delayed
2023-08-15,大阪府,愛知県,Light_Van,5.6,On_Time
2023-06-27,大阪府,福岡県,Refrigerated,3.2,Delayed
2023-01-23,広島県,福岡県,Medium_Truck,12.8,Delayed
2023-01-30,広島県,宮城県,Refrigerated,2.1,On_Time
2024-01-30,宮城県,広島県,Light_Van,8.4,On_Time
2023-02-13,北海道,広島県,Refrigerated,17.5,Delayed
2023-09-08,宮城県,大阪府,Refrigerated,17.3,On_Time
2023-08-05,大阪府,宮城県,Medium_Truck,16.1,Completed
2023-11-12,広島県,大阪府,Large_Truck,14.4,Completed
2023-01-29,広島県,大阪府,Large_Truck,20.6,On_Time
2023-08-07,広島県,北海道,Light_Van,23.2,On_Time
2023-04-24,大阪府,宮城県,Medium_Truck,16.3,Delayed
2024-01-01,大阪府,広島県,Medium_Truck,5.4,On_Time
2023-11-25,福岡県,大阪府,Light_Van,2.6,Delayed
2023-11-09,福岡県,広島県,Medium_Truck,18.1,Delayed
2024-01-29,東京都,広島県,Refrigerated,18.1,Completed
2023-08-28,宮城県,愛知県,Refrigerated,8.4,Delayed
2023-04-30,東京都,広島県,Large_Truck,6.1,Delayed
2023-01-15,大阪府,北海道,Light_Van,23.1,On_Time
2023-06-04,広島県,宮城県,Medium_Truck,22.1,Delayed
2023-05-09,広島県,東京都,Large_Truck,11.8,On_Time
2023-06-17,大阪府,広島県,Light_Van,8.2,Delayed
2023-06-30,宮城県,東京都,Medium_Truck,2.5,Delayed
2023-10-28,東京都,広島県,Large_Truck,6.6,Completed
2023-11-19,愛知県,福岡県,Large_Truck,12.3,On_Time
2023-11-06,広島県,愛知県,Large_Truck,21.7,On_Time
2023-04-24,宮城県,愛知県,Light_Van,18.3,On_Time
2023-11-20,愛知県,東京都,Medium_Truck,16.5,Completed
2023-09-09,愛知県,大阪府,Large_Truck,21.4,Completed
2023-02-23,北海道,東京都,Medium_Truck,6.9,On_Time
2023-02-19,宮城県,広島県,Refrigerated,11.9,On_Time
2023-12-04,福岡県,北海道,Large_Truck,13.4,On_Time
2023-04-27,福岡県,愛知県,Medium_Truck,19.3,Delayed
2023-08-17,愛知県,東京都,Refrigerated,12.3,On_Time
2023-09-22,東京都,北海道,Light_Van,16.3,Completed
2023-04-20,愛知県,広島県,Medium_Truck,24.4,Completed
2023-10-17,宮城県,大阪府,Light_Van,2.8,Completed
2023-03-13,大阪府,愛知県,Light_Van,17.7,Delayed
2023-05-01,宮城県,大阪府,Large_Truck,11.6,Completed
2023-11-29,愛知県,広島県,Large_Truck,7.0,Completed
2023-05-08,大阪府,北海道,Refrigerated,24.9,Delayed
2023-11-10,愛知県,北海道,Light_Van,17.9,On_Time
2023-12-20,北海道,大阪府,Refrigerated,36.7,Completed
2024-01-09,北海道,東京都,Medium_Truck,20.3,On_Time
2023-04-28,東京都,福岡県,Medium_Truck,6.0,Delayed
2023-02-23,宮城県,北海道,Refrigerated,21.2,Completed
2023-12-19,大阪府,宮城県,Medium_Truck,7.8,On_Time
2023-08-28,福岡県,大阪府,Light_Van,17.6,Delayed
2023-03-02,東京都,北海道,Large_Truck,32.4,Completed
2023-05-08,北海道,福岡県,Refrigerated,5.5,On_Time
2024-01-27,北海道,宮城県,Medium_Truck,2.5,Completed
2023-08-21,広島県,東京都,Refrigerated,17.0,On_Time
2023-01-24,宮城県,福岡県,Light_Van,5.1,Completed
2023-04-08,広島県,宮城県,Large_Truck,15.4,Delayed
2023-12-30,北海道,広島県,Refrigerated,22.8,Delayed
2023-10-30,宮城県,福岡県,Large_Truck,2.8,On_Time
2023-10-15,北海道,広島県,Medium_Truck,20.0,On_Time
2024-01-23,愛知県,広島県,Large_Truck,8.3,Delayed
2023-11-05,大阪府,北海道,Large_Truck,19.0,On_Time
2023-06-22,大阪府,宮城県,Light_Van,12.6,On_Time
2023-01-11,大阪府,東京都,Light_Van,13.3,On_Time
2023-03-18,北海道,広島県,Light_Van,11.0,Completed
2023-01-29,福岡県,広島県,Refrigerated,6.6,Completed
2023-10-02,北海道,東京都,Large_Truck,5.9,Completed
2023-01-27,広島県,大阪府,Medium_Truck,8.4,Delayed
2023-01-21,福岡県,宮城県,Light_Van,24.2,Completed
2023-12-04,愛知県,大阪府,Medium_Truck,16.8,Delayed
2023-10-31,大阪府,愛知県,Light_Van,12.5,Delayed
2023-10-26,福岡県,大阪府,Light_Van,3.0,On_Time
2023-12-21,宮城県,愛知県,Large_Truck,3.2,Completed
2023-04-11,福岡県,宮城県,Refrigerated,22.2,On_Time
2024-01-15,大阪府,福岡県,Light_Van,12.0,Completed
2023-06-16,大阪府,北海道,Large_Truck,20.8,Completed
2023-07-24,広島県,愛知県,Light_Van,3.7,Completed
2023-03-25,愛知県,広島県,Light_Van,14.6,Delayed
2023-01-20,宮城県,大阪府,Light_Van,10.6,On_Time
2023-10-28,東京都,宮城県,Refrigerated,18.5,On_Time
2023-05-15,宮城県,愛知県,Large_Truck,17.8,On_Time
2023-08-21,宮城県,愛知県,Large_Truck,1.5,Completed
2023-09-14,広島県,宮城県,Large_Truck,2.8,On_Time
2023-08-04,宮城県,大阪府,Medium_Truck,23.5,On_Time
2023-01-20,愛知県,北海道,Light_Van,1.5,Completed
2023-04-14,北海道,大阪府,Refrigerated,9.1,On_Time
2023-04-15,北海道,東京都,Light_Van,8.4,On_Time
2023-12-24,広島県,宮城県,Medium_Truck,5.2,Completed
2023-06-13,大阪府,宮城県,Light_Van,22.8,On_Time
2023-01-30,広島県,大阪府,Refrigerated,12.8,Delayed
2023-06-24,北海道,福岡県,Light_Van,12.4,Completed
2023-04-07,愛知県,大阪府,Medium_Truck,24.7,On_Time
2023-03-25,宮城県,広島県,Large_Truck,26.1,Delayed
2023-10-14,宮城県,広島県,Light_Van,15.0,Completed
2023-07-16,宮城県,愛知県,Light_Van,14.5,On_Time
2023-06-06,東京都,宮城県,Refrigerated,15.4,On_Time
2024-01-22,宮城県,大阪府,Light_Van,11.4,On_Time
2024-01-03,愛知県,広島県,Light_Van,8.8,Delayed
2023-10-15,宮城県,広島県,Medium_Truck,11.1,Delayed
2023-10-15,宮城県,大阪府,Refrigerated,3.4,Delayed
2023-10-14,愛知県,福岡県,Medium_Truck,15.5,Completed
2023-03-11,北海道,東京都,Medium_Truck,26.7,Completed
2023-07-06,福岡県,東京都,Medium_Truck,13.1,Delayed
2023-09-07,東京都,広島県,Refrigerated,18.1,Delayed
2023-11-05,東京都,広島県,Medium_Truck,8.1,On_Time
2023-09-28,福岡県,宮城県,Refrigerated,1.1,Completed
2023-04-18,福岡県,北海道,Refrigerated,4.5,Delayed
2023-04-18,東京都,愛知県,Refrigerated,13.7,Completed
2023-11-01,大阪府,愛知県,Medium_Truck,22.0,Delayed
2024-01-08,東京都,広島県,Medium_Truck,5.5,On_Time
2024-01-09,愛知県,北海道,Medium_Truck,4.7,On_Time
2023-05-24,広島県,宮城県,Medium_Truck,17.4,On_Time
2024-01-07,東京都,大阪府,Medium_Truck,15.5,Delayed
2023-11-28,福岡県,北海道,Light_Van,8.8,Delayed
2023-06-05,東京都,大阪府,Large_Truck,18.1,Completed
2023-06-05,愛知県,東京都,Medium_Truck,15.1,Completed
2023-09-09,宮城県,大阪府,Medium_Truck,20.9,Delayed
2023-08-23,広島県,宮城県,Large_Truck,20.8,Delayed
2023-04-13,大阪府,東京都,Medium_Truck,19.9,Completed
2023-10-04,広島県,福岡県,Refrigerated,7.9,Delayed
2023-07-25,東京都,福岡県,Refrigerated,9.3,On_Time
2023-09-01,広島県,愛知県,Large_Truck,22.4,Delayed
2023-04-08,宮城県,大阪府,Light_Van,4.9,Delayed
2023-04-22,広島県,東京都,Refrigerated,12.9,Delayed
2023-07-20,愛知県,大阪府,Light_Van,14.8,Completed
2023-09-24,福岡県,東京都,Medium_Truck,21.6,Completed
2023-07-11,大阪府,福岡県,Large_Truck,21.0,On_Time
2023-10-23,宮城県,東京都,Light_Van,20.9,Completed
2023-05-26,広島県,福岡県,Large_Truck,7.6,Completed
2023-06-08,宮城県,東京都,Refrigerated,22.5,Delayed
2024-01-05,北海道,東京都,Refrigerated,1.4,Delayed
2023-02-07,愛知県,大阪府,Large_Truck,14.4,Completed
2023-04-20,東京都,北海道,Light_Van,18.7,On_Time
2023-10-15,福岡県,大阪府,Refrigerated,17.9,On_Time
2023-03-18,大阪府,福岡県,Refrigerated,14.0,On_Time
2023-12-31,愛知県,東京都,Light_Van,9.3,Delayed
2024-01-19,福岡県,大阪府,Light_Van,12.8,Completed
2023-10-24,大阪府,愛知県,Large_Truck,21.2,Completed
2023-11-29,東京都,宮城県,Large_Truck,6.9,Completed
2023-06-06,広島県,宮城県,Medium_Truck,6.1,Completed
2023-01-26,大阪府,北海道,Large_Truck,7.6,Completed
2023-04-10,宮城県,大阪府,Light_Van,9.9,Delayed
2023-06-24,大阪府,広島県,Medium_Truck,18.8,Completed
2024-01-22,大阪府,広島県,Refrigerated,1.8,Delayed
2023-04-06,東京都,宮城県,Refrigerated,8.5,Delayed
2023-03-23,福岡県,大阪府,Light_Van,10.9,Delayed
2024-01-06,宮城県,大阪府,Refrigerated,19.3,On_Time
2023-09-07,北海道,大阪府,Medium_Truck,15.4,Delayed
2023-05-13,福岡県,東京都,Medium_Truck,16.7,Delayed
2023-10-03,宮城県,広島県,Medium_Truck,1.2,Completed
2023-03-29,愛知県,福岡県,Large_Truck,5.3,Delayed
2023-02-18,北海道,宮城県,Refrigerated,22.7,Delayed
2023-04-03,北海道,東京都,Large_Truck,23.3,Delayed
2023-03-05,北海道,広島県,Light_Van,10.8,On_Time
2023-07-14,東京都,大阪府,Medium_Truck,8.9,On_Time
2023-08-12,大阪府,広島県,Medium_Truck,9.0,On_Time
2023-03-09,福岡県,愛知県,Light_Van,30.5,Delayed
2023-11-24,宮城県,愛知県,Refrigerated,9.1,Delayed
2023-10-28,福岡県,広島県,Medium_Truck,21.4,On_Time
2023-02-26,大阪府,宮城県,Medium_Truck,17.9,Delayed
2023-03-29,福岡県,東京都,Light_Van,27.0,On_Time
2023-08-28,愛知県,福岡県,Large_Truck,3.7,On_Time
2023-10-13,北海道,福岡県,Large_Truck,8.7,Delayed
2023-12-19,宮城県,福岡県,Large_Truck,15.1,Completed
2023-02-06,東京都,大阪府,Large_Truck,4.4,Delayed
2023-06-14,宮城県,愛知県,Refrigerated,2.1,Completed
2023-12-04,大阪府,宮城県,Refrigerated,30.1,On_Time
2023-01-24,東京都,福岡県,Refrigerated,12.0,Completed
2024-01-31,福岡県,東京都,Refrigerated,18.6,Completed
2023-06-27,宮城県,福岡県,Refrigerated,3.8,Completed
2023-11-26,宮城県,北海道,Large_Truck,4.9,On_Time
2023-03-23,大阪府,東京都,Refrigerated,2.9,On_Time
2023-05-31,北海道,広島県,Refrigerated,3.0,On_Time
2023-12-26,大阪府,東京都,Refrigerated,12.8,Delayed
2023-12-21,北海道,愛知県,Refrigerated,29.3,Completed
2023-06-06,東京都,北海道,Light_Van,12.6,On_Time
2024-01-20,北海道,東京都,Refrigerated,14.0,On_Time
2024-02-01,北海道,福岡県,Refrigerated,21.5,On_Time
2023-04-27,北海道,福岡県,Light_Van,16.8,Delayed
2023-05-02,東京都,福岡県,Light_Van,14.5,Completed
2023-05-07,福岡県,北海道,Large_Truck,13.2,Delayed
2023-02-10,東京都,宮城県,Large_Truck,21.2,Delayed
2023-07-08,福岡県,広島県,Medium_Truck,18.7,On_Time
2023-04-11,広島県,福岡県,Medium_Truck,18.0,Delayed
2023-12-11,東京都,大阪府,Refrigerated,22.7,Delayed
2023-04-01,東京都,宮城県,Refrigerated,18.1,On_Time
2023-05-13,宮城県,東京都,Medium_Truck,19.8,Completed
2023-10-28,愛知県,福岡県,Refrigerated,7.3,Delayed
2023-08-17,広島県,北海道,Medium_Truck,7.3,Delayed
2023-01-05,愛知県,広島県,Light_Van,7.8,Completed
2023-01-31,大阪府,宮城県,Large_Truck,18.2,On_Time
2023-12-16,宮城県,北海道,Large_Truck,32.7,Delayed
2023-07-31,愛知県,福岡県,Medium_Truck,6.9,Delayed
2023-02-01,愛知県,北海道,Medium_Truck,18.3,Completed
2024-01-06,福岡県,愛知県,Large_Truck,17.8,Completed
2023-07-29,東京都,福岡県,Large_Truck,24.0,Completed
2023-05-20,北海道,東京都,Large_Truck,7.2,Completed
2023-11-06,北海道,宮城県,Refrigerated,8.2,Delayed
2023-04-14,北海道,大阪府,Refrigerated,12.7,On_Time
2023-10-13,愛知県,広島県,Medium_Truck,16.6,On_Time
2024-01-06,大阪府,広島県,Medium_Truck,24.1,On_Time
2023-07-03,広島県,北海道,Refrigerated,5.2,Delayed
2023-05-03,愛知県,北海道,Medium_Truck,7.5,On_Time
2023-09-24,北海道,大阪府,Large_Truck,22.1,Completed
2023-09-08,愛知県,広島県,Medium_Truck,18.7,Delayed
2023-06-30,愛知県,広島県,Light_Van,15.5,On_Time
2023-02-11,大阪府,福岡県,Light_Van,20.1,Delayed
2023-08-18,広島県,東京都,Large_Truck,8.7,Delayed
2023-10-18,宮城県,大阪府,Medium_Truck,15.3,Completed
2023-09-16,広島県,大阪府,Medium_Truck,22.6,Completed
2024-01-14,大阪府,福岡県,Refrigerated,20.3,Completed
2023-09-20,大阪府,宮城県,Light_Van,12.9,On_Time
2023-06-02,広島県,福岡県,Medium_Truck,15.1,On_Time
2024-02-04,東京都,愛知県,Medium_Truck,10.2,Completed
2023-04-12,愛知県,広島県,Light_Van,18.4,Completed
2023-09-29,北海道,福岡県,Light_Van,4.0,On_Time
2023-08-19,北海道,東京都,Light_Van,19.7,Delayed
2023-03-25,大阪府,宮城県,Light_Van,4.0,Completed
2023-07-12,福岡県,愛知県,Large_Truck,3.6,Delayed
2023-06-16,宮城県,広島県,Refrigerated,19.2,Completed
2023-10-31,北海道,愛知県,Light_Van,24.2,Delayed
2023-05-23,愛知県,東京都,Refrigerated,17.8,On_Time
2023-03-11,東京都,広島県,Light_Van,19.9,On_Time
2023-08-29,北海道,愛知県,Light_Van,24.2,Completed
2023-10-30,東京都,福岡県,Light_Van,15.1,Delayed
2023-02-05,福岡県,北海道,Refrigerated,24.8,Completed
2023-09-10,大阪府,広島県,Light_Van,2.2,Completed
2023-03-04,宮城県,東京都,Large_Truck,31.2,Delayed
2023-12-11,北海道,大阪府,Medium_Truck,37.0,Completed
2023-05-06,宮城県,北海道,Refrigerated,20.7,Delayed
2023-09-28,広島県,愛知県,Refrigerated,11.3,Delayed
2023-03-06,愛知県,福岡県,Refrigerated,6.4,Delayed
2023-12-10,大阪府,広島県,Medium_Truck,6.0,Delayed
2023-06-18,宮城県,東京都,Medium_Truck,10.9,Delayed
2023-12-16,大阪府,福岡県,Medium_Truck,2.9,Delayed
2023-03-21,福岡県,広島県,Large_Truck,35.5,Delayed
2024-02-01,愛知県,宮城県,Large_Truck,23.2,On_Time
2023-08-29,愛知県,宮城県,Medium_Truck,8.0,Completed
2023-06-15,広島県,大阪府,Refrigerated,5.7,Completed
2023-12-05,東京都,大阪府,Light_Van,29.8,Delayed
2023-12-19,東京都,宮城県,Light_Van,22.1,Completed
2023-05-28,大阪府,宮城県,Medium_Truck,16.8,Completed
2023-03-19,愛知県,宮城県,Medium_Truck,10.2,On_Time
2023-04-27,愛知県,東京都,Light_Van,14.4,Completed
2023-06-04,東京都,大阪府,Refrigerated,9.4,Delayed
2023-07-11,福岡県,広島県,Medium_Truck,16.2,Delayed
2024-01-17,福岡県,広島県,Medium_Truck,14.7,On_Time
2023-04-08,東京都,宮城県,Medium_Truck,6.5,On_Time
2024-01-23,東京都,大阪府,Medium_Truck,5.2,Delayed
2023-09-27,北海道,宮城県,Large_Truck,11.9,On_Time
2023-02-01,宮城県,大阪府,Large_Truck,17.7,Delayed
2024-01-18,宮城県,大阪府,Large_Truck,21.9,Delayed
2023-06-29,愛知県,広島県,Medium_Truck,18.5,Completed
2024-01-28,福岡県,愛知県,Medium_Truck,1.6,Completed
2023-05-31,広島県,愛知県,Refrigerated,8.2,Delayed
2024-01-10,広島県,福岡県,Medium_Truck,20.4,Delayed
2023-05-27,北海道,宮城県,Refrigerated,2.2,Delayed
2023-03-08,北海道,大阪府,Large_Truck,3.1,Completed
2023-07-10,広島県,宮城県,Light_Van,1.8,On_Time
2023-12-18,福岡県,北海道,Refrigerated,10.1,Completed
2024-01-12,北海道,愛知県,Medium_Truck,12.9,On_Time
2023-03-27,北海道,大阪府,Medium_Truck,36.4,Completed
2023-09-11,北海道,広島県,Light_Van,15.7,Completed
2023-09-14,宮城県,東京都,Refrigerated,4.0,Delayed
2023-04-04,福岡県,愛知県,Refrigerated,6.9,On_Time
2023-12-03,愛知県,東京都,Refrigerated,6.2,Completed
2023-11-27,福岡県,宮城県,Medium_Truck,2.7,On_Time
2023-08-13,北海道,宮城県,Medium_Truck,19.6,Completed
2023-11-01,福岡県,北海道,Refrigerated,9.2,Delayed
2023-03-13,愛知県,広島県,Light_Van,26.4,On_Time
2023-06-13,大阪府,東京都,Large_Truck,18.3,Completed
2023-04-01,北海道,大阪府,Large_Truck,12.0,Completed
2023-04-15,愛知県,宮城県,Light_Van,3.1,On_Time
2023-09-17,大阪府,福岡県,Light_Van,5.4,Completed
2023-10-14,北海道,愛知県,Medium_Truck,1.8,Completed
2023-09-11,広島県,宮城県,Light_Van,7.5,On_Time
2023-02-05,大阪府,東京都,Light_Van,9.5,Completed
2023-02-09,宮城県,愛知県,Light_Van,16.8,Completed
2023-07-28,宮城県,東京都,Medium_Truck,13.1,On_Time
2023-10-18,北海道,東京都,Large_Truck,8.2,On_Time
2023-02-20,広島県,愛知県,Medium_Truck,19.0,Completed
2023-06-12,広島県,東京都,Refrigerated,19.6,Completed
2023-01-12,大阪府,愛知県,Refrigerated,24.1,On_Time
2023-08-12,北海道,大阪府,Medium_Truck,16.8,On_Time
2023-11-26,福岡県,大阪府,Large_Truck,10.0,On_Time
2023-03-13,愛知県,北海道,Light_Van,16.6,Completed
2023-06-24,宮城県,大阪府,Medium_Truck,23.5,On_Time
2023-09-18,大阪府,宮城県,Light_Van,17.4,Completed
2023-05-08,東京都,福岡県,Large_Truck,8.5,Completed
2023-12-19,愛知県,福岡県,Large_Truck,31.3,Delayed
2023-08-07,福岡県,東京都,Medium_Truck,6.5,Completed
2023-12-20,大阪府,宮城県,Medium_Truck,25.3,On_Time
2023-09-18,広島県,大阪府,Medium_Truck,3.8,On_Time
2023-10-10,大阪府,広島県,Medium_Truck,21.2,On_Time
2023-05-31,広島県,東京都,Large_Truck,9.9,Completed
2023-01-03,大阪府,福岡県,Large_Truck,16.2,On_Time
2023-10-03,愛知県,大阪府,Medium_Truck,21.0,On_Time
2023-07-20,愛知県,福岡県,Medium_Truck,13.3,Delayed
2023-04-21,東京都,大阪府,Light_Van,8.2,Delayed
2023-05-06,東京都,広島県,Large_Truck,6.9,Completed
2023-11-25,大阪府,北海道,Refrigerated,13.8,On_Time
2023-04-01,北海道,福岡県,Large_Truck,24.6,On_Time
2023-12-21,東京都,福岡県,Large_Truck,3.9,Completed
2023-09-12,福岡県,東京都,Light_Van,12.6,Delayed
2023-11-29,大阪府,北海道,Medium_Truck,11.3,Delayed
2023-12-12,福岡県,東京都,Light_Van,12.6,Delayed
2023-12-16,宮城県,福岡県,Refrigerated,11.2,Delayed
2023-03-03,東京都,愛知県,Large_Truck,10.2,On_Time
2023-05-27,東京都,宮城県,Medium_Truck,16.6,Completed
2023-02-20,北海道,宮城県,Light_Van,17.4,Completed
2023-02-25,愛知県,広島県,Large_Truck,6.8,Delayed
2023-10-19,愛知県,北海道,Refrigerated,21.1,Delayed
2023-10-18,広島県,東京都,Light_Van,8.7,Delayed
2024-02-04,宮城県,愛知県,Refrigerated,23.1,Delayed
2023-06-13,福岡県,東京都,Light_Van,23.2,Delayed
2023-05-30,福岡県,北海道,Light_Van,1.2,Delayed
2023-10-17,愛知県,広島県,Refrigerated,22.3,On_Time
2023-08-13,北海道,大阪府,Refrigerated,22.1,On_Time
2023-07-14,広島県,北海道,Refrigerated,17.5,Completed
2023-03-11,大阪府,宮城県,Medium_Truck,11.8,Completed
2023-01-24,東京都,北海道,Refrigerated,21.0,Delayed
2023-01-12,東京都,北海道,Medium_Truck,11.1,On_Time
2023-06-03,広島県,大阪府,Large_Truck,18.4,Delayed
2023-03-08,福岡県,大阪府,Light_Van,20.0,Delayed
2023-08-04,広島県,愛知県,Medium_Truck,22.9,Delayed
2023-10-21,宮城県,福岡県,Large_Truck,24.4,Delayed
2024-01-28,広島県,福岡県,Light_Van,8.1,Completed
2023-02-14,北海道,大阪府,Light_Van,16.7,Delayed
2023-08-19,広島県,北海道,Refrigerated,15.1,Delayed
2023-06-24,福岡県,愛知県,Light_Van,19.0,Delayed
2023-10-07,宮城県,大阪府,Light_Van,17.4,Delayed
2023-11-18,東京都,北海道,Light_Van,21.7,On_Time
2023-10-25,東京都,広島県,Medium_Truck,6.2,Completed
2023-12-27,愛知県,福岡県,Refrigerated,16.6,Delayed
2023-10-27,宮城県,広島県,Refrigerated,10.1,Delayed
2023-12-31,東京都,北海道,Large_Truck,26.4,On_Time
2023-01-03,北海道,福岡県,Light_Van,3.1,Delayed
2023-12-09,広島県,宮城県,Light_Van,19.2,Completed
2023-04-09,宮城県,東京都,Large_Truck,18.9,On_Time
2023-03-23,愛知県,北海道,Large_Truck,21.6,Completed
2024-01-27,宮城県,北海道,Large_Truck,5.9,Completed
2023-01-06,愛知県,大阪府,Light_Van,6.2,On_Time
2023-03-23,東京都,愛知県,Large_Truck,20.6,Delayed
2023-07-20,大阪府,宮城県,Light_Van,3.2,Completed
2023-12-14,愛知県,大阪府,Refrigerated,22.5,On_Time
2023-06-26,北海道,東京都,Medium_Truck,23.7,Completed
2023-06-23,愛知県,広島県,Light_Van,16.1,On_Time
2023-09-19,大阪府,東京都,Medium_Truck,9.2,Delayed
2023-12-23,東京都,宮城県,Light_Van,31.3,Delayed
2023-03-21,福岡県,愛知県,Large_Truck,10.8,On_Time
2023-11-07,宮城県,大阪府,Medium_Truck,21.1,On_Time
2023-10-24,大阪府,愛知県,Medium_Truck,8.5,Delayed
2023-10-10,愛知県,東京都,Refrigerated,4.3,Delayed
2023-06-30,北海道,東京都,Light_Van,1.4,Completed
2023-02-07,愛知県,福岡県,Light_Van,14.0,Delayed
2023-04-26,愛知県,福岡県,Medium_Truck,17.1,Delayed
2023-08-20,東京都,宮城県,Large_Truck,22.1,On_Time
2024-01-10,東京都,宮城県,Large_Truck,23.3,Completed
2023-03-01,北海道,宮城県,Large_Truck,6.4,Delayed
2023-05-30,北海道,広島県,Medium_Truck,22.3,On_Time
2023-05-09,広島県,北海道,Light_Van,18.7,Completed
2023-02-28,広島県,北海道,Light_Van,16.2,Completed
2023-05-12,東京都,愛知県,Light_Van,15.8,Delayed
2024-01-02,福岡県,愛知県,Medium_Truck,9.5,On_Time
2023-05-21,北海道,愛知県,Light_Van,20.7,Completed
2023-11-17,北海道,広島県,Large_Truck,20.8,Completed
2023-02-07,広島県,大阪府,Refrigerated,9.4,Delayed
2023-06-10,広島県,福岡県,Refrigerated,23.1,Delayed
2023-04-24,広島県,宮城県,Refrigerated,16.4,Completed
2023-12-13,東京都,大阪府,Medium_Truck,5.1,On_Time
2024-01-22,福岡県,宮城県,Large_Truck,13.5,On_Time
2023-12-18,福岡県,東京都,Refrigerated,7.6,Completed
2023-09-09,愛知県,大阪府,Medium_Truck,8.6,Completed
2023-08-19,愛知県,大阪府,Refrigerated,18.8,Delayed
2023-03-25,広島県,大阪府,Large_Truck,19.6,Delayed
2023-10-30,東京都,広島県,Refrigerated,12.5,Completed
2023-07-29,愛知県,広島県,Refrigerated,8.3,On_Time
2023-05-07,北海道,宮城県,Medium_Truck,6.6,On_Time
2023-02-01,福岡県,宮城県,Refrigerated,15.4,Completed
2023-03-21,福岡県,宮城県,Large_Truck,26.2,Completed
2023-04-25,福岡県,大阪府,Medium_Truck,13.8,On_Time
2023-05-17,東京都,大阪府,Medium_Truck,6.4,Delayed
2023-11-19,広島県,北海道,Medium_Truck,14.4,On_Time
2023-03-15,大阪府,広島県,Large_Truck,16.2,Delayed
2023-07-24,愛知県,東京都,Refrigerated,20.8,Completed
2023-11-06,北海道,大阪府,Large_Truck,6.2,On_Time
2023-01-31,愛知県,宮城県,Refrigerated,24.5,Delayed
2023-11-24,東京都,北海道,Large_Truck,9.4,Delayed
2023-09-12,北海道,大阪府,Refrigerated,2.7,Completed
2023-04-08,北海道,宮城県,Light_Van,17.0,On_Time
2023-05-18,北海道,愛知県,Refrigerated,23.5,On_Time
2023-01-17,北海道,大阪府,Light_Van,5.2,On_Time
2023-04-19,大阪府,宮城県,Refrigerated,3.5,Delayed
2023-05-23,広島県,北海道,Medium_Truck,14.4,On_Time
2023-10-02,福岡県,北海道,Light_Van,2.2,Delayed
2023-05-01,大阪府,愛知県,Medium_Truck,15.6,Completed
2023-08-21,広島県,宮城県,Refrigerated,9.8,On_Time
2023-09-01,宮城県,広島県,Large_Truck,14.6,On_Time
2024-01-05,愛知県,大阪府,Medium_Truck,21.3,Completed
2024-01-21,東京都,愛知県,Large_Truck,17.7,Completed
2023-11-21,宮城県,愛知県,Medium_Truck,8.6,Delayed
2023-11-03,東京都,広島県,Light_Van,12.7,Delayed
2023-01-15,東京都,広島県,Refrigerated,15.2,On_Time
2023-02-19,大阪府,広島県,Medium_Truck,3.1,On_Time
2023-08-25,愛知県,東京都,Large_Truck,18.1,Delayed
2023-11-13,大阪府,広島県,Medium_Truck,5.4,Delayed
2023-08-15,広島県,東京都,Medium_Truck,20.3,Completed
2023-06-19,宮城県,大阪府,Large_Truck,2.3,Delayed
2023-12-16,愛知県,宮城県,Refrigerated,34.0,Delayed
2023-07-31,東京都,福岡県,Light_Van,19.5,Delayed
2023-03-28,愛知県,北海道,Medium_Truck,21.9,Completed
2023-08-28,宮城県,東京都,Medium_Truck,3.9,Completed
2023-10-25,大阪府,北海道,Medium_Truck,18.5,On_Time
2023-01-01,宮城県,東京都,Light_Van,23.1,On_Time
2024-01-06,広島県,宮城県,Light_Van,13.4,Delayed
2023-04-07,宮城県,愛知県,Large_Truck,6.3,On_Time
2023-06-10,大阪府,広島県,Large_Truck,21.1,Completed
2023-07-13,北海道,福岡県,Medium_Truck,14.4,On_Time
2023-11-16,大阪府,広島県,Refrigerated,15.8,On_Time
2023-12-04,北海道,宮城県,Refrigerated,26.7,Delayed
2024-01-11,北海道,愛知県,Refrigerated,7.2,On_Time
2023-03-21,愛知県,大阪府,Refrigerated,23.7,On_Time
2023-06-26,宮城県,福岡県,Refrigerated,18.4,On_Time
2023-11-01,広島県,宮城県,Refrigerated,6.2,Completed
2023-12-22,福岡県,大阪府,Large_Truck,29.9,On_Time
2023-05-29,東京都,宮城県,Refrigerated,5.3,On_Time
2023-06-28,広島県,大阪府,Light_Van,16.4,On_Time
2023-08-21,広島県,愛知県,Medium_Truck,19.4,Completed
2023-08-23,愛知県,広島県,Medium_Truck,18.9,Delayed
2023-06-21,大阪府,愛知県,Medium_Truck,17.3,On_Time
2023-12-16,愛知県,福岡県,Large_Truck,27.0,Delayed
2023-10-06,東京都,宮城県,Large_Truck,10.9,Completed
2023-06-30,福岡県,北海道,Light_Van,7.4,Delayed
2023-06-27,広島県,宮城県,Medium_Truck,14.8,Completed
2023-09-14,愛知県,大阪府,Refrigerated,13.6,Delayed
2023-02-21,大阪府,広島県,Medium_Truck,23.9,Delayed
2023-08-30,宮城県,広島県,Medium_Truck,20.4,On_Time
2023-04-29,広島県,福岡県,Large_Truck,4.7,Completed
2023-04-22,愛知県,北海道,Large_Truck,16.0,Completed
2023-07-29,東京都,大阪府,Large_Truck,17.2,Completed
2023-07-08,大阪府,広島県,Refrigerated,17.2,Delayed
2023-11-10,福岡県,大阪府,Medium_Truck,21.5,Completed
2023-01-08,愛知県,宮城県,Large_Truck,8.7,On_Time
2023-06-09,大阪府,愛知県,Medium_Truck,14.5,On_Time
2023-03-01,福岡県,宮城県,Refrigerated,28.2,On_Time
2023-11-20,福岡県,北海道,Large_Truck,17.9,On_Time
2023-10-09,愛知県,福岡県,Light_Van,4.5,Completed
2023-06-22,大阪府,愛知県,Large_Truck,4.2,On_Time
2023-01-14,愛知県,大阪府,Medium_Truck,4.5,On_Time
2023-05-31,東京都,北海道,Medium_Truck,11.5,On_Time
2023-02-28,広島県,大阪府,Light_Van,18.2,On_Time
2023-11-04,福岡県,広島県,Medium_Truck,23.3,On_Time
2023-04-13,福岡県,北海道,Light_Van,4.7,On_Time
2023-08-31,広島県,福岡県,Refrigerated,13.0,Completed
2023-07-28,北海道,広島県,Medium_Truck,13.5,Delayed
2023-12-02,福岡県,宮城県,Light_Van,12.2,Delayed
2023-03-21,大阪府,愛知県,Refrigerated,13.0,Delayed
2023-02-01,広島県,宮城県,Medium_Truck,24.5,Completed
2023-08-19,大阪府,北海道,Refrigerated,8.9,Delayed
2023-08-04,愛知県,宮城県,Medium_Truck,24.4,Completed
2023-09-07,大阪府,福岡県,Large_Truck,21.5,Delayed
2023-10-22,宮城県,福岡県,Refrigerated,3.8,Completed
2023-06-18,大阪府,福岡県,Medium_Truck,12.1,On_Time
2023-02-01,東京都,宮城県,Light_Van,10.0,On_Time
2023-05-10,大阪府,愛知県,Large_Truck,17.3,On_Time
2023-10-25,大阪府,愛知県,Refrigerated,6.5,On_Time
2023-06-25,大阪府,北海道,Large_Truck,3.0,Completed
2023-08-11,北海道,大阪府,Large_Truck,20.5,Delayed
2023-08-19,宮城県,大阪府,Medium_Truck,20.2,Delayed
2024-01-20,北海道,大阪府,Refrigerated,24.9,Delayed
2023-03-08,愛知県,大阪府,Large_Truck,32.5,Delayed
2023-05-03,広島県,北海道,Medium_Truck,20.8,Completed
2023-01-24,広島県,大阪府,Large_Truck,17.9,On_Time
2023-12-27,愛知県,宮城県,Large_Truck,10.8,On_Time
2023-01-19,大阪府,東京都,Large_Truck,3.7,Delayed
2023-02-04,東京都,愛知県,Large_Truck,21.2,Delayed
2023-04-10,大阪府,宮城県,Refrigerated,24.6,On_Time
2023-07-14,宮城県,大阪府,Medium_Truck,4.0,Completed
2024-01-26,愛知県,大阪府,Refrigerated,10.1,Delayed
2023-02-10,福岡県,東京都,Large_Truck,2.3,On_Time
2023-10-31,愛知県,東京都,Medium_Truck,8.3,Delayed
2023-05-08,広島県,宮城県,Light_Van,15.4,Completed
2023-07-05,宮城県,福岡県,Light_Van,24.8,Delayed
2023-11-29,北海道,福岡県,Medium_Truck,10.4,Completed
2023-02-17,東京都,福岡県,Light_Van,18.9,Completed
2023-09-12,宮城県,東京都,Refrigerated,8.8,Delayed
2023-06-18,愛知県,福岡県,Light_Van,17.0,On_Time
2023-10-04,愛知県,広島県,Medium_Truck,6.4,On_Time
2023-04-02,北海道,宮城県,Large_Truck,19.1,Delayed
2023-12-16,福岡県,宮城県,Medium_Truck,25.9,Delayed
2023-01-08,愛知県,広島県,Large_Truck,4.1,Delayed
2023-04-15,愛知県,東京都,Light_Van,10.5,Delayed
2023-04-05,広島県,東京都,Refrigerated,23.5,Delayed
2023-08-17,大阪府,北海道,Medium_Truck,4.0,Delayed
2023-05-12,北海道,福岡県,Refrigerated,5.3,Completed
2023-04-09,北海道,大阪府,Large_Truck,1.1,On_Time
2023-01-18,広島県,宮城県,Light_Van,12.7,Completed
2023-03-28,東京都,愛知県,Medium_Truck,2.1,Delayed
2023-11-10,広島県,福岡県,Refrigerated,14.5,Completed
2023-08-26,宮城県,東京都,Light_Van,9.0,Completed
2023-09-28,大阪府,北海道,Refrigerated,14.7,Delayed
2023-07-28,東京都,愛知県,Large_Truck,2.3,Delayed
2023-11-15,北海道,宮城県,Refrigerated,18.5,Completed
2024-02-01,福岡県,大阪府,Large_Truck,19.9,Delayed
2023-01-08,大阪府,愛知県,Large_Truck,7.9,Delayed
2023-09-04,愛知県,広島県,Large_Truck,24.4,On_Time
2023-10-14,宮城県,愛知県,Light_Van,12.6,Delayed
2023-12-27,福岡県,東京都,Medium_Truck,7.5,On_Time
2023-08-09,広島県,宮城県,Refrigerated,8.2,Delayed
2023-02-26,北海道,広島県,Light_Van,17.5,On_Time
2024-02-03,東京都,広島県,Large_Truck,19.4,On_Time
2023-10-30,北海道,広島県,Large_Truck,16.1,Delayed
2023-11-14,愛知県,広島県,Medium_Truck,1.1,Delayed
2023-09-28,福岡県,広島県,Refrigerated,6.7,Completed
2023-09-15,福岡県,大阪府,Refrigerated,8.7,Delayed
2023-07-14,広島県,宮城県,Medium_Truck,17.9,Completed
2023-09-22,宮城県,大阪府,Medium_Truck,10.1,Completed
2023-06-02,広島県,福岡県,Light_Van,8.7,On_Time
2023-09-04,福岡県,愛知県,Light_Van,8.9,Delayed
2023-05-31,福岡県,広島県,Light_Van,1.6,Delayed
2023-08-06,広島県,東京都,Refrigerated,14.2,Delayed
2023-08-01,愛知県,東京都,Refrigerated,6.4,Completed
2023-08-31,北海道,大阪府,Refrigerated,1.7,Delayed
2023-08-19,大阪府,愛知県,Light_Van,23.3,Completed
2023-11-07,広島県,愛知県,Large_Truck,13.6,On_Time
2023-04-04,福岡県,愛知県,Refrigerated,23.6,Completed
2023-10-06,東京都,北海道,Refrigerated,19.3,Completed
2023-07-17,東京都,大阪府,Medium_Truck,9.1,Completed
2023-07-20,大阪府,愛知県,Refrigerated,19.3,Completed
2023-08-25,愛知県,東京都,Refrigerated,8.4,Completed
2023-08-14,宮城県,広島県,Refrigerated,13.1,Completed
2023-10-02,東京都,愛知県,Large_Truck,12.1,On_Time
2023-12-18,福岡県,宮城県,Refrigerated,30.7,On_Time
2023-02-27,愛知県,大阪府,Medium_Truck,21.9,Delayed
2023-01-04,東京都,福岡県,Medium_Truck,5.6,On_Time
2023-05-02,広島県,大阪府,Medium_Truck,15.8,Delayed
2024-01-03,大阪府,広島県,Light_Van,15.2,Delayed
2023-10-17,東京都,愛知県,Refrigerated,9.6,Completed
2023-01-19,大阪府,福岡県,Large_Truck,4.9,On_Time
2023-11-09,東京都,愛知県,Large_Truck,12.3,Delayed
2023-04-09,宮城県,北海道,Medium_Truck,12.0,On_Time
2023-02-18,広島県,東京都,Refrigerated,21.9,Delayed
2023-01-29,福岡県,東京都,Medium_Truck,9.6,Completed
2023-12-11,北海道,愛知県,Medium_Truck,18.8,On_Time
2023-09-10,愛知県,東京都,Large_Truck,15.5,Delayed
2023-07-24,東京都,宮城県,Medium_Truck,14.1,Delayed
2023-02-14,宮城県,愛知県,Light_Van,12.5,On_Time
2024-01-13,北海道,大阪府,Light_Van,10.9,Delayed
2023-03-08,愛知県,東京都,Light_Van,11.4,On_Time
2023-12-16,大阪府,愛知県,Medium_Truck,37.5,On_Time
2023-09-09,北海道,福岡県,Large_Truck,19.0,Completed
2023-09-25,大阪府,愛知県,Large_Truck,15.7,Delayed
2023-05-27,愛知県,北海道,Light_Van,8.2,Completed
2023-10-27,北海道,東京都,Medium_Truck,21.1,Completed
2023-05-18,北海道,宮城県,Refrigerated,8.0,Completed
2023-06-26,東京都,広島県,Large_Truck,23.3,On_Time
2023-10-24,福岡県,広島県,Medium_Truck,18.9,On_Time
2023-08-15,東京都,北海道,Medium_Truck,6.9,On_Time
2023-04-03,東京都,宮城県,Light_Van,18.4,Completed
2023-08-18,大阪府,東京都,Light_Van,5.2,On_Time
2023-08-19,大阪府,愛知県,Medium_Truck,21.0,On_Time
2023-02-04,大阪府,愛知県,Light_Van,19.4,On_Time
2023-05-21,広島県,福岡県,Medium_Truck,22.6,On_Time
2023-03-29,宮城県,大阪府,Medium_Truck,9.2,Delayed
2024-01-08,広島県,大阪府,Refrigerated,11.9,Completed
2023-06-27,大阪府,愛知県,Refrigerated,5.8,Completed
2023-11-14,福岡県,大阪府,Refrigerated,4.9,Delayed
2023-09-22,宮城県,大阪府,Large_Truck,19.3,Delayed
2023-02-14,福岡県,大阪府,Large_Truck,9.2,On_Time
2023-08-30,北海道,広島県,Light_Van,6.8,On_Time
2024-01-04,宮城県,愛知県,Refrigerated,6.0,Delayed
2023-10-11,広島県,福岡県,Large_Truck,7.1,On_Time
2023-10-18,大阪府,東京都,Medium_Truck,23.2,Completed
2023-12-27,福岡県,東京都,Large_Truck,10.9,Delayed
2023-11-08,東京都,福岡県,Medium_Truck,4.6,On_Time
2023-09-27,北海道,東京都,Light_Van,22.4,Completed
2023-10-26,大阪府,福岡県,Large_Truck,21.8,On_Time
2023-10-24,宮城県,北海道,Medium_Truck,12.2,Completed
2024-02-01,広島県,東京都,Medium_Truck,2.2,On_Time
2023-10-22,愛知県,広島県,Light_Van,17.2,Delayed
2023-03-29,広島県,宮城県,Refrigerated,33.8,Delayed
2023-10-27,大阪府,広島県,Medium_Truck,11.5,Completed
2023-11-30,東京都,宮城県,Light_Van,20.9,Completed
2023-11-14,広島県,宮城県,Refrigerated,4.3,Completed
2023-07-26,宮城県,広島県,Refrigerated,14.7,Delayed
2023-11-08,大阪府,東京都,Refrigerated,11.1,Delayed
2023-08-16,北海道,東京都,Medium_Truck,3.5,Delayed
2023-07-03,広島県,東京都,Large_Truck,5.6,On_Time
2023-12-22,大阪府,北海道,Light_Van,14.2,On_Time
2023-07-29,宮城県,北海道,Refrigerated,24.6,Delayed
2023-07-14,広島県,北海道,Light_Van,24.4,On_Time
2023-08-08,広島県,宮城県,Light_Van,10.1,On_Time
2023-02-16,大阪府,福岡県,Light_Van,2.3,Completed
2023-11-18,東京都,福岡県,Large_Truck,7.1,Delayed
2024-01-09,北海道,愛知県,Refrigerated,8.3,On_Time
2023-12-28,北海道,東京都,Medium_Truck,24.1,Delayed
2023-09-21,北海道,大阪府,Refrigerated,10.2,On_Time
2024-01-20,大阪府,愛知県,Medium_Truck,6.3,Completed
2023-12-25,大阪府,北海道,Medium_Truck,20.7,On_Time
2023-03-25,大阪府,福岡県,Refrigerated,37.0,On_Time
2023-04-02,宮城県,東京都,Large_Truck,14.6,Delayed
2023-10-25,愛知県,広島県,Refrigerated,8.6,Delayed
2023-06-22,広島県,大阪府,Large_Truck,7.7,On_Time
2023-12-31,宮城県,愛知県,Medium_Truck,33.8,On_Time
2024-01-20,北海道,福岡県,Light_Van,8.1,Delayed
2023-04-17,東京都,広島県,Medium_Truck,24.8,Delayed
2023-09-29,東京都,北海道,Medium_Truck,18.0,On_Time
2023-06-17,広島県,北海道,Light_Van,11.4,On_Time
2023-10-21,北海道,愛知県,Large_Truck,20.1,Delayed
2023-05-04,福岡県,愛知県,Light_Van,4.9,Delayed
2023-04-26,愛知県,北海道,Refrigerated,17.7,On_Time
2024-01-11,大阪府,北海道,Medium_Truck,17.0,On_Time
2023-04-02,福岡県,北海道,Light_Van,24.9,Completed
2023-06-06,宮城県,大阪府,Refrigerated,7.5,Completed
2023-05-20,宮城県,大阪府,Light_Van,15.4,Completed
2023-04-07,大阪府,宮城県,Large_Truck,23.8,Completed
2023-01-19,宮城県,大阪府,Medium_Truck,8.8,On_Time
2024-01-25,宮城県,東京都,Large_Truck,21.1,Delayed
2023-03-22,大阪府,愛知県,Refrigerated,15.2,Completed
2024-01-17,北海道,愛知県,Large_Truck,2.6,Completed
2023-09-23,福岡県,宮城県,Medium_Truck,14.7,Delayed
2023-07-21,大阪府,愛知県,Light_Van,24.7,Completed
2023-04-13,福岡県,広島県,Refrigerated,5.4,On_Time
2023-07-25,福岡県,北海道,Light_Van,23.8,Delayed
2023-10-03,福岡県,広島県,Refrigerated,13.6,On_Time
2023-04-10,福岡県,大阪府,Large_Truck,17.8,Delayed
2023-01-11,北海道,大阪府,Light_Van,9.7,Completed
2023-03-27,大阪府,東京都,Large_Truck,33.3,On_Time
2023-09-05,宮城県,大阪府,Refrigerated,19.1,Completed
2023-05-06,宮城県,広島県,Refrigerated,9.3,On_Time
2023-01-13,東京都,福岡県,Medium_Truck,13.1,On_Time
2023-05-04,東京都,福岡県,Light_Van,13.6,Delayed
2023-12-19,東京都,福岡県,Medium_Truck,35.5,Completed
2023-12-18,宮城県,福岡県,Medium_Truck,14.3,On_Time
2023-04-19,北海道,福岡県,Refrigerated,15.3,Delayed
2023-05-04,北海道,宮城県,Medium_Truck,21.2,Completed
2023-07-12,福岡県,愛知県,Light_Van,15.0,On_Time
2023-08-16,福岡県,大阪府,Refrigerated,1.2,Completed
2023-12-27,宮城県,北海道,Large_Truck,28.1,Delayed
2023-02-22,宮城県,福岡県,Refrigerated,21.9,Delayed
2023-01-26,北海道,愛知県,Large_Truck,7.2,Delayed
2023-12-18,愛知県,北海道,Medium_Truck,8.3,Completed
2023-07-14,福岡県,広島県,Refrigerated,4.0,Delayed
2023-02-13,大阪府,広島県,Light_Van,24.2,Completed
2023-03-24,北海道,大阪府,Light_Van,16.6,Completed
2023-10-22,東京都,北海道,Large_Truck,4.6,Completed
2023-03-11,大阪府,東京都,Refrigerated,19.8,Delayed
2023-10-16,宮城県,北海道,Refrigerated,9.1,On_Time
2023-09-12,宮城県,大阪府,Large_Truck,4.6,Completed
2023-02-25,宮城県,福岡県,Refrigerated,1.0,On_Time
2023-07-07,東京都,広島県,Light_Van,12.5,Completed
2023-07-18,広島県,北海道,Light_Van,20.6,Delayed
2023-11-04,福岡県,宮城県,Light_Van,22.5,On_Time
2023-11-08,福岡県,東京都,Refrigerated,15.1,Delayed
2023-08-05,大阪府,宮城県,Medium_Truck,16.0,Completed
2024-01-02,北海道,東京都,Large_Truck,11.2,On_Time
2023-10-28,東京都,愛知県,Large_Truck,20.3,On_Time
2023-06-30,福岡県,東京都,Light_Van,19.4,Completed
2023-06-20,東京都,北海道,Refrigerated,6.5,On_Time
2023-05-01,愛知県,宮城県,Large_Truck,19.3,On_Time
2023-06-29,愛知県,東京都,Large_Truck,4.1,Delayed
2023-03-31,大阪府,宮城県,Refrigerated,6.4,Delayed
2023-10-02,広島県,大阪府,Light_Van,8.3,Delayed
2023-01-30,広島県,大阪府,Large_Truck,10.7,Completed
2023-09-02,広島県,大阪府,Medium_Truck,7.6,On_Time
2023-01-15,愛知県,大阪府,Large_Truck,22.4,On_Time
2023-10-15,広島県,福岡県,Large_Truck,24.5,On_Time
2023-12-08,北海道,福岡県,Refrigerated,31.0,Completed
2024-01-30,宮城県,東京都,Light_Van,4.8,Completed
2024-01-10,北海道,宮城県,Light_Van,15.2,Delayed
2023-11-15,東京都,大阪府,Refrigerated,9.8,Completed
2023-02-18,大阪府,宮城県,Light_Van,5.5,Completed
2023-12-01,大阪府,宮城県,Medium_Truck,23.8,Delayed
2023-06-24,福岡県,北海道,Large_Truck,5.2,On_Time
2023-10-29,東京都,福岡県,Light_Van,4.6,On_Time
2023-11-29,広島県,大阪府,Medium_Truck,13.7,Delayed
2023-08-27,北海道,愛知県,Light_Van,10.5,Completed
2023-08-29,北海道,宮城県,Large_Truck,2.3,Completed
2023-02-24,広島県,北海道,Medium_Truck,8.6,Delayed
2023-07-08,北海道,宮城県,Large_Truck,6.5,On_Time
2023-07-09,福岡県,宮城県,Refrigerated,23.8,Delayed
2023-03-29,宮城県,東京都,Refrigerated,31.4,Completed
2023-10-24,北海道,東京都,Refrigerated,22.1,On_Time
2023-03-07,広島県,福岡県,Medium_Truck,22.1,On_Time
2023-07-23,広島県,北海道,Large_Truck,4.8,Completed
2023-11-28,広島県,大阪府,Refrigerated,11.4,Completed
2023-11-24,福岡県,広島県,Large_Truck,17.8,Completed
2023-06-10,愛知県,広島県,Refrigerated,1.2,Completed
2023-05-23,大阪府,東京都,Large_Truck,16.8,Delayed
2023-12-17,愛知県,東京都,Refrigerated,7.4,On_Time
2023-08-23,愛知県,東京都,Refrigerated,19.7,Completed
2023-05-03,宮城県,北海道,Large_Truck,14.8,Delayed
2023-10-19,愛知県,福岡県,Refrigerated,18.7,Delayed
2023-07-31,愛知県,広島県,Light_Van,2.4,On_Time
2023-03-26,大阪府,東京都,Refrigerated,7.5,Completed
2023-12-25,大阪府,福岡県,Medium_Truck,31.2,On_Time
2023-11-11,愛知県,宮城県,Large_Truck,23.9,Delayed
2023-06-22,宮城県,大阪府,Medium_Truck,21.9,Completed
2023-04-16,北海道,大阪府,Light_Van,16.0,Completed
2023-07-03,宮城県,愛知県,Refrigerated,7.8,On_Time
2023-08-11,愛知県,福岡県,Light_Van,23.4,Completed
2023-11-05,北海道,東京都,Refrigerated,8.1,Completed
2023-05-06,北海道,愛知県,Light_Van,1.3,Completed
2023-08-08,愛知県,大阪府,Medium_Truck,23.7,On_Time
2024-01-05,東京都,大阪府,Large_Truck,18.4,Completed
2023-11-23,広島県,福岡県,Large_Truck,2.3,Completed
2023-11-16,北海道,愛知県,Large_Truck,17.3,On_Time
2023-10-26,広島県,大阪府,Refrigerated,1.2,Delayed
2023-04-28,北海道,宮城県,Large_Truck,3.6,Delayed
2023-08-26,大阪府,広島県,Refrigerated,17.7,On_Time
2023-05-06,北海道,広島県,Light_Van,24.2,On_Time
2023-10-08,宮城県,大阪府,Refrigerated,15.2,Completed
2024-01-20,大阪府,北海道,Large_Truck,18.6,On_Time
2023-11-09,北海道,東京都,Large_Truck,9.6,Completed
2023-08-12,北海道,宮城県,Light_Van,21.7,On_Time
2023-03-05,東京都,大阪府,Refrigerated,2.0,Delayed
2023-08-15,福岡県,愛知県,Refrigerated,1.7,Completed
2023-08-26,広島県,福岡県,Large_Truck,18.2,Delayed
2023-02-05,福岡県,北海道,Light_Van,20.3,On_Time
2024-01-07,大阪府,東京都,Medium_Truck,4.7,Delayed
2023-11-16,広島県,北海道,Refrigerated,4.2,Delayed
2023-04-05,東京都,宮城県,Light_Van,21.2,On_Time
2023-02-26,北海道,宮城県,Light_Van,21.3,Delayed
2023-11-01,広島県,東京都,Large_Truck,1.4,On_Time
2023-07-10,宮城県,大阪府,Light_Van,2.7,Delayed
2023-04-03,宮城県,東京都,Large_Truck,14.3,Delayed
2023-01-27,大阪府,東京都,Medium_Truck,5.1,Delayed
2023-05-03,広島県,愛知県,Large_Truck,4.8,Delayed
2023-11-06,大阪府,東京都,Light_Van,8.6,On_Time
2023-08-08,愛知県,東京都,Light_Van,17.6,On_Time
2023-10-20,愛知県,東京都,Large_Truck,10.0,On_Time
2023-06-13,福岡県,東京都,Medium_Truck,24.8,Delayed
2023-06-30,宮城県,大阪府,Large_Truck,11.7,On_Time
2023-03-31,宮城県,広島県,Light_Van,30.5,Completed
2023-03-06,大阪府,宮城県,Medium_Truck,25.9,Completed
2023-08-26,東京都,宮城県,Refrigerated,14.2,Completed
2023-02-26,福岡県,広島県,Large_Truck,22.3,Completed
2023-11-10,愛知県,福岡県,Medium_Truck,6.5,Completed
2023-06-14,宮城県,広島県,Large_Truck,9.3,Delayed
2023-08-02,広島県,宮城県,Light_Van,13.1,On_Time
2023-11-13,東京都,広島県,Refrigerated,1.1,Delayed
2023-06-30,大阪府,愛知県,Refrigerated,2.8,On_Time
2023-10-29,東京都,宮城県,Refrigerated,17.6,On_Time
2023-04-05,福岡県,大阪府,Large_Truck,8.5,Delayed
2023-04-08,宮城県,北海道,Light_Van,20.1,Delayed
2023-09-28,東京都,大阪府,Large_Truck,14.5,On_Time
2023-08-25,北海道,福岡県,Light_Van,11.1,Completed
2023-06-18,宮城県,東京都,Large_Truck,6.5,On_Time
2023-11-10,福岡県,宮城県,Refrigerated,14.2,Delayed
2023-05-24,福岡県,宮城県,Refrigerated,3.4,On_Time
2023-08-09,広島県,大阪府,Refrigerated,17.1,Completed
2023-11-20,愛知県,福岡県,Medium_Truck,16.4,Delayed
2024-01-17,大阪府,広島県,Light_Van,11.0,Completed
2023-05-23,福岡県,北海道,Refrigerated,11.4,On_Time
2023-03-20,宮城県,愛知県,Large_Truck,31.0,Delayed
2023-06-27,北海道,愛知県,Medium_Truck,17.3,Delayed
2023-07-24,広島県,東京都,Light_Van,1.5,On_Time
2023-06-15,広島県,大阪府,Medium_Truck,18.8,Delayed
2023-09-18,東京都,愛知県,Light_Van,14.7,On_Time
2023-01-28,福岡県,大阪府,Large_Truck,13.5,Delayed
2023-03-21,宮城県,福岡県,Medium_Truck,35.4,On_Time
2023-11-15,広島県,東京都,Refrigerated,20.4,On_Time
2023-11-28,大阪府,宮城県,Medium_Truck,15.5,On_Time
2023-03-11,福岡県,愛知県,Large_Truck,18.3,Completed
2023-04-01,東京都,福岡県,Light_Van,6.6,Completed
2023-12-12,北海道,宮城県,Light_Van,7.7,On_Time
2024-01-02,東京都,宮城県,Light_Van,11.6,On_Time
2023-08-27,東京都,愛知県,Large_Truck,14.7,Delayed
2023-03-08,福岡県,宮城県,Refrigerated,31.1,Completed
2023-10-17,広島県,北海道,Medium_Truck,7.9,On_Time
2023-01-03,東京都,福岡県,Medium_Truck,15.7,Delayed
2023-11-29,北海道,愛知県,Refrigerated,12.0,On_Time
2023-07-23,東京都,愛知県,Large_Truck,24.1,On_Time
2023-04-03,宮城県,広島県,Large_Truck,8.1,Delayed
2024-01-06,大阪府,福岡県,Refrigerated,20.1,Delayed
2023-09-04,大阪府,広島県,Refrigerated,1.5,Completed
2023-04-20,福岡県,広島県,Large_Truck,23.5,Delayed
2023-08-12,宮城県,広島県,Medium_Truck,13.0,Completed
2023-11-05,大阪府,広島県,Large_Truck,8.6,Delayed
2023-04-24,福岡県,東京都,Large_Truck,2.9,On_Time
2023-08-30,宮城県,福岡県,Large_Truck,14.6,Completed
2023-01-17,福岡県,愛知県,Refrigerated,11.3,On_Time
2023-10-20,大阪府,北海道,Refrigerated,8.6,Delayed
2023-02-01,愛知県,北海道,Light_Van,19.8,On_Time
2023-08-13,東京都,福岡県,Light_Van,5.2,Completed
2023-11-13,宮城県,北海道,Medium_Truck,5.0,Delayed
2023-03-19,東京都,大阪府,Refrigerated,28.5,Delayed
2023-08-08,福岡県,宮城県,Medium_Truck,3.1,Delayed
2023-12-09,北海道,宮城県,Large_Truck,36.9,On_Time
2024-02-03,愛知県,東京都,Large_Truck,6.0,On_Time
2023-10-26,愛知県,北海道,Large_Truck,3.1,Completed
2023-02-21,宮城県,東京都,Large_Truck,4.6,Delayed
2023-03-11,広島県,北海道,Refrigerated,34.9,On_Time
2023-04-29,北海道,大阪府,Medium_Truck,18.7,Completed
2023-03-19,福岡県,北海道,Medium_Truck,22.9,Delayed
2023-07-03,東京都,福岡県,Medium_Truck,6.6,On_Time
2023-07-18,広島県,愛知県,Refrigerated,17.8,Delayed
2023-12-12,東京都,宮城県,Medium_Truck,19.3,Completed
2023-09-04,宮城県,大阪府,Large_Truck,6.7,Completed
2023-07-21,大阪府,愛知県,Light_Van,6.5,Delayed
2024-01-27,愛知県,福岡県,Large_Truck,9.6,Delayed
2023-09-13,東京都,宮城県,Light_Van,23.9,Completed
2023-02-07,宮城県,広島県,Light_Van,2.4,Delayed
2023-04-05,大阪府,愛知県,Refrigerated,14.5,On_Time
2024-01-22,東京都,愛知県,Refrigerated,10.4,On_Time
2023-12-21,福岡県,愛知県,Light_Van,34.5,Completed
2023-05-29,福岡県,宮城県,Medium_Truck,11.4,Completed
2023-10-09,東京都,広島県,Refrigerated,16.2,Completed
2023-07-12,東京都,広島県,Large_Truck,13.3,On_Time
2023-07-11,宮城県,福岡県,Light_Van,13.9,Completed
2024-01-15,広島県,北海道,Light_Van,1.4,Completed
2023-11-30,愛知県,福岡県,Medium_Truck,15.9,Completed
2023-10-03,北海道,愛知県,Refrigerated,7.7,On_Time
2023-09-22,東京都,北海道,Large_Truck,10.6,Completed
2023-11-01,大阪府,北海道,Light_Van,14.9,Delayed
2023-03-03,福岡県,大阪府,Large_Truck,2.5,On_Time
2023-09-21,東京都,北海道,Light_Van,23.1,Delayed
2023-05-02,北海道,宮城県,Light_Van,11.4,Delayed
2023-11-25,北海道,福岡県,Refrigerated,13.3,Delayed
2023-11-28,東京都,大阪府,Large_Truck,2.2,On_Time
2023-03-21,宮城県,福岡県,Refrigerated,26.6,Completed
2023-12-03,東京都,北海道,Refrigerated,11.7,Completed
2023-07-02,広島県,東京都,Medium_Truck,19.6,Completed
2023-02-22,東京都,福岡県,Large_Truck,1.4,Completed
2023-05-04,愛知県,北海道,Light_Van,12.5,On_Time
2023-04-20,広島県,大阪府,Refrigerated,12.4,Delayed
2024-01-16,福岡県,宮城県,Refrigerated,22.3,Delayed
2024-01-21,東京都,宮城県,Medium_Truck,21.8,Completed
2024-02-04,北海道,広島県,Large_Truck,9.2,Delayed
2024-01-10,広島県,福岡県,Refrigerated,6.2,Delayed
2023-10-22,宮城県,愛知県,Medium_Truck,15.4,Delayed
2023-02-09,東京都,愛知県,Refrigerated,8.9,Delayed
2023-12-04,東京都,福岡県,Light_Van,5.4,On_Time
2023-03-28,北海道,宮城県,Medium_Truck,32.1,Delayed
2023-09-03,宮城県,東京都,Refrigerated,13.7,Delayed
2023-09-10,東京都,広島県,Refrigerated,17.3,Delayed
2023-09-05,福岡県,宮城県,Refrigerated,3.1,Delayed
2023-07-08,広島県,愛知県,Large_Truck,5.3,On_Time
2023-07-01,宮城県,愛知県,Refrigerated,6.5,On_Time
2023-09-01,北海道,大阪府,Large_Truck,14.0,Delayed
2023-10-19,北海道,広島県,Medium_Truck,17.5,On_Time
2023-01-25,広島県,愛知県,Large_Truck,15.3,Delayed
2024-01-30,愛知県,北海道,Refrigerated,7.8,Completed
2023-01-01,宮城県,大阪府,Large_Truck,3.6,Completed
2024-01-23,愛知県,福岡県,Medium_Truck,4.9,Delayed
2024-01-25,東京都,愛知県,Large_Truck,1.6,Delayed
2023-07-20,東京都,愛知県,Large_Truck,7.9,On_Time
2023-03-13,大阪府,愛知県,Refrigerated,29.5,Completed
2023-03-10,愛知県,宮城県,Large_Truck,21.5,Delayed
2023-01-04,宮城県,大阪府,Light_Van,16.6,Delayed
2023-01-23,福岡県,東京都,Large_Truck,9.5,Delayed
2023-07-30,広島県,東京都,Refrigerated,16.0,Completed
2023-08-11,北海道,広島県,Medium_Truck,4.6,On_Time
2023-12-16,宮城県,東京都,Light_Van,22.7,Delayed
2023-11-12,宮城県,北海道,Large_Truck,8.2,Delayed
2023-03-31,北海道,愛知県,Refrigerated,6.6,Completed
2023-03-24,宮城県,広島県,Large_Truck,26.8,Completed
2023-05-21,東京都,広島県,Refrigerated,21.2,Completed
2023-10-25,愛知県,広島県,Light_Van,3.6,Delayed
2023-05-07,愛知県,宮城県,Large_Truck,2.8,Delayed
2023-06-07,福岡県,東京都,Medium_Truck,13.7,On_Time
2023-04-09,愛知県,北海道,Light_Van,3.8,On_Time
2023-11-14,広島県,宮城県,Refrigerated,7.3,Delayed
2023-12-18,北海道,東京都,Refrigerated,7.3,Completed
2024-01-05,北海道,福岡県,Light_Van,5.1,Delayed
2023-02-06,大阪府,愛知県,Light_Van,4.5,Delayed
2024-01-07,広島県,福岡県,Refrigerated,4.9,On_Time
2023-08-06,愛知県,東京都,Large_Truck,16.8,On_Time
2023-10-16,福岡県,宮城県,Large_Truck,20.1,Delayed
2023-08-10,大阪府,愛知県,Refrigerated,23.9,Completed
2023-07-28,福岡県,愛知県,Light_Van,19.3,On_Time
2023-11-02,大阪府,宮城県,Large_Truck,18.7,On_Time
2023-11-09,宮城県,愛知県,Large_Truck,6.0,Completed
2023-09-03,東京都,北海道,Medium_Truck,17.5,Delayed
2023-08-12,北海道,宮城県,Light_Van,12.0,On_Time
2023-07-15,大阪府,北海道,Light_Van,12.7,Completed
2023-04-13,福岡県,広島県,Large_Truck,3.7,On_Time
2023-08-20,福岡県,愛知県,Medium_Truck,8.5,On_Time
2023-12-28,広島県,愛知県,Light_Van,8.6,Delayed
2023-08-29,宮城県,愛知県,Light_Van,14.1,Delayed
2023-11-27,北海道,愛知県,Medium_Truck,17.8,On_Time
2023-06-11,宮城県,北海道,Refrigerated,13.9,On_Time
2023-09-13,大阪府,福岡県,Large_Truck,4.9,Completed
2023-05-27,東京都,福岡県,Large_Truck,18.0,Completed
2023-06-29,大阪府,宮城県,Light_Van,5.3,On_Time
2023-06-06,宮城県,福岡県,Medium_Truck,10.5,Delayed
2023-05-08,大阪府,東京都,Large_Truck,16.4,Completed
2023-01-19,北海道,宮城県,Refrigerated,10.3,Delayed
2023-04-10,福岡県,北海道,Light_Van,10.6,Delayed
2023-11-23,東京都,福岡県,Medium_Truck,4.8,Delayed
2023-12-01,広島県,東京都,Refrigerated,33.5,Delayed
2023-07-17,福岡県,北海道,Medium_Truck,3.6,On_Time
2023-06-09,宮城県,東京都,Large_Truck,4.2,On_Time
2023-10-11,広島県,宮城県,Refrigerated,10.8,On_Time
2023-11-07,東京都,愛知県,Refrigerated,10.7,Delayed
2023-09-25,宮城県,東京都,Medium_Truck,16.7,On_Time
2024-01-18,福岡県,北海道,Light_Van,18.8,Completed
2023-08-17,北海道,宮城県,Light_Van,7.9,Delayed
2023-11-30,福岡県,北海道,Large_Truck,22.6,On_Time
2023-10-24,愛知県,福岡県,Refrigerated,20.8,On_Time
2023-03-14,広島県,愛知県,Large_Truck,13.5,Delayed
2023-04-08,愛知県,宮城県,Medium_Truck,9.2,On_Time
2023-08-01,宮城県,愛知県,Medium_Truck,11.3,On_Time
2023-10-16,福岡県,東京都,Refrigerated,7.0,On_Time
2023-05-22,福岡県,宮城県,Refrigerated,4.7,Delayed
2023-05-17,東京都,大阪府,Refrigerated,4.4,Delayed
2023-03-27,宮城県,東京都,Refrigerated,19.0,Delayed
2023-04-16,愛知県,東京都,Light_Van,13.9,Completed
2023-11-08,北海道,愛知県,Refrigerated,23.0,Delayed
2023-09-29,東京都,広島県,Refrigerated,15.2,Delayed
2023-11-15,東京都,愛知県,Light_Van,1.9,Delayed
2023-02-10,福岡県,大阪府,Medium_Truck,4.1,On_Time
2023-09-29,福岡県,宮城県,Light_Van,23.8,On_Time
2023-11-26,広島県,愛知県,Refrigerated,14.8,On_Time
2023-10-07,北海道,広島県,Refrigerated,4.9,On_Time
2023-05-25,大阪府,広島県,Medium_Truck,15.3,Delayed
2023-09-29,大阪府,北海道,Medium_Truck,18.7,Delayed
2023-09-03,福岡県,東京都,Large_Truck,11.8,Delayed
2023-03-01,北海道,広島県,Light_Van,31.7,Completed
2023-03-20,宮城県,北海道,Large_Truck,34.2,Delayed
2023-03-29,広島県,大阪府,Large_Truck,31.4,On_Time
2023-01-22,東京都,広島県,Light_Van,5.7,Delayed
2023-03-05,北海道,東京都,Light_Van,29.1,Delayed
2023-05-30,大阪府,広島県,Medium_Truck,8.0,On_Time
2023-08-16,広島県,愛知県,Large_Truck,22.8,Delayed
2023-09-12,大阪府,広島県,Light_Van,24.6,Completed
2023-04-26,宮城県,北海道,Large_Truck,12.1,Completed
2023-01-23,広島県,愛知県,Large_Truck,2.7,On_Time
2023-05-08,大阪府,東京都,Refrigerated,7.0,On_Time
2023-09-06,広島県,大阪府,Large_Truck,1.3,Completed
2023-05-18,愛知県,東京都,Refrigerated,8.9,Delayed
2023-02-12,愛知県,大阪府,Medium_Truck,14.5,Delayed
2023-01-31,愛知県,大阪府,Light_Van,22.2,Completed
2023-01-04,北海道,愛知県,Light_Van,11.3,Delayed
2023-01-26,北海道,愛知県,Medium_Truck,20.0,Delayed
2023-12-10,大阪府,北海道,Large_Truck,28.7,Completed
2023-12-27,愛知県,東京都,Light_Van,36.6,Delayed
2023-10-04,福岡県,東京都,Refrigerated,16.8,On_Time
2023-03-05,大阪府,東京都,Medium_Truck,13.3,Completed
2023-01-31,東京都,福岡県,Light_Van,24.0,Completed
2023-07-23,広島県,宮城県,Light_Van,5.3,Completed
2023-12-16,東京都,北海道,Large_Truck,31.7,Delayed
2023-11-10,宮城県,広島県,Medium_Truck,2.3,Completed
2023-12-14,宮城県,北海道,Light_Van,35.8,On_Time
2023-03-27,宮城県,大阪府,Light_Van,10.4,Completed
2023-04-12,宮城県,愛知県,Refrigerated,12.8,Delayed
2023-07-06,宮城県,愛知県,Medium_Truck,18.6,On_Time
2023-12-07,大阪府,東京都,Refrigerated,19.0,Completed
2023-12-25,愛知県,広島県,Light_Van,12.5,Completed
2024-02-01,愛知県,東京都,Refrigerated,10.9,Delayed
2023-06-19,北海道,広島県,Refrigerated,8.3,Completed
2023-04-27,宮城県,大阪府,Refrigerated,1.6,On_Time
2023-09-02,広島県,福岡県,Large_Truck,9.8,On_Time
2024-01-08,愛知県,北海道,Refrigerated,10.3,On_Time
2023-01-29,広島県,東京都,Medium_Truck,6.7,Delayed
2024-01-27,福岡県,東京都,Refrigerated,19.1,Completed
2023-08-28,大阪府,広島県,Refrigerated,24.6,On_Time
2023-07-29,広島県,愛知県,Light_Van,5.5,Completed
2023-02-20,大阪府,福岡県,Large_Truck,21.3,Completed
2023-10-28,東京都,宮城県,Light_Van,22.8,On_Time
2023-02-06,東京都,大阪府,Light_Van,2.1,Delayed
2023-05-10,広島県,福岡県,Large_Truck,18.0,Delayed
2023-03-09,東京都,広島県,Large_Truck,25.4,On_Time
2023-12-07,愛知県,広島県,Medium_Truck,18.4,On_Time
2023-06-09,福岡県,愛知県,Refrigerated,1.6,Completed
2023-12-31,東京都,愛知県,Medium_Truck,37.2,Completed
2023-10-14,福岡県,大阪府,Light_Van,12.2,On_Time
2023-10-17,北海道,宮城県,Medium_Truck,14.6,On_Time
2023-06-04,宮城県,愛知県,Medium_Truck,14.6,Completed
2023-10-07,広島県,東京都,Refrigerated,22.6,Delayed
2023-11-13,宮城県,大阪府,Refrigerated,15.7,On_Time
2023-11-26,福岡県,大阪府,Large_Truck,10.4,On_Time
2024-01-01,宮城県,東京都,Light_Van,4.4,On_Time
2023-08-08,福岡県,宮城県,Large_Truck,22.9,On_Time
2023-03-20,愛知県,福岡県,Large_Truck,25.8,On_Time
2023-04-05,東京都,福岡県,Large_Truck,17.4,On_Time
2024-01-15,福岡県,広島県,Light_Van,18.8,On_Time
2023-11-08,愛知県,東京都,Medium_Truck,18.0,Delayed
2023-09-03,大阪府,北海道,Light_Van,2.2,On_Time
2023-10-04,宮城県,東京都,Light_Van,5.6,Delayed
2024-01-03,広島県,宮城県,Refrigerated,20.0,Delayed
2024-01-20,福岡県,北海道,Medium_Truck,14.8,On_Time
2023-01-14,広島県,大阪府,Large_Truck,16.2,Completed
2023-05-31,北海道,東京都,Medium_Truck,1.4,On_Time
2023-10-15,福岡県,広島県,Medium_Truck,5.0,On_Time
2023-07-02,愛知県,大阪府,Refrigerated,18.3,On_Time
2023-08-02,大阪府,福岡県,Light_Van,2.6,On_Time
2023-07-22,愛知県,福岡県,Light_Van,18.4,Delayed
2023-03-14,宮城県,大阪府,Refrigerated,12.9,On_Time
2023-10-02,福岡県,愛知県,Light_Van,6.9,Delayed
2023-04-21,福岡県,北海道,Medium_Truck,2.5,Delayed
2024-01-14,東京都,福岡県,Medium_Truck,17.4,Delayed
2023-09-26,大阪府,北海道,Refrigerated,23.0,Delayed
2023-02-05,広島県,北海道,Medium_Truck,18.7,Delayed
2023-12-23,東京都,広島県,Light_Van,29.2,On_Time
2023-08-08,広島県,東京都,Large_Truck,14.6,Completed
2023-07-08,大阪府,北海道,Light_Van,9.3,Delayed
2023-02-09,宮城県,大阪府,Large_Truck,5.7,Completed
2023-01-23,東京都,福岡県,Large_Truck,24.6,Completed
2023-12-09,福岡県,北海道,Light_Van,24.4,Delayed
2023-04-13,東京都,北海道,Light_Van,2.5,Completed
2023-09-09,福岡県,広島県,Large_Truck,11.3,On_Time
2024-01-27,広島県,東京都,Light_Van,21.1,Completed
2023-07-05,宮城県,広島県,Light_Van,12.4,Delayed
2023-01-24,東京都,北海道,Refrigerated,24.6,Completed
2023-12-09,北海道,宮城県,Light_Van,34.5,On_Time
2023-03-28,愛知県,北海道,Large_Truck,6.1,Completed
2024-01-22,北海道,宮城県,Light_Van,9.8,Delayed
2023-08-22,福岡県,愛知県,Refrigerated,9.3,Delayed
2023-08-24,愛知県,宮城県,Light_Van,1.6,On_Time
2023-11-05,福岡県,北海道,Medium_Truck,13.1,Delayed
2023-07-22,大阪府,宮城県,Medium_Truck,8.6,On_Time
2023-10-26,北海道,宮城県,Light_Van,6.7,On_Time
2023-03-26,宮城県,大阪府,Large_Truck,3.8,Delayed
2023-03-19,宮城県,愛知県,Medium_Truck,18.7,Delayed
2023-01-03,大阪府,東京都,Refrigerated,13.7,On_Time
2023-05-07,広島県,大阪府,Light_Van,10.6,Delayed
2023-06-22,大阪府,愛知県,Light_Van,6.9,Completed
2023-06-30,大阪府,広島県,Refrigerated,14.5,Delayed
2023-01-01,福岡県,宮城県,Refrigerated,19.9,On_Time
2023-09-17,宮城県,福岡県,Medium_Truck,6.8,Delayed
2023-08-26,大阪府,愛知県,Medium_Truck,20.0,Completed
2023-06-13,宮城県,大阪府,Refrigerated,23.4,Delayed
2024-01-03,福岡県,北海道,Large_Truck,1.9,On_Time
2024-01-02,福岡県,大阪府,Large_Truck,10.1,Delayed
2023-01-28,愛知県,広島県,Medium_Truck,9.4,Completed
2023-09-09,愛知県,福岡県,Medium_Truck,11.6,On_Time
2023-02-23,東京都,北海道,Medium_Truck,6.0,Completed
2023-03-07,広島県,福岡県,Medium_Truck,2.3,On_Time
2023-08-07,東京都,宮城県,Refrigerated,15.1,Delayed
2023-04-15,大阪府,愛知県,Light_Van,19.5,On_Time
2024-01-08,広島県,福岡県,Light_Van,13.4,Completed
2023-05-15,宮城県,東京都,Refrigerated,13.4,Delayed
2024-01-05,北海道,宮城県,Medium_Truck,9.8,Completed
2023-01-27,宮城県,北海道,Light_Van,3.7,On_Time
2023-06-04,大阪府,愛知県,Light_Van,22.5,On_Time
2023-02-09,宮城県,愛知県,Medium_Truck,16.7,Completed
2023-03-23,北海道,宮城県,Refrigerated,2.9,Delayed
2023-11-07,東京都,広島県,Large_Truck,3.3,Completed
2023-08-19,大阪府,東京都,Medium_Truck,16.5,On_Time
2023-07-15,広島県,北海道,Medium_Truck,1.3,Delayed
2023-08-23,東京都,愛知県,Refrigerated,16.8,Delayed
2023-02-25,愛知県,宮城県,Refrigerated,15.5,Delayed
2023-11-03,北海道,愛知県,Medium_Truck,5.2,Completed
2023-01-13,北海道,広島県,Large_Truck,3.7,Delayed
2023-10-19,愛知県,福岡県,Light_Van,13.4,Completed
2023-03-04,北海道,東京都,Large_Truck,19.3,Completed
2023-03-19,大阪府,宮城県,Medium_Truck,21.7,Delayed
2023-07-31,宮城県,愛知県,Large_Truck,13.6,Completed
2023-08-11,東京都,大阪府,Large_Truck,1.8,Completed
2023-09-27,東京都,愛知県,Light_Van,9.6,On_Time
2023-06-28,東京都,北海道,Medium_Truck,22.5,Completed
2024-01-01,北海道,宮城県,Large_Truck,11.2,On_Time
2023-07-29,大阪府,宮城県,Light_Van,14.0,Delayed
2023-11-17,愛知県,北海道,Refrigerated,22.4,On_Time
2023-11-05,愛知県,福岡県,Light_Van,12.9,On_Time
2023-04-28,大阪府,福岡県,Light_Van,11.3,On_Time
2023-12-13,北海道,福岡県,Light_Van,25.5,Completed
2024-01-09,北海道,福岡県,Light_Van,2.9,Completed
2023-02-04,東京都,福岡県,Large_Truck,2.4,On_Time
2023-03-23,東京都,広島県,Refrigerated,9.9,On_Time
2023-03-22,福岡県,北海道,Light_Van,33.3,Completed
2023-11-07,大阪府,広島県,Refrigerated,21.7,On_Time
2023-06-25,宮城県,福岡県,Medium_Truck,9.2,Delayed
2024-01-14,大阪府,福岡県,Large_Truck,19.6,Delayed
2023-11-07,福岡県,広島県,Light_Van,19.7,Completed
2023-01-17,広島県,東京都,Large_Truck,20.6,Delayed
2023-02-27,福岡県,大阪府,Light_Van,11.8,Completed
2023-04-22,東京都,宮城県,Large_Truck,8.5,Delayed
2023-10-24,愛知県,東京都,Large_Truck,14.1,On_Time
2023-10-22,東京都,宮城県,Refrigerated,9.3,On_Time
2023-01-12,愛知県,福岡県,Large_Truck,24.3,Delayed
2023-10-07,北海道,広島県,Large_Truck,13.4,On_Time
2024-01-14,愛知県,宮城県,Large_Truck,8.5,Completed
2023-02-16,北海道,福岡県,Medium_Truck,9.3,Delayed
2024-02-04,宮城県,愛知県,Medium_Truck,3.3,Completed
2023-02-11,愛知県,宮城県,Medium_Truck,18.2,Completed
2023-12-01,大阪府,愛知県,Medium_Truck,37.2,Delayed
2024-01-17,宮城県,広島県,Large_Truck,17.4,Delayed
2023-09-12,愛知県,広島県,Large_Truck,9.8,On_Time
2023-07-11,福岡県,愛知県,Large_Truck,23.8,On_Time
2023-02-01,福岡県,宮城県,Large_Truck,12.8,On_Time
2023-02-08,福岡県,大阪府,Medium_Truck,13.3,Delayed
2023-07-21,大阪府,福岡県,Medium_Truck,20.9,Completed
2023-01-01,東京都,宮城県,Medium_Truck,10.3,Delayed
2023-03-19,宮城県,愛知県,Light_Van,5.8,On_Time
2024-01-12,東京都,広島県,Medium_Truck,7.2,Delayed
2023-06-07,東京都,広島県,Refrigerated,19.3,Delayed
2024-02-05,広島県,宮城県,Large_Truck,18.6,On_Time
2023-10-02,東京都,北海道,Medium_Truck,15.4,Delayed
2023-08-02,広島県,大阪府,Refrigerated,17.2,On_Time
2023-08-03,東京都,大阪府,Light_Van,14.3,On_Time
2023-03-07,北海道,愛知県,Refrigerated,13.4,On_Time
2023-01-16,北海道,大阪府,Light_Van,5.9,Completed
2023-08-25,北海道,広島県,Medium_Truck,14.0,On_Time
2024-01-23,北海道,大阪府,Large_Truck,8.0,Delayed
2023-01-18,宮城県,大阪府,Medium_Truck,15.0,Delayed
2023-11-01,福岡県,愛知県,Light_Van,21.2,Delayed
2023-02-18,愛知県,大阪府,Medium_Truck,11.0,Delayed
2024-02-01,東京都,北海道,Large_Truck,24.0,On_Time
2023-06-30,大阪府,東京都,Large_Truck,23.9,On_Time
2023-07-04,東京都,宮城県,Refrigerated,22.0,On_Time
2023-03-04,北海道,大阪府,Refrigerated,33.4,Delayed
2023-12-25,愛知県,東京都,Large_Truck,29.4,On_Time
2024-01-25,愛知県,大阪府,Large_Truck,18.4,On_Time
2023-06-22,福岡県,広島県,Medium_Truck,7.2,On_Time
2023-04-14,宮城県,東京都,Refrigerated,14.4,Delayed
2023-07-26,大阪府,広島県,Light_Van,4.8,Delayed
2023-12-19,北海道,東京都,Refrigerated,10.0,Completed
2023-12-10,広島県,北海道,Light_Van,9.2,Delayed
2023-10-06,東京都,愛知県,Large_Truck,5.9,On_Time
2024-01-31,広島県,福岡県,Medium_Truck,1.2,Delayed
2023-05-09,広島県,大阪府,Light_Van,16.3,Completed
2023-10-22,福岡県,広島県,Light_Van,11.8,Delayed
2023-03-31,福岡県,東京都,Refrigerated,14.2,On_Time
2023-04-14,広島県,東京都,Large_Truck,3.9,Delayed
2024-01-27,広島県,東京都,Refrigerated,1.6,On_Time
2023-11-14,東京都,愛知県,Refrigerated,23.2,Completed
2023-10-31,宮城県,福岡県,Refrigerated,3.2,Completed
2024-01-04,東京都,大阪府,Large_Truck,10.0,Completed
2023-05-05,大阪府,宮城県,Medium_Truck,9.2,Delayed
2023-03-11,福岡県,広島県,Medium_Truck,12.9,On_Time
2023-11-02,愛知県,東京都,Light_Van,8.1,Delayed
2023-08-26,愛知県,北海道,Medium_Truck,6.1,On_Time
2023-09-15,愛知県,福岡県,Light_Van,2.8,On_Time
2023-09-11,北海道,広島県,Large_Truck,5.8,On_Time
2023-11-14,東京都,北海道,Refrigerated,4.6,Completed
2023-10-23,大阪府,福岡県,Large_Truck,4.9,On_Time
2023-07-01,大阪府,広島県,Refrigerated,17.7,Delayed
2023-12-24,北海道,東京都,Refrigerated,15.2,Completed
2023-05-20,広島県,大阪府,Refrigerated,2.0,On_Time
2023-01-30,宮城県,大阪府,Light_Van,8.4,Delayed
2023-06-26,福岡県,北海道,Large_Truck,18.8,Completed
2023-04-06,北海道,宮城県,Refrigerated,23.7,Completed
2023-09-26,愛知県,大阪府,Large_Truck,18.5,Completed
2023-11-29,広島県,大阪府,Large_Truck,20.5,Delayed
2023-05-24,大阪府,愛知県,Large_Truck,18.5,On_Time
2023-02-19,東京都,大阪府,Light_Van,24.5,Delayed
2024-01-23,愛知県,大阪府,Medium_Truck,12.5,Completed
2023-06-10,大阪府,愛知県,Refrigerated,19.4,On_Time
2024-01-11,愛知県,大阪府,Light_Van,8.2,Completed
2023-07-08,広島県,愛知県,Large_Truck,16.6,Delayed
2023-08-14,広島県,大阪府,Refrigerated,2.5,Delayed
2023-08-03,愛知県,東京都,Refrigerated,24.5,Delayed
2023-07-17,大阪府,愛知県,Refrigerated,11.2,Completed
2023-06-12,北海道,東京都,Medium_Truck,7.8,Delayed
2023-03-05,広島県,福岡県,Refrigerated,34.6,Delayed
2023-05-04,福岡県,宮城県,Light_Van,6.4,Completed
2023-11-25,福岡県,宮城県,Refrigerated,9.3,On_Time
2023-06-03,大阪府,福岡県,Light_Van,9.9,Delayed
2023-09-28,大阪府,北海道,Medium_Truck,1.6,Completed
2023-03-09,宮城県,東京都,Refrigerated,4.0,On_Time
2023-04-17,大阪府,愛知県,Refrigerated,1.7,On_Time
2023-07-22,愛知県,広島県,Medium_Truck,18.6,On_Time
2023-12-31,愛知県,宮城県,Large_Truck,3.4,On_Time
2023-10-30,北海道,大阪府,Refrigerated,13.5,On_Time
2023-06-24,愛知県,大阪府,Refrigerated,16.0,Delayed
2023-07-03,大阪府,北海道,Medium_Truck,4.2,Delayed
2023-09-21,宮城県,北海道,Refrigerated,11.7,Completed
2023-05-17,宮城県,東京都,Large_Truck,22.6,On_Time
2023-10-03,北海道,愛知県,Medium_Truck,21.8,Delayed
2023-03-15,大阪府,東京都,Large_Truck,32.1,Completed
2024-01-09,東京都,大阪府,Large_Truck,16.9,Completed
2023-07-10,愛知県,東京都,Light_Van,21.2,On_Time
2023-02-11,福岡県,大阪府,Medium_Truck,3.7,Delayed
2023-08-16,愛知県,東京都,Refrigerated,9.2,On_Time
2023-02-18,福岡県,愛知県,Large_Truck,4.0,Delayed
2023-05-18,福岡県,宮城県,Light_Van,12.2,On_Time
2024-01-23,東京都,広島県,Light_Van,15.9,On_Time
2023-07-05,東京都,福岡県,Medium_Truck,10.4,On_Time
2024-01-19,福岡県,大阪府,Large_Truck,11.1,Delayed
2023-06-04,北海道,東京都,Refrigerated,16.5,Completed
2023-05-15,広島県,北海道,Refrigerated,9.8,Delayed
2023-05-27,北海道,愛知県,Medium_Truck,12.9,Delayed
2023-02-05,愛知県,福岡県,Refrigerated,21.6,On_Time
2023-06-25,広島県,福岡県,Medium_Truck,6.7,Completed
2023-04-17,福岡県,大阪府,Large_Truck,5.8,Delayed
2023-12-29,東京都,宮城県,Medium_Truck,34.9,Completed
2023-08-19,北海道,愛知県,Medium_Truck,13.1,On_Time
2023-03-11,宮城県,大阪府,Medium_Truck,15.1,On_Time
2023-06-01,愛知県,福岡県,Refrigerated,10.5,Completed
2023-01-03,北海道,宮城県,Refrigerated,22.5,On_Time
2023-05-03,大阪府,広島県,Medium_Truck,6.5,Delayed
2023-01-19,東京都,大阪府,Refrigerated,16.3,On_Time
2023-07-29,東京都,北海道,Medium_Truck,17.0,On_Time
2023-11-10,大阪府,宮城県,Large_Truck,13.7,On_Time
2023-08-26,北海道,大阪府,Refrigerated,13.6,On_Time
2023-12-06,広島県,北海道,Refrigerated,6.0,Delayed
2023-07-09,東京都,広島県,Medium_Truck,8.0,Completed
2023-07-10,北海道,大阪府,Large_Truck,21.0,Delayed
2023-08-03,福岡県,愛知県,Light_Van,3.1,On_Time
2023-07-04,愛知県,大阪府,Medium_Truck,14.6,Delayed
2023-05-13,愛知県,福岡県,Light_Van,4.5,On_Time
2023-05-17,愛知県,宮城県,Light_Van,20.8,Completed
2023-02-04,広島県,愛知県,Light_Van,22.3,Delayed
2023-07-14,宮城県,北海道,Large_Truck,7.9,On_Time
2024-01-21,宮城県,愛知県,Large_Truck,20.0,On_Time
2023-01-13,愛知県,北海道,Medium_Truck,23.4,Delayed
2023-02-22,北海道,宮城県,Light_Van,7.3,Delayed
2023-05-16,北海道,東京都,Light_Van,7.9,On_Time
2023-01-23,宮城県,東京都,Large_Truck,21.6,On_Time
2023-08-25,広島県,福岡県,Refrigerated,22.7,On_Time
2023-08-10,宮城県,大阪府,Light_Van,15.8,Completed
2023-03-17,北海道,愛知県,Light_Van,33.5,Completed
2023-04-08,東京都,宮城県,Large_Truck,16.9,Completed
2023-08-10,広島県,福岡県,Light_Van,11.7,On_Time
2023-05-06,宮城県,広島県,Refrigerated,11.4,Completed
2023-04-09,広島県,福岡県,Light_Van,24.9,Completed
2023-10-11,福岡県,東京都,Large_Truck,23.2,On_Time
2023-12-01,大阪府,東京都,Light_Van,13.4,Completed
2023-11-29,北海道,宮城県,Medium_Truck,7.9,Completed
2023-06-07,東京都,広島県,Light_Van,21.6,Completed
2023-04-13,宮城県,北海道,Medium_Truck,10.4,On_Time
2023-08-11,愛知県,宮城県,Refrigerated,15.6,On_Time
2024-01-10,宮城県,東京都,Refrigerated,21.2,Completed
2023-06-02,宮城県,広島県,Large_Truck,13.6,Delayed
2024-01-20,大阪府,宮城県,Light_Van,14.6,Completed
2023-10-07,北海道,宮城県,Large_Truck,15.7,Delayed
2023-11-27,大阪府,福岡県,Light_Van,6.8,Completed
2023-11-08,広島県,宮城県,Large_Truck,12.5,On_Time
2023-07-08,広島県,大阪府,Light_Van,4.9,Completed
2023-12-26,福岡県,愛知県,Light_Van,1.6,On_Time
2023-05-03,東京都,宮城県,Refrigerated,16.2,Completed
2023-03-25,北海道,福岡県,Refrigerated,7.4,Completed
2023-04-05,北海道,東京都,Large_Truck,7.5,On_Time
2023-12-04,東京都,愛知県,Light_Van,7.6,Delayed
2023-03-11,福岡県,北海道,Large_Truck,9.1,On_Time
2023-11-05,北海道,福岡県,Refrigerated,9.3,Delayed
2024-01-04,福岡県,広島県,Large_Truck,20.3,Completed
2023-08-26,福岡県,大阪府,Medium_Truck,13.7,On_Time
2023-11-19,北海道,大阪府,Large_Truck,7.9,On_Time
2023-04-01,広島県,北海道,Medium_Truck,3.2,Delayed
2023-01-04,愛知県,大阪府,Refrigerated,12.8,On_Time
2023-06-09,大阪府,東京都,Large_Truck,18.8,On_Time
2023-01-31,愛知県,広島県,Refrigerated,18.2,On_Time
2023-02-24,宮城県,東京都,Refrigerated,5.1,Delayed
2023-03-03,広島県,愛知県,Refrigerated,13.7,On_Time
2023-01-12,愛知県,広島県,Light_Van,4.1,Completed
2023-01-28,福岡県,大阪府,Large_Truck,5.2,Completed
2023-02-15,大阪府,東京都,Medium_Truck,3.9,Completed
2023-11-02,大阪府,愛知県,Large_Truck,5.7,On_Time
2023-12-21,広島県,愛知県,Large_Truck,5.8,On_Time
2023-02-24,宮城県,北海道,Medium_Truck,8.2,Delayed
2023-06-12,北海道,東京都,Medium_Truck,14.4,Delayed
2023-05-14,北海道,愛知県,Light_Van,8.2,On_Time
2023-03-09,大阪府,福岡県,Medium_Truck,37.2,Delayed
2023-06-12,東京都,大阪府,Medium_Truck,19.7,On_Time
2023-01-07,大阪府,東京都,Medium_Truck,22.2,Delayed
2023-08-29,広島県,愛知県,Large_Truck,22.9,On_Time
2023-12-07,大阪府,広島県,Medium_Truck,26.3,Delayed
2023-04-09,宮城県,大阪府,Large_Truck,7.9,Completed
2023-07-05,大阪府,東京都,Light_Van,17.1,Delayed
2023-06-24,北海道,福岡県,Refrigerated,20.5,Completed
2023-04-07,東京都,北海道,Refrigerated,2.6,On_Time
2023-11-05,広島県,大阪府,Medium_Truck,18.5,On_Time
2023-10-26,東京都,大阪府,Large_Truck,14.0,On_Time
2023-04-10,大阪府,愛知県,Light_Van,4.1,On_Time
2023-11-19,福岡県,大阪府,Medium_Truck,9.3,Delayed
2023-01-29,広島県,福岡県,Refrigerated,9.5,Completed
2023-04-25,東京都,広島県,Medium_Truck,18.4,Delayed
2023-02-13,福岡県,東京都,Refrigerated,9.4,On_Time
2023-12-30,北海道,広島県,Medium_Truck,22.0,On_Time
2023-11-19,福岡県,大阪府,Light_Van,21.7,Delayed
2023-01-20,北海道,愛知県,Medium_Truck,18.3,On_Time
2023-04-03,北海道,宮城県,Large_Truck,17.5,Completed
2023-08-22,福岡県,大阪府,Refrigerated,13.8,On_Time
2023-03-14,北海道,広島県,Light_Van,30.9,Delayed
2023-01-20,宮城県,愛知県,Refrigerated,19.6,Completed
2024-02-04,宮城県,大阪府,Large_Truck,9.9,On_Time
2023-01-05,大阪府,北海道,Light_Van,9.1,Delayed
2023-10-25,東京都,広島県,Medium_Truck,12.6,Completed
2023-08-29,福岡県,広島県,Large_Truck,5.3,Completed
2023-12-08,大阪府,愛知県,Refrigerated,28.7,Completed
2024-02-02,宮城県,広島県,Light_Van,6.9,Completed
2023-05-03,北海道,愛知県,Refrigerated,22.6,Delayed
2023-07-01,大阪府,北海道,Medium_Truck,6.5,On_Time
2023-01-24,北海道,宮城県,Large_Truck,18.7,On_Time
2023-01-15,東京都,愛知県,Large_Truck,6.4,Delayed
2023-02-17,広島県,大阪府,Light_Van,9.1,Delayed
2023-07-27,愛知県,福岡県,Light_Van,22.4,Delayed
2024-01-16,広島県,宮城県,Medium_Truck,21.3,Delayed
2023-10-20,福岡県,宮城県,Medium_Truck,11.4,On_Time
2023-05-23,愛知県,東京都,Medium_Truck,1.5,Delayed
2023-02-28,宮城県,北海道,Large_Truck,10.2,Delayed
2023-08-26,愛知県,宮城県,Refrigerated,23.3,Completed
2023-09-27,愛知県,広島県,Light_Van,23.3,Completed
2023-05-17,愛知県,宮城県,Light_Van,21.2,Completed
2024-02-03,北海道,広島県,Light_Van,7.6,On_Time
2023-04-08,愛知県,大阪府,Medium_Truck,24.0,On_Time
2023-03-14,東京都,宮城県,Light_Van,16.4,Delayed
2023-08-06,大阪府,東京都,Large_Truck,17.2,Delayed
2023-06-15,東京都,宮城県,Light_Van,25.0,Delayed
2023-06-04,愛知県,大阪府,Large_Truck,18.7,Completed
2023-02-02,宮城県,広島県,Light_Van,7.6,Delayed
2023-06-10,北海道,福岡県,Large_Truck,18.2,Completed
2023-02-21,大阪府,福岡県,Refrigerated,5.1,Delayed
2023-06-13,福岡県,大阪府,Medium_Truck,7.5,Completed
2023-10-19,東京都,宮城県,Large_Truck,17.4,On_Time
2024-02-04,福岡県,宮城県,Medium_Truck,8.8,On_Time
2023-10-20,広島県,大阪府,Large_Truck,8.9,On_Time
2023-09-16,広島県,東京都,Large_Truck,3.8,Delayed
2023-07-11,広島県,宮城県,Light_Van,11.9,Delayed
2023-06-26,東京都,愛知県,Medium_Truck,15.3,Delayed
2023-01-16,愛知県,大阪府,Large_Truck,23.5,Delayed
2023-01-22,大阪府,愛知県,Medium_Truck,6.4,Completed
2023-11-05,広島県,宮城県,Large_Truck,21.2,Delayed
2023-07-07,愛知県,福岡県,Large_Truck,1.7,Completed
2023-10-20,広島県,北海道,Medium_Truck,12.0,Delayed
2023-12-13,広島県,愛知県,Large_Truck,5.1,Completed
2023-09-06,大阪府,北海道,Medium_Truck,8.6,On_Time
2023-09-10,東京都,愛知県,Medium_Truck,20.6,Completed
2023-06-10,宮城県,愛知県,Large_Truck,6.0,Delayed
2023-03-02,東京都,福岡県,Light_Van,30.4,On_Time
2023-08-22,宮城県,広島県,Medium_Truck,1.0,Completed
2023-01-26,東京都,大阪府,Light_Van,1.0,On_Time
2023-12-20,福岡県,東京都,Large_Truck,20.1,On_Time
2024-01-19,東京都,愛知県,Large_Truck,21.7,On_Time
2023-10-24,広島県,福岡県,Large_Truck,2.9,Completed
2023-09-12,北海道,宮城県,Light_Van,8.5,Completed
2023-03-20,東京都,愛知県,Light_Van,24.4,Completed
2023-11-29,宮城県,福岡県,Light_Van,13.3,Delayed
2023-04-15,大阪府,北海道,Medium_Truck,9.2,Delayed
2023-01-28,北海道,広島県,Light_Van,22.9,On_Time
2023-03-26,北海道,東京都,Light_Van,17.6,Delayed
2023-02-03,東京都,北海道,Medium_Truck,22.7,Delayed
2023-12-13,福岡県,東京都,Medium_Truck,15.1,Delayed
2023-09-23,広島県,北海道,Medium_Truck,18.0,Completed
2023-02-20,宮城県,東京都,Medium_Truck,15.2,On_Time
2023-12-03,愛知県,福岡県,Large_Truck,33.4,Delayed
2023-06-27,大阪府,宮城県,Large_Truck,13.9,On_Time
2023-01-15,北海道,福岡県,Large_Truck,23.5,Completed
2023-10-08,北海道,宮城県,Medium_Truck,19.6,Delayed
2023-06-11,大阪府,北海道,Large_Truck,3.7,Delayed
2023-01-25,大阪府,福岡県,Light_Van,17.7,On_Time
2023-09-18,大阪府,東京都,Light_Van,22.1,On_Time
2023-12-22,北海道,東京都,Large_Truck,11.2,On_Time
2023-09-10,北海道,福岡県,Refrigerated,10.9,On_Time
2023-09-27,福岡県,宮城県,Medium_Truck,20.1,Completed
2023-04-01,宮城県,愛知県,Large_Truck,3.2,Delayed
2023-01-01,広島県,東京都,Light_Van,10.2,On_Time
2023-10-03,北海道,愛知県,Large_Truck,10.8,Delayed
2023-03-20,東京都,愛知県,Refrigerated,24.6,On_Time
2023-02-16,愛知県,福岡県,Large_Truck,23.0,Delayed
2023-05-18,愛知県,大阪府,Medium_Truck,22.2,On_Time
2023-04-04,広島県,福岡県,Large_Truck,24.6,Completed
2023-01-17,宮城県,東京都,Large_Truck,7.7,On_Time
2023-11-13,北海道,東京都,Medium_Truck,24.9,On_Time
2023-12-06,北海道,広島県,Light_Van,13.9,Completed
2023-08-31,宮城県,北海道,Light_Van,2.5,On_Time
2023-11-16,福岡県,愛知県,Large_Truck,6.9,Delayed
2023-05-17,大阪府,宮城県,Medium_Truck,11.3,Delayed
2023-10-29,東京都,大阪府,Light_Van,19.4,Completed
2023-06-30,東京都,福岡県,Large_Truck,18.6,Delayed
2023-12-17,北海道,広島県,Refrigerated,22.9,On_Time
2023-01-02,広島県,北海道,Light_Van,17.2,On_Time
2023-11-23,大阪府,愛知県,Light_Van,19.0,Delayed
2023-04-25,愛知県,大阪府,Refrigerated,10.4,Completed
2023-09-06,宮城県,福岡県,Large_Truck,6.5,Delayed
2023-03-10,愛知県,大阪府,Large_Truck,37.3,On_Time
2023-03-27,福岡県,東京都,Light_Van,7.3,Completed
2023-12-03,広島県,東京都,Medium_Truck,13.0,Completed
2023-05-08,愛知県,東京都,Light_Van,12.5,On_Time
2023-07-31,愛知県,福岡県,Medium_Truck,1.6,On_Time
2023-10-30,東京都,大阪府,Large_Truck,16.0,On_Time
2023-01-05,福岡県,大阪府,Large_Truck,21.6,Delayed
2023-02-10,大阪府,愛知県,Medium_Truck,21.8,Delayed
2023-10-13,愛知県,東京都,Medium_Truck,2.4,Delayed
2023-02-20,北海道,愛知県,Large_Truck,21.5,On_Time
2023-02-06,福岡県,広島県,Refrigerated,8.2,Delayed
2023-12-10,愛知県,北海道,Light_Van,11.0,Completed
2023-07-25,愛知県,福岡県,Refrigerated,13.5,Completed
2023-07-13,愛知県,福岡県,Light_Van,23.2,Completed
2023-08-08,東京都,福岡県,Large_Truck,22.5,Delayed
2023-10-11,大阪府,北海道,Refrigerated,9.0,On_Time
2023-02-12,大阪府,愛知県,Light_Van,19.9,On_Time
2024-01-31,広島県,宮城県,Light_Van,6.6,Delayed
2023-09-01,北海道,宮城県,Medium_Truck,19.4,Delayed
2023-01-11,東京都,北海道,Light_Van,1.0,On_Time
2023-08-08,大阪府,広島県,Medium_Truck,24.3,Completed
2024-02-03,宮城県,北海道,Large_Truck,5.2,On_Time
2023-11-05,福岡県,愛知県,Light_Van,6.0,Completed
2023-03-10,福岡県,宮城県,Medium_Truck,27.3,Completed
2023-06-11,福岡県,愛知県,Refrigerated,11.4,Delayed
2023-10-07,北海道,宮城県,Large_Truck,21.4,On_Time
2023-12-05,広島県,愛知県,Light_Van,1.9,On_Time
2023-06-26,福岡県,北海道,Light_Van,13.4,Completed
2024-01-28,大阪府,愛知県,Large_Truck,20.9,Delayed
2024-02-03,愛知県,広島県,Large_Truck,1.9,Completed
2023-11-16,大阪府,宮城県,Medium_Truck,1.3,Completed
2023-05-06,北海道,宮城県,Light_Van,21.2,Delayed
2023-07-26,福岡県,広島県,Refrigerated,19.0,On_Time
2023-09-13,愛知県,大阪府,Light_Van,6.0,Delayed
2023-11-06,福岡県,北海道,Large_Truck,16.1,Completed
2023-09-29,大阪府,愛知県,Medium_Truck,4.8,Completed
2023-02-28,東京都,北海道,Medium_Truck,2.9,On_Time
2023-06-22,東京都,広島県,Light_Van,21.9,Delayed
2023-01-18,愛知県,東京都,Medium_Truck,3.2,On_Time
2023-11-16,宮城県,広島県,Medium_Truck,6.3,Completed
2023-06-29,広島県,北海道,Refrigerated,14.9,Completed
2023-09-23,東京都,福岡県,Refrigerated,7.6,On_Time
2023-10-24,北海道,宮城県,Large_Truck,2.2,On_Time
2023-01-19,大阪府,東京都,Light_Van,7.9,Completed
2024-02-01,大阪府,宮城県,Medium_Truck,14.8,On_Time
2023-09-24,宮城県,愛知県,Large_Truck,5.0,On_Time
2024-01-23,宮城県,東京都,Refrigerated,20.0,Delayed
2023-11-10,愛知県,宮城県,Large_Truck,15.7,Delayed
2023-06-20,東京都,大阪府,Refrigerated,4.0,Completed
2023-10-19,宮城県,東京都,Light_Van,5.0,Completed
2024-02-05,福岡県,大阪府,Large_Truck,19.2,Completed
2023-07-15,愛知県,宮城県,Medium_Truck,14.2,Delayed
2023-02-02,北海道,広島県,Large_Truck,24.9,Completed
2023-03-28,大阪府,東京都,Medium_Truck,20.2,Delayed
2023-05-18,広島県,愛知県,Refrigerated,6.9,On_Time
2023-04-16,愛知県,大阪府,Light_Van,7.4,Completed
2023-03-13,北海道,大阪府,Refrigerated,36.4,Completed
2023-12-17,宮城県,愛知県,Medium_Truck,33.5,Completed
2024-01-27,広島県,福岡県,Medium_Truck,20.5,Completed
2023-07-01,福岡県,愛知県,Refrigerated,19.9,On_Time
2023-12-20,大阪府,東京都,Light_Van,8.9,Completed
2023-07-17,福岡県,北海道,Medium_Truck,22.0,Delayed
2024-01-30,北海道,福岡県,Light_Van,8.5,Completed
2023-03-25,大阪府,愛知県,Medium_Truck,10.9,Completed
2023-12-03,北海道,東京都,Refrigerated,25.5,Completed
2023-06-24,東京都,宮城県,Refrigerated,17.4,On_Time
2023-12-18,宮城県,大阪府,Refrigerated,2.8,Completed
2023-05-24,広島県,愛知県,Medium_Truck,11.7,Completed
2023-12-23,宮城県,福岡県,Medium_Truck,22.6,Completed
2023-10-25,大阪府,宮城県,Large_Truck,17.5,Delayed
2023-12-09,北海道,広島県,Large_Truck,2.2,Completed
2023-03-27,福岡県,広島県,Refrigerated,30.7,Completed
2024-01-05,宮城県,東京都,Medium_Truck,24.1,Completed
2023-05-27,宮城県,大阪府,Refrigerated,13.9,Delayed
2023-11-01,北海道,宮城県,Light_Van,19.7,On_Time
2023-04-08,広島県,北海道,Medium_Truck,13.8,Completed
2023-05-28,広島県,北海道,Medium_Truck,9.1,Delayed
2023-12-09,宮城県,愛知県,Large_Truck,34.5,Completed
2023-07-30,宮城県,広島県,Large_Truck,4.4,On_Time
2023-10-02,大阪府,福岡県,Light_Van,5.8,Completed
2023-10-15,宮城県,広島県,Light_Van,2.6,Delayed
2023-11-06,東京都,愛知県,Large_Truck,2.0,Completed
2023-01-26,大阪府,愛知県,Medium_Truck,6.4,Completed
2023-09-12,愛知県,北海道,Light_Van,16.3,Completed
2023-07-17,福岡県,大阪府,Refrigerated,20.5,On_Time
2023-06-19,北海道,愛知県,Medium_Truck,6.9,Delayed
2023-10-13,愛知県,東京都,Medium_Truck,3.4,On_Time
2023-01-12,福岡県,東京都,Refrigerated,1.5,Delayed
2023-12-23,愛知県,広島県,Large_Truck,28.4,Completed
2023-02-02,福岡県,愛知県,Medium_Truck,9.2,On_Time
2023-10-14,宮城県,広島県,Light_Van,23.6,On_Time
2024-01-17,福岡県,東京都,Medium_Truck,19.3,Completed
2023-03-31,福岡県,広島県,Large_Truck,15.0,Completed
2023-01-16,大阪府,福岡県,Medium_Truck,6.2,On_Time
2023-12-07,東京都,福岡県,Light_Van,12.0,Delayed
2023-09-27,北海道,宮城県,Refrigerated,12.1,Delayed
2023-05-04,宮城県,北海道,Medium_Truck,11.5,Completed
2023-07-27,大阪府,宮城県,Refrigerated,2.0,Delayed
2023-01-18,大阪府,福岡県,Refrigerated,16.1,On_Time
2023-07-30,東京都,大阪府,Refrigerated,5.9,Completed
2023-11-28,愛知県,広島県,Light_Van,20.7,Delayed
2024-01-24,愛知県,宮城県,Medium_Truck,18.8,Completed
2023-04-29,福岡県,東京都,Light_Van,17.2,On_Time
2023-10-07,東京都,大阪府,Light_Van,24.1,On_Time
2023-03-31,宮城県,広島県,Large_Truck,5.3,Completed
2023-10-18,宮城県,北海道,Medium_Truck,11.7,On_Time
2023-09-09,福岡県,北海道,Medium_Truck,3.5,On_Time
2023-11-12,大阪府,愛知県,Medium_Truck,7.8,On_Time
2023-10-25,北海道,愛知県,Light_Van,21.2,On_Time
2023-11-06,北海道,福岡県,Light_Van,16.9,Completed
2023-12-08,東京都,北海道,Medium_Truck,31.8,On_Time
2023-10-10,大阪府,北海道,Large_Truck,3.1,Delayed
2023-05-22,広島県,宮城県,Refrigerated,23.7,On_Time
2023-04-30,東京都,北海道,Light_Van,5.0,On_Time
2023-09-14,東京都,大阪府,Medium_Truck,17.1,On_Time
2023-07-31,宮城県,大阪府,Large_Truck,10.8,On_Time
2023-07-03,東京都,大阪府,Refrigerated,11.9,On_Time
2023-08-02,大阪府,福岡県,Light_Van,13.4,Delayed
2023-04-14,宮城県,福岡県,Light_Van,10.5,On_Time
2023-06-20,福岡県,広島県,Medium_Truck,9.1,Completed
2023-04-13,愛知県,東京都,Light_Van,15.0,On_Time
2024-01-28,広島県,北海道,Large_Truck,3.2,On_Time
2023-08-15,愛知県,北海道,Large_Truck,12.6,On_Time
2023-05-15,東京都,北海道,Refrigerated,18.4,Completed
2023-08-07,広島県,福岡県,Medium_Truck,6.3,Completed
2023-01-26,宮城県,愛知県,Light_Van,3.4,Completed
2023-08-07,福岡県,宮城県,Refrigerated,6.1,Completed
2023-04-04,東京都,福岡県,Large_Truck,11.6,Delayed
2023-06-26,北海道,大阪府,Light_Van,7.0,On_Time
2023-05-31,宮城県,福岡県,Large_Truck,5.7,Delayed
2024-01-05,広島県,愛知県,Light_Van,22.2,Completed
2023-11-16,大阪府,福岡県,Refrigerated,21.0,On_Time
2024-01-28,宮城県,広島県,Large_Truck,4.1,Completed
2023-11-23,宮城県,東京都,Refrigerated,21.4,Completed
2023-02-24,北海道,福岡県,Refrigerated,23.7,Delayed
2023-03-17,福岡県,宮城県,Refrigerated,15.0,Delayed
2023-08-21,東京都,愛知県,Refrigerated,9.4,On_Time
2023-06-10,東京都,大阪府,Large_Truck,13.4,Delayed
2023-09-08,宮城県,東京都,Large_Truck,4.9,Delayed
2023-12-31,北海道,広島県,Refrigerated,9.0,Completed
2023-11-06,北海道,福岡県,Refrigerated,16.1,Delayed
2023-03-24,福岡県,大阪府,Medium_Truck,29.9,Completed
2023-09-22,広島県,宮城県,Large_Truck,12.0,On_Time
2023-03-31,福岡県,北海道,Large_Truck,6.1,Completed
2023-06-21,東京都,愛知県,Large_Truck,13.5,On_Time
2023-09-12,北海道,福岡県,Refrigerated,16.0,Completed
2023-03-01,愛知県,福岡県,Large_Truck,30.8,On_Time
2023-06-23,北海道,広島県,Light_Van,11.3,Completed
2023-07-21,宮城県,大阪府,Light_Van,11.1,Completed
2023-02-21,東京都,北海道,Refrigerated,20.0,On_Time
2023-12-15,北海道,広島県,Medium_Truck,28.8,Completed
2023-04-12,福岡県,大阪府,Refrigerated,5.1,Completed
2023-08-11,大阪府,広島県,Refrigerated,3.0,Delayed
2023-01-19,広島県,大阪府,Large_Truck,16.5,On_Time
2023-10-19,宮城県,福岡県,Light_Van,5.8,Delayed
2023-12-02,大阪府,北海道,Light_Van,9.8,Completed
2024-01-06,宮城県,愛知県,Light_Van,17.2,Delayed
2024-01-31,広島県,大阪府,Large_Truck,10.8,Completed
2023-07-21,宮城県,広島県,Medium_Truck,19.4,On_Time
2023-01-25,愛知県,北海道,Medium_Truck,8.3,On_Time
2023-08-08,東京都,広島県,Large_Truck,13.5,Delayed
2023-12-19,広島県,愛知県,Refrigerated,35.8,On_Time
2024-01-13,愛知県,宮城県,Large_Truck,4.3,Completed
2023-12-31,愛知県,広島県,Large_Truck,31.9,On_Time
2023-02-18,東京都,北海道,Large_Truck,13.1,On_Time
2023-03-07,福岡県,大阪府,Large_Truck,33.7,Delayed
2023-09-11,大阪府,宮城県,Light_Van,24.6,Completed
2023-10-07,大阪府,愛知県,Refrigerated,16.6,Delayed
2023-02-21,大阪府,宮城県,Light_Van,4.9,Completed
2023-08-11,東京都,福岡県,Light_Van,11.9,Completed
2024-01-09,東京都,大阪府,Medium_Truck,3.4,On_Time
2023-02-02,広島県,大阪府,Refrigerated,16.4,Delayed
2023-02-18,宮城県,福岡県,Refrigerated,14.6,On_Time
2023-08-18,大阪府,福岡県,Refrigerated,22.6,Completed
2023-05-22,東京都,福岡県,Large_Truck,9.3,Completed
2023-02-27,北海道,宮城県,Light_Van,15.4,Delayed
2023-08-02,北海道,宮城県,Large_Truck,18.7,On_Time
2023-08-23,東京都,宮城県,Large_Truck,4.9,Delayed
2023-06-12,東京都,広島県,Light_Van,20.2,On_Time
2023-11-30,愛知県,大阪府,Light_Van,22.3,On_Time
2023-10-05,東京都,大阪府,Medium_Truck,14.3,On_Time
2023-05-02,東京都,福岡県,Large_Truck,8.9,On_Time
2023-11-03,東京都,北海道,Medium_Truck,12.6,Completed
2023-10-27,大阪府,北海道,Light_Van,21.0,On_Time
2024-01-05,北海道,宮城県,Light_Van,2.5,On_Time
2023-03-21,愛知県,北海道,Medium_Truck,32.4,Delayed
2023-10-06,福岡県,宮城県,Large_Truck,5.4,Completed
2023-08-30,大阪府,福岡県,Large_Truck,1.4,Completed
2023-07-26,北海道,愛知県,Medium_Truck,8.3,Delayed
2024-01-25,福岡県,北海道,Large_Truck,9.5,On_Time
2023-03-03,宮城県,広島県,Medium_Truck,7.6,Delayed
2023-11-14,福岡県,宮城県,Large_Truck,22.5,Delayed
2023-04-10,北海道,福岡県,Refrigerated,1.9,Delayed
2023-07-27,宮城県,北海道,Medium_Truck,8.9,Completed
2023-02-13,広島県,福岡県,Large_Truck,10.6,Completed
2023-01-30,大阪府,福岡県,Large_Truck,6.8,Delayed
2023-11-27,大阪府,広島県,Large_Truck,7.1,On_Time
2023-10-19,愛知県,福岡県,Large_Truck,5.7,Delayed
2024-01-22,広島県,大阪府,Refrigerated,14.8,Completed
2023-05-27,愛知県,大阪府,Large_Truck,7.8,On_Time
2023-07-18,愛知県,東京都,Large_Truck,17.1,Completed
2023-06-24,東京都,福岡県,Light_Van,12.8,On_Time
2023-08-03,広島県,福岡県,Light_Van,8.8,On_Time
2023-04-10,愛知県,広島県,Large_Truck,2.6,Completed
2023-04-04,愛知県,大阪府,Light_Van,5.8,Completed
2023-05-06,福岡県,東京都,Light_Van,14.5,Completed
2023-12-18,東京都,広島県,Medium_Truck,14.5,Completed
2023-05-31,北海道,宮城県,Refrigerated,23.5,Completed
2023-01-04,愛知県,東京都,Medium_Truck,4.3,Delayed
2023-10-31,広島県,愛知県,Large_Truck,6.3,On_Time
2023-07-06,東京都,愛知県,Medium_Truck,8.1,Delayed
2023-01-03,福岡県,宮城県,Large_Truck,8.0,Completed
2023-07-07,北海道,東京都,Light_Van,15.9,Delayed
2023-06-30,大阪府,広島県,Medium_Truck,15.0,Completed
2023-06-06,北海道,広島県,Medium_Truck,5.7,Delayed
2023-01-06,広島県,愛知県,Large_Truck,20.1,Completed
2023-10-07,愛知県,大阪府,Light_Van,24.9,Completed
2023-12-17,大阪府,広島県,Refrigerated,25.9,On_Time
2023-09-04,宮城県,東京都,Medium_Truck,8.8,Completed
2023-04-29,北海道,愛知県,Medium_Truck,21.3,Delayed
2023-06-26,愛知県,東京都,Refrigerated,14.3,Completed
2023-12-18,宮城県,福岡県,Large_Truck,35.1,Completed
2023-07-09,広島県,北海道,Medium_Truck,19.3,On_Time
2023-03-06,福岡県,大阪府,Refrigerated,6.7,Completed
2023-04-07,宮城県,広島県,Medium_Truck,10.1,Completed
2023-08-05,東京都,広島県,Large_Truck,7.1,On_Time
2023-07-29,福岡県,愛知県,Large_Truck,22.0,Completed
2023-04-19,愛知県,東京都,Light_Van,21.6,Delayed
2023-07-01,広島県,東京都,Refrigerated,17.8,On_Time
2023-10-13,宮城県,北海道,Large_Truck,10.4,On_Time
2023-03-10,広島県,北海道,Large_Truck,8.5,On_Time
2024-01-15,福岡県,大阪府,Refrigerated,15.7,On_Time
2023-09-29,大阪府,福岡県,Large_Truck,12.3,On_Time
2023-09-26,北海道,大阪府,Light_Van,9.6,On_Time
2024-01-14,東京都,大阪府,Light_Van,19.1,Completed
2023-06-28,福岡県,宮城県,Medium_Truck,5.0,On_Time
2023-07-01,広島県,宮城県,Medium_Truck,11.2,Delayed
2024-02-02,大阪府,福岡県,Refrigerated,15.2,Completed
2023-02-16,宮城県,東京都,Refrigerated,1.9,Delayed
2023-06-06,大阪府,宮城県,Medium_Truck,7.2,On_Time
2024-01-24,東京都,愛知県,Light_Van,9.8,Completed
2023-03-30,福岡県,愛知県,Medium_Truck,3.1,On_Time
2023-12-02,愛知県,北海道,Refrigerated,2.4,Delayed
2024-01-06,広島県,福岡県,Large_Truck,18.8,On_Time
2024-01-16,福岡県,東京都,Large_Truck,14.5,Completed
2023-09-20,大阪府,北海道,Large_Truck,5.4,Completed
2023-11-13,愛知県,東京都,Medium_Truck,10.3,Completed
2023-02-21,愛知県,大阪府,Medium_Truck,4.1,Delayed
2023-03-09,広島県,宮城県,Large_Truck,11.7,Completed
2023-11-06,東京都,福岡県,Large_Truck,5.9,Completed
2023-11-26,東京都,宮城県,Large_Truck,7.5,Completed
2023-11-30,広島県,宮城県,Refrigerated,15.8,On_Time
2023-05-29,愛知県,東京都,Large_Truck,5.4,Delayed
2023-04-27,大阪府,東京都,Large_Truck,15.1,Delayed
2023-11-24,宮城県,広島県,Large_Truck,9.6,On_Time
2023-09-07,愛知県,大阪府,Light_Van,8.2,On_Time
2024-01-26,愛知県,北海道,Refrigerated,15.1,Delayed
2023-11-01,広島県,大阪府,Large_Truck,16.1,On_Time
2023-11-21,北海道,広島県,Large_Truck,18.6,Completed
2023-12-05,福岡県,宮城県,Light_Van,28.4,Delayed
2023-09-10,大阪府,東京都,Refrigerated,17.0,Completed
2023-01-22,広島県,東京都,Refrigerated,4.1,On_Time
2023-09-24,宮城県,愛知県,Medium_Truck,8.6,Delayed
2023-03-20,東京都,大阪府,Refrigerated,13.6,Delayed
2023-04-07,愛知県,大阪府,Medium_Truck,1.5,Completed
2023-04-05,広島県,大阪府,Light_Van,6.3,Delayed
2023-05-01,大阪府,愛知県,Large_Truck,2.7,On_Time
2023-01-12,福岡県,宮城県,Light_Van,18.0,Completed
2023-05-23,広島県,大阪府,Light_Van,2.5,Completed
2023-12-25,北海道,福岡県,Medium_Truck,6.7,Completed
2023-08-19,愛知県,福岡県,Medium_Truck,2.8,On_Time
2023-04-12,大阪府,北海道,Large_Truck,14.8,On_Time
2023-10-07,広島県,東京都,Light_Van,20.9,Completed
2023-09-12,宮城県,大阪府,Medium_Truck,21.4,Completed
2024-01-12,愛知県,大阪府,Light_Van,24.6,On_Time
2023-12-19,北海道,宮城県,Refrigerated,35.2,Completed
2023-10-21,愛知県,宮城県,Light_Van,3.7,On_Time
2023-07-02,愛知県,北海道,Large_Truck,24.8,On_Time
2023-03-09,福岡県,大阪府,Refrigerated,5.8,On_Time
2024-01-08,福岡県,北海道,Medium_Truck,18.4,Delayed
2023-07-03,大阪府,北海道,Refrigerated,15.1,Delayed
2023-03-01,宮城県,東京都,Large_Truck,4.9,Completed
2023-10-23,大阪府,宮城県,Large_Truck,14.7,Delayed
2023-07-18,宮城県,東京都,Refrigerated,23.6,Completed
2023-10-07,大阪府,愛知県,Light_Van,5.2,Delayed
2023-03-22,広島県,宮城県,Refrigerated,8.7,Completed
2023-02-20,宮城県,広島県,Refrigerated,23.3,On_Time
2023-11-24,北海道,福岡県,Large_Truck,11.3,Delayed
2023-08-03,北海道,宮城県,Medium_Truck,4.5,Delayed
2023-08-27,愛知県,宮城県,Refrigerated,10.6,On_Time
2023-09-22,東京都,宮城県,Large_Truck,15.8,Delayed
2023-04-08,福岡県,東京都,Refrigerated,19.0,On_Time
2023-05-08,福岡県,大阪府,Medium_Truck,23.4,On_Time
2023-03-17,大阪府,広島県,Light_Van,4.5,Completed
2023-06-02,福岡県,宮城県,Large_Truck,18.2,Delayed
2023-11-24,愛知県,福岡県,Light_Van,18.1,Delayed
2023-12-08,北海道,福岡県,Refrigerated,19.0,On_Time
2023-07-29,広島県,東京都,Large_Truck,14.6,On_Time
2023-10-23,大阪府,東京都,Refrigerated,15.7,Delayed
2023-05-08,東京都,福岡県,Medium_Truck,24.4,Completed
2023-03-09,北海道,福岡県,Medium_Truck,34.8,On_Time
2023-08-03,北海道,大阪府,Light_Van,9.1,Completed
2023-08-23,東京都,広島県,Large_Truck,7.6,Completed
2023-12-26,愛知県,東京都,Large_Truck,37.1,Delayed
2023-02-04,東京都,大阪府,Large_Truck,23.2,On_Time
2024-01-24,広島県,福岡県,Light_Van,8.4,Delayed
2023-04-05,福岡県,愛知県,Refrigerated,5.1,Delayed
2023-02-13,福岡県,北海道,Large_Truck,20.8,On_Time
2023-12-14,東京都,広島県,Large_Truck,32.5,Delayed
2023-01-29,愛知県,福岡県,Refrigerated,17.5,On_Time
2023-01-05,東京都,宮城県,Light_Van,15.8,On_Time
2023-08-04,愛知県,東京都,Large_Truck,21.5,On_Time
2023-09-01,福岡県,大阪府,Refrigerated,20.2,Completed
2024-01-01,広島県,大阪府,Light_Van,4.9,Completed
2023-10-04,宮城県,東京都,Medium_Truck,6.9,On_Time
2023-12-30,北海道,福岡県,Large_Truck,27.1,Completed
2023-11-07,広島県,大阪府,Medium_Truck,24.6,Completed
2023-10-17,北海道,愛知県,Large_Truck,19.1,Completed
2023-05-04,大阪府,福岡県,Light_Van,21.7,On_Time
2023-10-24,福岡県,愛知県,Refrigerated,8.3,On_Time
2023-06-25,福岡県,広島県,Large_Truck,7.6,Delayed
2023-04-28,広島県,北海道,Large_Truck,12.5,On_Time
2024-01-18,宮城県,北海道,Refrigerated,15.8,Completed
2023-12-23,宮城県,広島県,Medium_Truck,30.1,Delayed
2023-03-15,宮城県,大阪府,Light_Van,30.1,On_Time
2023-05-28,宮城県,愛知県,Large_Truck,21.0,Delayed
2023-10-26,広島県,大阪府,Medium_Truck,20.4,On_Time
2023-03-25,広島県,愛知県,Light_Van,4.8,Delayed
2023-10-17,東京都,大阪府,Medium_Truck,2.2,Completed
2023-04-22,北海道,宮城県,Refrigerated,6.2,Completed
2023-06-02,東京都,大阪府,Medium_Truck,6.6,Delayed
2023-02-11,愛知県,広島県,Light_Van,16.3,On_Time
2023-11-12,東京都,福岡県,Refrigerated,20.8,Completed
2023-09-28,大阪府,福岡県,Large_Truck,7.0,On_Time
2023-11-21,福岡県,東京都,Medium_Truck,4.7,Completed
2023-03-20,東京都,福岡県,Medium_Truck,23.6,Delayed
2023-01-05,大阪府,北海道,Large_Truck,19.6,On_Time
2023-10-16,愛知県,広島県,Refrigerated,11.0,Completed
2024-01-07,大阪府,広島県,Refrigerated,3.4,Delayed
2024-01-20,北海道,東京都,Medium_Truck,12.5,On_Time
2023-02-27,東京都,大阪府,Large_Truck,10.2,Completed
2023-12-22,福岡県,大阪府,Light_Van,5.0,Delayed
2023-02-23,大阪府,愛知県,Light_Van,1.1,Completed
2023-06-20,東京都,北海道,Large_Truck,14.1,Completed
2023-05-10,宮城県,北海道,Large_Truck,1.2,On_Time
2023-08-24,愛知県,広島県,Refrigerated,12.1,Delayed
2023-10-15,福岡県,宮城県,Light_Van,11.1,Delayed
2023-12-19,広島県,宮城県,Large_Truck,7.4,On_Time
2023-03-20,北海道,愛知県,Medium_Truck,33.1,Completed
2024-01-15,愛知県,広島県,Medium_Truck,14.9,Delayed
2023-08-09,宮城県,福岡県,Light_Van,16.1,Delayed
2023-02-25,北海道,愛知県,Light_Van,5.6,On_Time
2023-02-24,宮城県,愛知県,Refrigerated,17.6,On_Time
2023-04-22,東京都,宮城県,Light_Van,16.4,On_Time
2023-03-18,大阪府,愛知県,Light_Van,32.8,Completed
2023-03-19,福岡県,広島県,Light_Van,20.7,On_Time
2023-09-03,宮城県,北海道,Medium_Truck,2.1,Completed
2023-11-19,東京都,福岡県,Medium_Truck,18.2,Delayed
2023-08-09,大阪府,北海道,Refrigerated,21.9,Delayed
2023-08-12,愛知県,北海道,Medium_Truck,16.7,Delayed
2023-08-15,宮城県,東京都,Light_Van,10.9,On_Time
2023-08-21,宮城県,愛知県,Light_Van,3.8,On_Time
2023-07-06,広島県,東京都,Refrigerated,5.3,On_Time
2024-01-18,北海道,愛知県,Large_Truck,3.2,Delayed
2023-10-27,東京都,福岡県,Light_Van,23.8,Delayed
2024-01-07,広島県,愛知県,Refrigerated,14.8,On_Time
2023-12-15,愛知県,福岡県,Refrigerated,21.6,Completed
2023-06-13,大阪府,北海道,Large_Truck,19.2,Delayed
2023-03-03,宮城県,福岡県,Large_Truck,10.6,On_Time
2023-10-05,宮城県,東京都,Refrigerated,20.7,Completed
2023-10-31,福岡県,愛知県,Large_Truck,11.4,Completed
2023-08-12,福岡県,東京都,Refrigerated,16.4,Completed
2023-01-08,北海道,大阪府,Refrigerated,20.4,Completed
2023-10-09,大阪府,北海道,Medium_Truck,13.7,On_Time
2023-10-16,北海道,大阪府,Medium_Truck,5.9,Delayed
2023-04-03,東京都,広島県,Medium_Truck,10.1,Completed
2023-03-26,東京都,宮城県,Refrigerated,32.4,Completed
2023-10-21,東京都,大阪府,Large_Truck,18.1,Delayed
2023-04-17,北海道,福岡県,Medium_Truck,2.6,Completed
2023-04-13,宮城県,北海道,Medium_Truck,8.6,Completed
2023-01-11,広島県,東京都,Light_Van,19.1,Delayed
2023-04-30,広島県,愛知県,Refrigerated,20.1,Delayed
2023-09-20,愛知県,広島県,Refrigerated,3.3,Completed
2023-08-16,宮城県,大阪府,Refrigerated,5.4,On_Time
2023-08-30,広島県,愛知県,Large_Truck,19.6,Delayed
2024-01-17,北海道,愛知県,Large_Truck,24.8,On_Time
2023-07-29,大阪府,広島県,Large_Truck,14.5,On_Time
2023-11-03,宮城県,北海道,Light_Van,18.9,Delayed
2023-04-21,東京都,福岡県,Medium_Truck,1.4,On_Time
2023-02-10,東京都,福岡県,Light_Van,14.3,On_Time
2023-08-24,大阪府,広島県,Medium_Truck,18.8,Delayed
2023-02-25,北海道,広島県,Refrigerated,13.1,On_Time
2023-09-08,大阪府,北海道,Light_Van,17.1,On_Time
2023-07-27,福岡県,東京都,Medium_Truck,2.1,On_Time
2023-12-30,北海道,宮城県,Refrigerated,7.9,On_Time
2023-04-05,福岡県,東京都,Large_Truck,22.6,On_Time
2023-06-24,宮城県,愛知県,Medium_Truck,16.2,Delayed
2023-07-31,宮城県,大阪府,Large_Truck,4.4,Completed
2023-07-23,愛知県,大阪府,Medium_Truck,1.7,Delayed
2023-12-13,愛知県,宮城県,Refrigerated,17.1,Delayed
2023-03-12,宮城県,東京都,Large_Truck,22.5,Delayed
2023-02-08,北海道,東京都,Large_Truck,17.7,On_Time
2023-01-21,広島県,大阪府,Light_Van,3.8,Completed
2023-07-09,宮城県,東京都,Large_Truck,21.1,On_Time
2023-02-07,広島県,北海道,Refrigerated,1.9,Delayed
2023-08-31,大阪府,愛知県,Medium_Truck,5.8,Completed
2023-09-29,広島県,宮城県,Light_Van,4.8,Delayed
2024-01-29,愛知県,広島県,Light_Van,19.4,Delayed
2023-03-07,広島県,福岡県,Medium_Truck,19.4,On_Time
2023-06-09,東京都,広島県,Medium_Truck,22.5,Delayed
2023-11-10,広島県,東京都,Refrigerated,17.9,On_Time
2023-04-12,東京都,大阪府,Refrigerated,15.0,Completed
2024-01-06,広島県,北海道,Large_Truck,12.7,Delayed
2023-11-25,愛知県,宮城県,Large_Truck,3.4,Completed
2023-11-08,広島県,愛知県,Light_Van,10.2,Completed
2023-02-26,福岡県,愛知県,Medium_Truck,14.6,Delayed
2023-12-13,愛知県,北海道,Large_Truck,8.4,Completed
2023-04-20,東京都,福岡県,Light_Van,17.1,Delayed
2023-09-05,福岡県,北海道,Light_Van,3.0,On_Time
2023-11-17,北海道,大阪府,Light_Van,13.3,On_Time
2023-05-17,宮城県,大阪府,Large_Truck,6.0,Completed
2023-09-07,大阪府,北海道,Light_Van,8.2,On_Time
2023-12-22,東京都,北海道,Large_Truck,36.3,Completed
2023-10-09,福岡県,北海道,Medium_Truck,22.7,On_Time
2023-05-15,愛知県,大阪府,Light_Van,8.5,On_Time
2023-09-08,大阪府,愛知県,Light_Van,3.7,On_Time
2023-03-15,宮城県,広島県,Medium_Truck,2.7,On_Time
2023-02-21,北海道,大阪府,Refrigerated,14.1,On_Time
2023-08-09,北海道,宮城県,Refrigerated,18.6,Delayed
2023-11-09,宮城県,広島県,Large_Truck,11.7,Delayed
2023-12-24,愛知県,広島県,Light_Van,24.7,On_Time
2023-01-01,広島県,大阪府,Light_Van,17.3,Delayed
2023-06-28,福岡県,北海道,Light_Van,15.4,Delayed
2023-05-06,福岡県,東京都,Large_Truck,5.4,Delayed
2023-03-12,北海道,大阪府,Medium_Truck,23.2,Completed
2023-02-26,広島県,愛知県,Light_Van,17.0,Delayed
2023-04-28,大阪府,東京都,Large_Truck,13.6,Completed
2024-01-18,北海道,東京都,Refrigerated,18.5,Delayed
2023-02-06,東京都,広島県,Large_Truck,8.9,Completed
2023-11-04,大阪府,愛知県,Large_Truck,5.9,On_Time
2023-09-11,広島県,福岡県,Light_Van,10.8,On_Time
2023-02-23,大阪府,福岡県,Large_Truck,7.2,On_Time
2023-04-25,愛知県,北海道,Refrigerated,9.0,On_Time
2023-10-05,北海道,福岡県,Large_Truck,13.0,Delayed
2024-01-06,広島県,宮城県,Refrigerated,9.1,Delayed
2023-03-05,大阪府,宮城県,Medium_Truck,17.4,Completed
2023-01-19,宮城県,広島県,Light_Van,9.0,Delayed
2023-07-22,北海道,東京都,Refrigerated,13.8,Completed
2023-12-27,広島県,福岡県,Medium_Truck,15.6,On_Time
2023-06-25,広島県,北海道,Large_Truck,10.3,On_Time
2023-03-25,北海道,大阪府,Light_Van,4.5,On_Time
2023-10-13,愛知県,広島県,Large_Truck,16.8,Completed
2023-07-13,宮城県,東京都,Light_Van,14.4,Delayed
2024-01-23,北海道,大阪府,Refrigerated,20.8,Delayed
2024-01-13,広島県,愛知県,Large_Truck,23.3,On_Time
2023-09-06,広島県,宮城県,Medium_Truck,7.7,Completed
2023-01-10,福岡県,愛知県,Refrigerated,23.8,Completed
2023-09-03,大阪府,東京都,Refrigerated,13.4,Delayed
2023-01-19,広島県,愛知県,Large_Truck,18.2,On_Time
2023-11-17,宮城県,広島県,Large_Truck,11.7,On_Time
2024-01-15,愛知県,福岡県,Light_Van,23.5,On_Time
2023-08-28,福岡県,東京都,Medium_Truck,17.2,On_Time
2023-05-30,宮城県,北海道,Large_Truck,8.5,Delayed
2023-12-02,広島県,福岡県,Light_Van,13.8,On_Time
2023-08-03,愛知県,大阪府,Medium_Truck,22.8,Completed
2023-06-05,北海道,福岡県,Large_Truck,9.2,Completed
2023-10-31,東京都,宮城県,Medium_Truck,5.0,Delayed
2023-03-12,北海道,広島県,Large_Truck,37.2,Completed
2023-04-29,東京都,福岡県,Refrigerated,23.5,Delayed
2023-03-04,愛知県,東京都,Light_Van,16.6,Delayed
2023-04-30,福岡県,宮城県,Large_Truck,5.9,Completed
2023-12-03,広島県,北海道,Large_Truck,8.7,Delayed
2024-01-05,大阪府,福岡県,Medium_Truck,13.7,Delayed
2023-09-29,愛知県,大阪府,Light_Van,19.2,Completed
2023-11-20,宮城県,東京都,Light_Van,6.4,On_Time
2023-11-06,広島県,愛知県,Large_Truck,12.2,Delayed
2023-10-31,東京都,大阪府,Medium_Truck,20.4,On_Time
2023-09-03,北海道,愛知県,Large_Truck,16.9,On_Time
2024-01-10,福岡県,宮城県,Light_Van,20.5,On_Time
2023-02-06,愛知県,大阪府,Large_Truck,11.1,Completed
2023-04-16,福岡県,宮城県,Large_Truck,19.9,On_Time
2023-01-08,愛知県,北海道,Medium_Truck,13.3,Completed
2023-12-15,宮城県,福岡県,Light_Van,17.8,On_Time
2023-03-11,東京都,広島県,Refrigerated,22.1,Delayed
2023-01-26,東京都,大阪府,Refrigerated,8.3,Delayed
2023-03-07,東京都,大阪府,Light_Van,28.2,On_Time
2023-07-04,宮城県,広島県,Refrigerated,23.0,Completed
2023-09-05,福岡県,東京都,Medium_Truck,8.7,On_Time
2023-05-25,北海道,愛知県,Light_Van,9.2,Delayed
2023-11-12,東京都,宮城県,Refrigerated,15.0,Completed
2023-10-13,北海道,東京都,Medium_Truck,13.6,Delayed
2023-05-10,愛知県,宮城県,Medium_Truck,1.3,Delayed
2023-08-08,愛知県,広島県,Refrigerated,9.5,Completed
2023-07-06,北海道,大阪府,Medium_Truck,2.5,On_Time
2023-05-19,広島県,大阪府,Light_Van,16.9,Delayed
2023-04-02,宮城県,愛知県,Light_Van,21.3,On_Time
2023-10-12,東京都,福岡県,Refrigerated,13.8,Completed
2024-01-29,大阪府,東京都,Refrigerated,8.2,Completed
2023-09-03,福岡県,宮城県,Medium_Truck,22.7,On_Time
2023-08-27,大阪府,広島県,Refrigerated,14.2,On_Time
2023-09-04,福岡県,宮城県,Refrigerated,20.8,Completed
2023-07-19,宮城県,福岡県,Refrigerated,24.3,Delayed
2023-04-02,大阪府,東京都,Refrigerated,5.5,On_Time
2023-08-04,広島県,北海道,Large_Truck,12.3,On_Time
2023-10-19,北海道,宮城県,Refrigerated,6.0,On_Time
2023-12-20,広島県,宮城県,Refrigerated,5.7,Delayed
2023-12-05,北海道,福岡県,Medium_Truck,3.0,Delayed
2023-07-14,福岡県,北海道,Large_Truck,10.7,On_Time
2023-11-25,宮城県,愛知県,Refrigerated,10.4,On_Time
2023-12-17,大阪府,愛知県,Refrigerated,22.4,Completed
2023-01-30,広島県,東京都,Refrigerated,9.7,Completed
2023-08-13,愛知県,北海道,Refrigerated,11.8,Delayed
2024-01-05,大阪府,北海道,Light_Van,8.1,Completed
2023-09-23,東京都,大阪府,Medium_Truck,9.9,Completed
2023-11-12,北海道,宮城県,Light_Van,14.9,On_Time
2024-01-27,愛知県,大阪府,Refrigerated,15.0,On_Time
2023-08-24,福岡県,愛知県,Light_Van,6.2,Completed
2023-12-12,東京都,宮城県,Large_Truck,5.5,Completed
2023-05-28,宮城県,広島県,Refrigerated,10.9,On_Time
2023-07-27,大阪府,宮城県,Refrigerated,8.8,Delayed
2023-06-03,東京都,大阪府,Large_Truck,4.5,Completed
2023-11-24,広島県,愛知県,Refrigerated,21.7,Completed
2023-10-06,北海道,愛知県,Large_Truck,10.7,Completed
2023-07-26,北海道,広島県,Refrigerated,17.7,Completed
2023-01-23,大阪府,愛知県,Refrigerated,9.1,Completed
2023-09-17,福岡県,愛知県,Medium_Truck,2.2,On_Time
2024-01-24,広島県,福岡県,Medium_Truck,4.8,On_Time
2024-01-26,北海道,大阪府,Large_Truck,16.4,Completed
2023-12-03,愛知県,宮城県,Medium_Truck,17.6,On_Time
2023-10-29,北海道,東京都,Large_Truck,4.0,Completed
2023-11-30,東京都,広島県,Large_Truck,8.5,Completed
2023-10-08,大阪府,愛知県,Large_Truck,9.8,On_Time
2023-08-21,東京都,北海道,Large_Truck,23.9,Completed
2023-05-07,大阪府,広島県,Light_Van,10.6,On_Time
2023-03-23,大阪府,北海道,Light_Van,31.9,On_Time
2023-04-28,宮城県,大阪府,Light_Van,11.0,Completed
2023-02-02,愛知県,広島県,Light_Van,4.3,On_Time
2023-01-18,東京都,福岡県,Light_Van,15.2,Delayed
2023-06-16,福岡県,北海道,Light_Van,13.9,On_Time
2023-09-08,北海道,東京都,Light_Van,21.8,Completed
2023-01-17,東京都,愛知県,Medium_Truck,8.0,Delayed
2023-08-24,東京都,広島県,Medium_Truck,22.8,Completed
2023-05-04,北海道,愛知県,Refrigerated,2.5,Completed
2023-03-06,愛知県,北海道,Light_Van,33.1,Completed
2023-07-17,広島県,北海道,Refrigerated,18.8,On_Time
2023-11-10,広島県,東京都,Refrigerated,11.1,Delayed
2023-03-23,愛知県,広島県,Medium_Truck,5.5,Delayed
2023-05-04,大阪府,東京都,Large_Truck,20.6,On_Time
2023-08-28,愛知県,福岡県,Large_Truck,18.7,Delayed
2023-07-15,愛知県,北海道,Refrigerated,7.9,On_Time
2023-03-08,福岡県,大阪府,Refrigerated,12.3,Completed
2023-01-30,広島県,東京都,Medium_Truck,7.1,Delayed
2023-12-05,大阪府,愛知県,Refrigerated,8.3,Completed
2024-01-18,大阪府,福岡県,Large_Truck,22.8,Delayed
2023-03-16,広島県,北海道,Light_Van,14.7,On_Time
2024-01-04,愛知県,広島県,Light_Van,4.7,On_Time
2023-03-30,宮城県,東京都,Light_Van,24.4,On_Time
2023-06-01,広島県,東京都,Medium_Truck,24.1,Delayed
2023-02-02,福岡県,愛知県,Refrigerated,21.1,Delayed
2023-03-27,東京都,北海道,Medium_Truck,21.7,Completed
2023-01-05,宮城県,福岡県,Medium_Truck,1.4,On_Time
2023-12-25,大阪府,宮城県,Large_Truck,7.3,On_Time
2023-05-19,広島県,愛知県,Light_Van,16.5,Delayed
2023-12-27,大阪府,宮城県,Light_Van,18.4,Completed
2023-10-14,広島県,東京都,Light_Van,9.8,Delayed
2023-09-04,福岡県,広島県,Medium_Truck,14.4,Completed
2023-05-09,東京都,北海道,Light_Van,21.9,Completed
2023-09-19,愛知県,広島県,Large_Truck,24.1,Delayed
2023-10-25,宮城県,大阪府,Large_Truck,8.7,Delayed
2023-12-24,愛知県,大阪府,Medium_Truck,9.6,On_Time
2023-09-18,福岡県,宮城県,Large_Truck,4.7,Completed
2023-07-21,福岡県,大阪府,Large_Truck,3.5,Delayed
2023-05-25,東京都,愛知県,Medium_Truck,19.0,Completed
2023-02-10,広島県,大阪府,Medium_Truck,14.0,Completed
2023-04-06,愛知県,宮城県,Large_Truck,10.1,Completed
2023-08-13,北海道,東京都,Large_Truck,7.7,Completed
2023-12-04,北海道,東京都,Light_Van,19.0,Delayed
2023-04-24,福岡県,北海道,Medium_Truck,13.3,Completed
2023-07-24,宮城県,愛知県,Medium_Truck,21.9,Completed
2023-01-01,広島県,福岡県,Large_Truck,3.4,Completed
2023-03-29,福岡県,愛知県,Refrigerated,21.5,On_Time
2024-01-29,広島県,愛知県,Refrigerated,15.2,Completed
2023-11-28,宮城県,福岡県,Light_Van,22.7,Completed
2023-03-16,福岡県,愛知県,Refrigerated,8.3,Completed
2023-09-10,愛知県,広島県,Medium_Truck,5.2,On_Time
2023-08-17,福岡県,宮城県,Large_Truck,17.7,Completed
2023-12-28,福岡県,北海道,Medium_Truck,27.1,Delayed
2023-05-28,北海道,宮城県,Large_Truck,20.2,Delayed
2023-10-28,北海道,広島県,Refrigerated,19.8,Completed
2024-01-28,東京都,広島県,Refrigerated,2.9,On_Time
2023-03-01,宮城県,東京都,Medium_Truck,29.3,Delayed
2024-01-08,愛知県,福岡県,Medium_Truck,9.2,Delayed
2023-08-10,福岡県,愛知県,Large_Truck,9.3,On_Time
2023-01-02,大阪府,広島県,Light_Van,6.9,Completed
2023-08-19,北海道,福岡県,Medium_Truck,7.2,Delayed
2023-12-03,東京都,大阪府,Refrigerated,11.7,On_Time
2023-05-29,大阪府,広島県,Refrigerated,22.0,Delayed
2023-02-22,宮城県,東京都,Refrigerated,21.9,Completed
2023-11-05,東京都,愛知県,Large_Truck,20.6,On_Time
2023-03-06,大阪府,福岡県,Medium_Truck,36.1,Completed
2023-10-24,愛知県,福岡県,Large_Truck,10.4,Delayed
2023-12-28,宮城県,東京都,Refrigerated,8.5,Completed
2024-01-26,福岡県,東京都,Light_Van,15.4,Completed
2024-02-01,大阪府,東京都,Light_Van,23.9,On_Time
2023-03-13,愛知県,福岡県,Light_Van,16.8,On_Time
2023-05-19,東京都,北海道,Light_Van,13.4,Delayed
2023-03-18,宮城県,北海道,Large_Truck,2.4,On_Time
2023-12-06,東京都,大阪府,Large_Truck,28.4,On_Time
2023-03-31,福岡県,広島県,Refrigerated,32.6,Completed
2023-07-02,北海道,愛知県,Light_Van,21.4,Completed
2023-07-12,北海道,宮城県,Light_Van,13.4,Delayed
2023-05-03,大阪府,福岡県,Light_Van,24.8,Completed
2023-09-21,広島県,福岡県,Refrigerated,20.9,On_Time
2023-12-19,福岡県,北海道,Light_Van,12.7,Delayed
2023-04-29,広島県,北海道,Large_Truck,14.1,Delayed
2023-06-14,愛知県,広島県,Medium_Truck,13.5,Completed
2024-01-18,広島県,愛知県,Medium_Truck,20.4,On_Time
2023-11-09,東京都,福岡県,Refrigerated,20.0,Delayed
2023-06-04,宮城県,大阪府,Refrigerated,22.4,On_Time
2023-04-15,広島県,愛知県,Medium_Truck,20.4,Delayed
2023-06-06,宮城県,広島県,Light_Van,16.6,On_Time
2023-04-20,広島県,北海道,Refrigerated,3.3,Completed
2023-08-15,宮城県,福岡県,Medium_Truck,7.7,On_Time
2023-02-28,大阪府,愛知県,Refrigerated,4.0,Completed
2023-11-07,広島県,宮城県,Medium_Truck,9.8,On_Time
2024-01-01,宮城県,広島県,Medium_Truck,7.2,On_Time
2023-04-14,愛知県,北海道,Large_Truck,24.8,On_Time
2023-05-16,愛知県,宮城県,Large_Truck,15.2,Completed
2024-01-05,大阪府,北海道,Large_Truck,19.1,On_Time
2023-04-01,愛知県,広島県,Refrigerated,1.3,Delayed
2023-09-07,広島県,東京都,Large_Truck,4.5,On_Time
2023-10-02,東京都,愛知県,Large_Truck,15.4,Delayed
2024-01-12,東京都,宮城県,Medium_Truck,18.1,On_Time
2023-06-15,広島県,大阪府,Medium_Truck,16.0,On_Time
2023-01-17,大阪府,愛知県,Refrigerated,1.2,Delayed
2023-12-06,愛知県,広島県,Medium_Truck,7.1,On_Time
2023-11-22,広島県,北海道,Medium_Truck,13.3,Delayed
2023-08-31,愛知県,福岡県,Medium_Truck,2.1,On_Time
2023-11-12,宮城県,東京都,Large_Truck,11.3,Delayed
2023-02-27,大阪府,北海道,Light_Van,13.6,On_Time
2023-05-04,広島県,宮城県,Light_Van,10.7,Completed
2024-02-01,宮城県,広島県,Medium_Truck,2.9,On_Time
2023-08-04,大阪府,宮城県,Light_Van,2.8,On_Time
2023-11-29,北海道,愛知県,Light_Van,4.5,Delayed
2023-11-22,愛知県,東京都,Light_Van,4.9,On_Time
2024-01-21,北海道,愛知県,Medium_Truck,16.9,Delayed
2023-04-25,広島県,東京都,Medium_Truck,12.9,On_Time
2024-01-03,福岡県,北海道,Medium_Truck,10.4,Completed
2023-12-30,福岡県,宮城県,Light_Van,3.0,Delayed
2023-10-21,福岡県,北海道,Medium_Truck,5.4,On_Time
2023-03-23,東京都,広島県,Medium_Truck,27.2,Completed
2024-01-16,東京都,広島県,Large_Truck,19.7,On_Time
2023-09-14,宮城県,大阪府,Medium_Truck,19.3,On_Time
2023-03-27,広島県,福岡県,Medium_Truck,26.7,On_Time
2023-08-09,大阪府,宮城県,Refrigerated,15.1,Completed
2023-01-02,福岡県,広島県,Refrigerated,20.3,Completed
2023-03-04,宮城県,福岡県,Light_Van,19.1,Delayed
2023-06-29,大阪府,北海道,Refrigerated,22.2,Delayed
2023-11-20,大阪府,東京都,Light_Van,15.2,On_Time
2024-01-30,宮城県,福岡県,Refrigerated,5.3,On_Time
2023-01-08,福岡県,東京都,Large_Truck,6.6,Completed
2023-09-30,宮城県,愛知県,Light_Van,4.9,Completed
2023-11-23,広島県,愛知県,Refrigerated,4.7,On_Time
2023-12-31,大阪府,福岡県,Refrigerated,17.7,On_Time
2023-06-10,愛知県,福岡県,Light_Van,22.2,On_Time
2023-12-23,東京都,大阪府,Medium_Truck,2.5,On_Time
2023-11-28,北海道,東京都,Light_Van,12.9,Delayed
2023-01-08,大阪府,北海道,Light_Van,14.9,Delayed
2023-11-18,東京都,北海道,Refrigerated,12.6,Delayed
2023-11-25,東京都,福岡県,Light_Van,16.0,On_Time
2023-01-31,広島県,東京都,Light_Van,10.8,Delayed
2023-07-25,福岡県,大阪府,Large_Truck,22.7,Delayed
2023-08-23,広島県,大阪府,Medium_Truck,22.7,Completed
2023-07-11,宮城県,北海道,Medium_Truck,2.0,Completed
2023-10-12,宮城県,愛知県,Refrigerated,8.6,On_Time
2023-09-27,福岡県,愛知県,Large_Truck,12.6,Delayed
2023-01-06,愛知県,宮城県,Medium_Truck,9.3,Delayed
2023-12-17,宮城県,愛知県,Large_Truck,31.4,Completed
2023-05-05,愛知県,大阪府,Refrigerated,20.3,Delayed
2023-10-30,宮城県,愛知県,Refrigerated,17.0,Delayed
2023-09-10,福岡県,広島県,Light_Van,17.8,Completed
2024-01-30,東京都,福岡県,Large_Truck,20.7,Completed
2023-10-20,愛知県,大阪府,Light_Van,8.1,Completed
2023-05-13,愛知県,広島県,Refrigerated,19.3,On_Time
2023-01-12,宮城県,愛知県,Refrigerated,24.9,Completed
2024-01-05,北海道,福岡県,Refrigerated,6.6,On_Time
2023-04-25,宮城県,東京都,Medium_Truck,1.5,Delayed
2023-12-16,福岡県,東京都,Medium_Truck,13.0,Completed
2023-04-17,宮城県,北海道,Refrigerated,14.6,Delayed
2023-09-28,東京都,福岡県,Large_Truck,18.0,Completed
2023-07-25,宮城県,大阪府,Medium_Truck,19.0,On_Time
2023-11-07,広島県,愛知県,Large_Truck,15.3,Delayed
2023-04-28,大阪府,愛知県,Large_Truck,12.7,Delayed
2023-07-20,大阪府,福岡県,Large_Truck,4.3,On_Time
2023-05-03,大阪府,広島県,Light_Van,21.6,Delayed
2024-01-13,大阪府,北海道,Large_Truck,12.9,Completed
2023-10-02,東京都,愛知県,Light_Van,18.3,Completed
2023-10-31,福岡県,広島県,Light_Van,11.6,Delayed
2023-01-02,大阪府,愛知県,Medium_Truck,4.7,Completed
2024-01-09,宮城県,福岡県,Large_Truck,5.3,On_Time
2023-11-25,宮城県,東京都,Medium_Truck,14.9,On_Time
2024-01-02,愛知県,広島県,Light_Van,10.3,On_Time
2023-06-29,宮城県,広島県,Refrigerated,21.8,On_Time
2023-04-17,宮城県,北海道,Large_Truck,6.0,Delayed
2023-01-03,大阪府,広島県,Light_Van,7.7,On_Time
2023-06-30,大阪府,北海道,Refrigerated,22.4,On_Time
2023-10-06,大阪府,愛知県,Medium_Truck,5.8,Delayed
2023-12-22,福岡県,愛知県,Medium_Truck,20.1,Delayed
2023-03-07,宮城県,愛知県,Refrigerated,22.8,Delayed
2023-03-22,宮城県,北海道,Medium_Truck,3.9,Delayed
2024-01-16,福岡県,北海道,Light_Van,22.3,Completed
2023-05-30,北海道,東京都,Large_Truck,8.4,On_Time
2023-10-01,北海道,広島県,Medium_Truck,13.6,Delayed
2023-01-18,宮城県,東京都,Large_Truck,8.3,Completed
2023-04-02,福岡県,東京都,Large_Truck,9.2,On_Time
2023-06-04,東京都,広島県,Refrigerated,23.8,Completed
2023-08-30,北海道,福岡県,Medium_Truck,2.4,On_Time
2023-07-16,大阪府,福岡県,Refrigerated,12.4,On_Time
2023-07-03,東京都,福岡県,Refrigerated,23.1,Completed
2023-10-25,北海道,福岡県,Refrigerated,4.6,On_Time
2023-12-27,北海道,福岡県,Light_Van,1.8,On_Time
2023-08-06,広島県,福岡県,Medium_Truck,6.0,Delayed
2023-03-21,東京都,広島県,Medium_Truck,36.8,Delayed
2023-09-27,広島県,大阪府,Refrigerated,21.1,Delayed
2023-11-07,大阪府,広島県,Large_Truck,2.5,On_Time
2023-09-20,福岡県,北海道,Medium_Truck,4.5,Completed
2023-07-01,福岡県,北海道,Medium_Truck,21.9,Delayed
2023-02-05,北海道,大阪府,Light_Van,1.9,Completed
2023-02-18,北海道,福岡県,Medium_Truck,8.8,On_Time
2023-02-03,大阪府,東京都,Large_Truck,23.0,Completed
2023-04-13,福岡県,北海道,Refrigerated,24.0,Delayed
2023-12-10,北海道,東京都,Light_Van,27.7,Delayed
2023-04-29,宮城県,大阪府,Medium_Truck,18.7,On_Time
2023-11-15,東京都,大阪府,Large_Truck,2.8,Delayed
2023-08-19,大阪府,北海道,Light_Van,3.9,On_Time
2023-06-16,大阪府,福岡県,Medium_Truck,12.6,Delayed
2023-12-24,福岡県,宮城県,Refrigerated,24.2,On_Time
2023-09-25,愛知県,北海道,Light_Van,14.7,On_Time
2023-11-26,広島県,宮城県,Light_Van,6.9,Completed
2023-02-18,東京都,宮城県,Light_Van,21.8,Completed
2023-03-11,北海道,福岡県,Light_Van,4.1,On_Time
2023-04-21,東京都,宮城県,Large_Truck,2.6,Delayed
2023-06-05,宮城県,愛知県,Light_Van,7.4,Completed
2023-11-27,大阪府,愛知県,Medium_Truck,19.8,Completed
2023-10-28,広島県,北海道,Refrigerated,10.6,On_Time
2023-07-06,東京都,福岡県,Large_Truck,5.8,Delayed
2023-07-31,福岡県,東京都,Large_Truck,11.0,Delayed
2023-10-14,東京都,愛知県,Refrigerated,24.0,Completed
2023-03-16,北海道,東京都,Large_Truck,29.5,On_Time
2023-04-25,宮城県,愛知県,Medium_Truck,6.0,On_Time
2023-05-22,広島県,北海道,Light_Van,1.4,Completed
2023-02-04,福岡県,愛知県,Light_Van,4.7,On_Time
2023-12-21,広島県,大阪府,Light_Van,20.2,Delayed
2023-03-05,愛知県,福岡県,Light_Van,7.7,Completed
2023-10-10,福岡県,宮城県,Refrigerated,23.7,Delayed
2023-10-19,愛知県,北海道,Refrigerated,3.5,On_Time
2023-03-27,愛知県,大阪府,Light_Van,2.6,Completed
2024-01-27,北海道,宮城県,Medium_Truck,19.2,Completed
2023-06-30,宮城県,東京都,Refrigerated,10.7,On_Time
2023-05-10,宮城県,広島県,Medium_Truck,14.4,Completed
2023-04-23,愛知県,東京都,Refrigerated,21.1,On_Time
2023-01-11,北海道,大阪府,Large_Truck,1.5,Delayed
2023-04-02,愛知県,北海道,Refrigerated,5.5,Completed
2024-01-11,広島県,愛知県,Refrigerated,14.9,Delayed
2024-01-27,広島県,宮城県,Refrigerated,12.8,On_Time
2023-04-15,宮城県,北海道,Large_Truck,19.9,Completed
2023-10-06,福岡県,東京都,Large_Truck,23.5,On_Time
2023-06-29,北海道,宮城県,Refrigerated,7.7,On_Time
2023-04-23,東京都,福岡県,Refrigerated,16.8,Delayed
2023-09-12,東京都,宮城県,Large_Truck,9.8,Completed
2023-01-31,東京都,北海道,Medium_Truck,5.2,Completed
2023-12-10,福岡県,宮城県,Refrigerated,27.7,On_Time
2024-01-17,東京都,宮城県,Refrigerated,5.8,Completed
2023-02-16,福岡県,宮城県,Large_Truck,4.5,On_Time
2023-11-29,北海道,東京都,Light_Van,15.5,On_Time
2023-08-08,愛知県,宮城県,Medium_Truck,18.7,Delayed
2023-11-26,東京都,宮城県,Large_Truck,18.3,On_Time
2023-03-20,福岡県,広島県,Light_Van,17.5,Completed
2023-12-11,福岡県,北海道,Medium_Truck,13.2,Completed
2023-04-18,福岡県,愛知県,Light_Van,16.5,On_Time
2024-02-05,東京都,福岡県,Large_Truck,23.9,Completed
2023-01-18,福岡県,北海道,Light_Van,6.8,On_Time
2023-10-03,東京都,宮城県,Light_Van,2.4,Completed
2023-09-16,大阪府,広島県,Medium_Truck,19.7,Completed
2023-09-23,宮城県,東京都,Refrigerated,7.0,Completed
2023-03-16,宮城県,福岡県,Large_Truck,25.8,On_Time
2023-06-14,福岡県,愛知県,Medium_Truck,17.6,On_Time
2023-07-26,広島県,大阪府,Light_Van,13.4,Completed
2023-06-24,広島県,東京都,Light_Van,15.1,Delayed
2024-01-07,宮城県,愛知県,Medium_Truck,7.8,Completed
2023-10-21,福岡県,東京都,Large_Truck,4.2,Delayed
2023-07-11,愛知県,北海道,Medium_Truck,24.2,Delayed
2023-01-24,宮城県,北海道,Medium_Truck,2.9,Completed
2023-10-02,福岡県,北海道,Refrigerated,15.5,Delayed
2023-09-20,福岡県,愛知県,Large_Truck,17.4,Delayed
2023-06-05,愛知県,北海道,Refrigerated,4.5,On_Time
2023-01-28,広島県,北海道,Medium_Truck,7.9,Completed
2023-12-05,福岡県,東京都,Large_Truck,17.1,Delayed
2023-12-19,東京都,広島県,Large_Truck,33.1,Completed
2023-12-20,宮城県,大阪府,Medium_Truck,16.2,Delayed
2023-04-03,福岡県,大阪府,Refrigerated,15.5,Delayed
2023-12-19,広島県,福岡県,Refrigerated,30.7,Completed
2023-05-01,北海道,福岡県,Refrigerated,22.0,Delayed
2023-10-27,広島県,愛知県,Refrigerated,2.7,On_Time
2023-11-19,東京都,北海道,Refrigerated,1.7,On_Time
2023-03-24,宮城県,広島県,Large_Truck,8.3,Completed
2023-08-19,東京都,愛知県,Medium_Truck,5.5,Delayed
2023-11-14,福岡県,北海道,Medium_Truck,16.5,Completed
2023-09-04,東京都,愛知県,Light_Van,13.9,On_Time
2023-04-24,大阪府,福岡県,Refrigerated,14.9,On_Time
2024-01-26,大阪府,北海道,Large_Truck,5.8,On_Time
2023-01-22,大阪府,愛知県,Medium_Truck,9.8,Delayed
2023-06-14,愛知県,宮城県,Refrigerated,8.6,Delayed
2023-05-31,愛知県,広島県,Large_Truck,14.3,On_Time
2023-11-16,大阪府,広島県,Large_Truck,8.0,Completed
2023-05-23,福岡県,宮城県,Large_Truck,1.7,Completed
2023-10-02,東京都,福岡県,Light_Van,15.6,On_Time
2023-04-15,北海道,広島県,Medium_Truck,4.4,Delayed
2023-12-05,東京都,福岡県,Refrigerated,8.2,On_Time
2023-03-25,大阪府,宮城県,Light_Van,12.0,On_Time
2024-01-27,広島県,大阪府,Light_Van,1.9,Delayed
2023-12-17,福岡県,宮城県,Large_Truck,15.1,On_Time
2023-04-16,愛知県,北海道,Large_Truck,3.1,On_Time
2023-02-14,東京都,北海道,Large_Truck,14.2,Delayed
2023-04-02,宮城県,福岡県,Medium_Truck,4.2,Completed
2023-11-14,大阪府,北海道,Refrigerated,11.6,Completed
2023-12-17,東京都,大阪府,Medium_Truck,8.1,Delayed
2023-05-08,大阪府,愛知県,Light_Van,8.1,Completed
2023-11-06,広島県,大阪府,Large_Truck,9.6,Delayed
2024-01-03,福岡県,大阪府,Medium_Truck,2.8,Completed
2023-04-20,愛知県,広島県,Light_Van,2.6,Completed
2023-05-05,広島県,福岡県,Large_Truck,24.8,Delayed
2023-07-12,福岡県,大阪府,Medium_Truck,20.8,Delayed
2023-12-13,宮城県,大阪府,Large_Truck,20.9,On_Time
2023-12-04,大阪府,宮城県,Medium_Truck,28.7,Completed
2023-01-10,福岡県,愛知県,Medium_Truck,14.8,On_Time
2023-03-16,広島県,宮城県,Light_Van,32.5,Completed
2023-06-22,大阪府,宮城県,Refrigerated,2.1,On_Time
2023-05-01,東京都,広島県,Medium_Truck,21.5,Delayed
2023-08-30,広島県,大阪府,Large_Truck,18.8,Completed
2023-09-04,福岡県,広島県,Large_Truck,9.7,Completed
2023-04-12,大阪府,東京都,Medium_Truck,21.1,Delayed
2023-09-18,北海道,宮城県,Medium_Truck,18.6,Delayed
2023-03-08,福岡県,東京都,Large_Truck,16.1,Completed
2023-02-04,宮城県,福岡県,Refrigerated,11.7,On_Time
2023-08-21,東京都,大阪府,Refrigerated,17.6,On_Time
2023-04-03,大阪府,東京都,Medium_Truck,21.6,Completed
2023-06-14,大阪府,広島県,Refrigerated,20.8,On_Time
2023-05-08,福岡県,宮城県,Medium_Truck,16.2,On_Time
2023-06-22,大阪府,北海道,Large_Truck,21.3,Completed
2023-08-26,宮城県,東京都,Medium_Truck,4.6,On_Time
2023-12-02,福岡県,愛知県,Large_Truck,34.6,Delayed
2024-01-20,宮城県,北海道,Light_Van,13.2,Delayed
2023-05-06,愛知県,福岡県,Refrigerated,20.2,Delayed
2023-04-29,福岡県,東京都,Refrigerated,10.6,Completed
2024-02-03,宮城県,福岡県,Large_Truck,7.3,Completed
2024-01-29,北海道,福岡県,Large_Truck,3.1,Completed
2023-06-19,愛知県,広島県,Medium_Truck,4.1,On_Time
2024-01-21,北海道,福岡県,Light_Van,24.7,Delayed
2023-11-21,大阪府,北海道,Large_Truck,8.7,Delayed
2023-12-25,北海道,宮城県,Medium_Truck,21.1,On_Time
2023-12-24,北海道,東京都,Large_Truck,37.4,On_Time
2023-07-15,広島県,大阪府,Refrigerated,9.4,On_Time
2023-01-30,愛知県,福岡県,Large_Truck,17.8,Delayed
2023-11-27,福岡県,愛知県,Light_Van,18.0,Completed
2023-10-21,北海道,愛知県,Large_Truck,15.8,Delayed
2023-09-05,愛知県,北海道,Large_Truck,14.6,Delayed
2023-01-15,東京都,北海道,Refrigerated,7.7,Completed
2023-01-26,広島県,東京都,Large_Truck,7.6,Delayed
2023-07-30,東京都,宮城県,Light_Van,2.6,Completed
2023-09-11,愛知県,福岡県,Light_Van,3.7,Completed
2023-09-18,大阪府,愛知県,Refrigerated,16.6,On_Time
2023-09-10,宮城県,東京都,Large_Truck,2.1,Completed
2024-01-09,宮城県,北海道,Light_Van,5.7,Completed
2023-09-22,東京都,宮城県,Refrigerated,23.6,Delayed
2023-07-25,大阪府,北海道,Light_Van,8.1,Delayed
2023-08-09,宮城県,福岡県,Light_Van,3.8,Delayed
2023-06-20,東京都,愛知県,Large_Truck,18.6,On_Time
2023-09-26,大阪府,福岡県,Large_Truck,6.1,Delayed
2023-02-20,宮城県,福岡県,Refrigerated,11.9,On_Time
2023-02-22,宮城県,北海道,Light_Van,21.0,On_Time
2023-12-18,宮城県,福岡県,Light_Van,37.3,Delayed
2023-08-16,宮城県,愛知県,Large_Truck,10.6,Completed
2023-01-01,東京都,福岡県,Medium_Truck,6.0,On_Time
2023-07-16,宮城県,広島県,Large_Truck,7.1,Completed
2023-05-08,北海道,愛知県,Large_Truck,17.8,On_Time
2023-05-02,大阪府,東京都,Medium_Truck,19.1,Completed
2023-09-16,広島県,宮城県,Medium_Truck,18.1,Delayed
2023-05-02,愛知県,東京都,Medium_Truck,14.3,Completed
2023-08-19,福岡県,宮城県,Refrigerated,24.9,On_Time
2023-05-08,福岡県,大阪府,Refrigerated,21.1,Completed
2023-03-23,広島県,福岡県,Light_Van,12.1,On_Time
2023-11-25,宮城県,福岡県,Medium_Truck,10.8,On_Time
2023-05-17,広島県,北海道,Refrigerated,8.8,On_Time
2023-09-25,福岡県,愛知県,Large_Truck,22.3,Delayed
2023-05-14,愛知県,大阪府,Refrigerated,2.2,Completed
2023-05-15,広島県,北海道,Refrigerated,10.9,Completed
2023-03-09,北海道,大阪府,Light_Van,4.9,On_Time
2023-08-15,愛知県,宮城県,Medium_Truck,19.4,Delayed
2023-02-06,愛知県,福岡県,Light_Van,10.6,On_Time
2023-06-21,東京都,宮城県,Refrigerated,23.0,On_Time
2023-06-18,大阪府,北海道,Medium_Truck,14.8,Completed
2023-01-03,東京都,北海道,Medium_Truck,11.8,Completed
2023-11-28,福岡県,東京都,Large_Truck,8.7,Delayed
2023-11-27,宮城県,広島県,Refrigerated,7.7,On_Time
2024-01-31,北海道,福岡県,Large_Truck,13.8,Delayed
2023-03-31,宮城県,愛知県,Medium_Truck,19.7,Completed
2023-08-21,北海道,愛知県,Large_Truck,6.9,On_Time
2023-05-31,広島県,宮城県,Large_Truck,17.3,On_Time
2024-01-06,愛知県,宮城県,Medium_Truck,5.6,Completed
2023-02-05,福岡県,大阪府,Large_Truck,16.3,Delayed
2024-02-03,愛知県,東京都,Medium_Truck,13.6,Delayed
2023-04-05,宮城県,広島県,Large_Truck,14.5,Completed
2023-01-21,広島県,北海道,Refrigerated,14.3,On_Time
2023-04-25,福岡県,愛知県,Light_Van,18.3,Completed
2023-07-05,北海道,東京都,Refrigerated,19.7,On_Time
2023-07-29,宮城県,福岡県,Refrigerated,15.5,On_Time
2023-10-09,東京都,広島県,Large_Truck,18.2,Completed
2023-06-26,広島県,東京都,Medium_Truck,24.1,Delayed
2023-09-06,北海道,広島県,Light_Van,15.2,On_Time
2023-08-01,広島県,福岡県,Large_Truck,18.3,On_Time
2024-01-29,大阪府,広島県,Medium_Truck,13.4,Delayed
2023-07-05,大阪府,福岡県,Medium_Truck,3.1,Delayed
2023-10-04,福岡県,愛知県,Light_Van,23.0,Delayed
2023-04-26,福岡県,広島県,Light_Van,23.5,Completed
2023-09-27,広島県,宮城県,Large_Truck,23.7,Completed
2023-10-21,愛知県,広島県,Medium_Truck,4.8,Delayed
2023-01-14,愛知県,福岡県,Large_Truck,5.1,On_Time
2023-08-06,東京都,広島県,Refrigerated,2.5,Completed
2023-05-23,大阪府,北海道,Medium_Truck,4.3,Completed
2023-07-03,愛知県,東京都,Medium_Truck,12.9,Completed
2023-08-01,宮城県,北海道,Light_Van,6.9,On_Time
2023-12-31,愛知県,広島県,Light_Van,24.6,Completed
2023-01-31,宮城県,東京都,Refrigerated,20.7,Delayed
2023-02-03,広島県,大阪府,Light_Van,7.0,On_Time
2023-07-12,広島県,福岡県,Large_Truck,22.5,On_Time
2023-08-13,大阪府,福岡県,Refrigerated,19.2,Delayed
2023-12-23,北海道,愛知県,Refrigerated,14.9,On_Time
2023-08-23,北海道,広島県,Refrigerated,12.7,On_Time
2023-07-07,広島県,宮城県,Refrigerated,3.7,Delayed
2023-02-09,北海道,大阪府,Medium_Truck,11.5,Delayed
2023-09-27,東京都,大阪府,Large_Truck,12.9,On_Time
2023-11-16,宮城県,愛知県,Medium_Truck,7.0,On_Time
2023-10-17,福岡県,愛知県,Large_Truck,18.6,On_Time
2023-03-19,愛知県,大阪府,Light_Van,19.7,Delayed
2023-10-27,東京都,北海道,Refrigerated,7.7,Completed
2024-01-23,広島県,愛知県,Refrigerated,23.3,On_Time
2023-06-12,東京都,宮城県,Large_Truck,14.8,On_Time
2023-08-20,愛知県,広島県,Refrigerated,6.1,Completed
2023-06-01,愛知県,福岡県,Large_Truck,8.7,Delayed
2024-01-02,東京都,広島県,Large_Truck,23.2,On_Time
2024-01-04,広島県,東京都,Medium_Truck,15.3,Completed
2023-04-23,大阪府,宮城県,Refrigerated,5.3,Delayed
2023-04-15,広島県,宮城県,Light_Van,1.6,On_Time
2023-02-04,福岡県,東京都,Large_Truck,7.5,Delayed
2023-06-22,北海道,東京都,Refrigerated,8.3,On_Time
2023-02-23,宮城県,福岡県,Refrigerated,21.4,On_Time
2023-05-04,大阪府,東京都,Light_Van,8.2,On_Time
2023-05-22,宮城県,広島県,Medium_Truck,14.8,Completed
2024-01-18,東京都,福岡県,Large_Truck,7.2,On_Time
2023-03-30,東京都,宮城県,Light_Van,23.9,Completed
2023-04-12,東京都,北海道,Large_Truck,1.2,Completed
2023-09-17,宮城県,福岡県,Large_Truck,20.1,On_Time
2023-10-16,東京都,宮城県,Light_Van,14.3,Delayed
2023-02-26,愛知県,北海道,Refrigerated,18.9,Delayed
2023-10-30,愛知県,広島県,Medium_Truck,13.9,Delayed
2023-04-15,愛知県,大阪府,Large_Truck,13.9,On_Time
2023-11-27,広島県,東京都,Medium_Truck,15.8,Delayed
2023-03-09,福岡県,広島県,Medium_Truck,36.2,Delayed
2023-09-13,東京都,北海道,Light_Van,6.5,Completed
2023-08-26,愛知県,福岡県,Light_Van,13.2,Completed
2023-10-30,北海道,愛知県,Medium_Truck,20.8,On_Time
2023-05-05,福岡県,広島県,Light_Van,2.4,On_Time
2023-01-04,宮城県,愛知県,Refrigerated,10.8,On_Time
2023-02-14,広島県,東京都,Medium_Truck,22.8,Completed
2023-07-03,宮城県,福岡県,Large_Truck,22.2,Delayed
2023-08-22,愛知県,北海道,Refrigerated,11.6,Delayed
2023-10-25,宮城県,愛知県,Light_Van,9.1,Completed
2023-09-20,愛知県,大阪府,Refrigerated,18.5,Completed
2023-10-18,北海道,宮城県,Large_Truck,15.9,On_Time
2024-01-17,広島県,東京都,Large_Truck,13.9,On_Time
2023-12-12,福岡県,広島県,Medium_Truck,13.3,Completed
2023-10-10,大阪府,北海道,Large_Truck,19.2,Completed
2023-04-24,広島県,大阪府,Medium_Truck,6.2,Completed
2023-07-15,福岡県,愛知県,Light_Van,15.4,Delayed
2023-02-23,宮城県,福岡県,Large_Truck,17.2,On_Time
2023-07-04,宮城県,福岡県,Light_Van,1.6,On_Time
2023-04-30,北海道,福岡県,Refrigerated,11.4,Completed
2023-09-06,広島県,福岡県,Large_Truck,8.8,Delayed
2023-03-07,広島県,大阪府,Light_Van,19.8,Completed
2023-08-09,大阪府,北海道,Large_Truck,11.7,Delayed
2023-02-06,東京都,広島県,Light_Van,5.8,On_Time
2023-04-09,広島県,北海道,Refrigerated,15.2,Delayed
2023-08-08,東京都,宮城県,Medium_Truck,8.7,Completed
2023-08-13,福岡県,東京都,Light_Van,12.6,Delayed
2023-09-12,広島県,宮城県,Refrigerated,21.3,Completed
2023-02-02,宮城県,大阪府,Large_Truck,2.7,On_Time
2023-11-03,大阪府,東京都,Light_Van,2.2,Completed
2023-09-26,宮城県,北海道,Refrigerated,21.5,On_Time
2023-01-12,東京都,愛知県,Refrigerated,20.9,Delayed
2023-12-22,宮城県,福岡県,Light_Van,15.6,Delayed
2023-03-09,大阪府,東京都,Light_Van,5.1,Completed
2023-04-28,福岡県,大阪府,Refrigerated,2.4,Completed
2023-07-19,東京都,大阪府,Light_Van,1.3,On_Time
2023-08-22,愛知県,福岡県,Large_Truck,23.5,Completed
2023-09-28,宮城県,愛知県,Light_Van,3.1,Completed
2023-03-13,大阪府,宮城県,Medium_Truck,18.0,Delayed
2023-12-17,宮城県,北海道,Refrigerated,19.9,Delayed
2024-01-13,福岡県,愛知県,Medium_Truck,3.0,Delayed
2023-07-28,福岡県,宮城県,Medium_Truck,2.8,On_Time
2023-09-13,愛知県,宮城県,Light_Van,9.9,On_Time
2023-07-08,大阪府,宮城県,Refrigerated,10.4,Delayed
2023-08-21,北海道,広島県,Refrigerated,15.0,Completed
2023-08-19,北海道,大阪府,Light_Van,14.3,Delayed
2023-10-17,福岡県,宮城県,Medium_Truck,22.9,Delayed
2023-01-29,愛知県,宮城県,Refrigerated,8.6,Delayed
2023-08-17,北海道,東京都,Light_Van,13.1,On_Time
2023-02-03,広島県,東京都,Refrigerated,1.6,On_Time
2023-09-23,東京都,宮城県,Large_Truck,3.8,Completed
2023-05-09,宮城県,北海道,Light_Van,24.4,Delayed
2023-01-02,北海道,宮城県,Light_Van,24.6,On_Time
2023-12-08,北海道,大阪府,Medium_Truck,34.0,Delayed
2023-04-05,東京都,広島県,Medium_Truck,13.0,Completed
2024-01-10,宮城県,大阪府,Light_Van,2.7,Delayed
2023-12-14,北海道,福岡県,Refrigerated,18.6,Completed
2023-05-21,宮城県,東京都,Medium_Truck,21.6,Completed
2023-01-08,東京都,広島県,Large_Truck,24.0,Completed
2023-12-14,北海道,愛知県,Refrigerated,31.2,Delayed
2023-10-14,福岡県,広島県,Medium_Truck,8.1,Delayed
2023-03-25,福岡県,宮城県,Light_Van,28.0,Delayed
2023-07-27,広島県,北海道,Refrigerated,19.5,Delayed
2023-08-03,北海道,宮城県,Refrigerated,6.7,Completed
2023-02-17,北海道,宮城県,Refrigerated,3.6,On_Time
2023-02-14,北海道,愛知県,Medium_Truck,1.1,Delayed
2023-01-13,広島県,北海道,Medium_Truck,12.7,Delayed
2023-06-26,大阪府,福岡県,Medium_Truck,10.0,Delayed
2023-01-29,宮城県,広島県,Large_Truck,21.5,Delayed
2023-06-07,北海道,広島県,Refrigerated,7.4,Completed
2023-01-14,北海道,愛知県,Light_Van,19.2,Delayed
2023-03-10,愛知県,福岡県,Medium_Truck,2.8,Completed
2023-09-12,愛知県,広島県,Large_Truck,1.2,Delayed
2023-04-11,宮城県,大阪府,Refrigerated,13.0,Completed
2023-07-14,北海道,愛知県,Refrigerated,1.7,On_Time
2023-01-16,福岡県,東京都,Medium_Truck,16.6,Delayed
2023-07-01,大阪府,東京都,Refrigerated,13.3,On_Time
2023-07-25,宮城県,愛知県,Medium_Truck,18.0,Delayed
2023-09-03,大阪府,愛知県,Light_Van,8.9,Delayed
2023-12-22,広島県,愛知県,Refrigerated,8.0,Completed
2023-11-01,北海道,福岡県,Medium_Truck,3.5,On_Time
2023-06-27,福岡県,愛知県,Large_Truck,13.4,Delayed
2023-07-04,福岡県,宮城県,Large_Truck,15.4,Completed
2023-07-11,福岡県,広島県,Large_Truck,20.0,Delayed
2024-02-05,北海道,東京都,Light_Van,20.5,On_Time
2023-01-22,愛知県,広島県,Large_Truck,1.5,Completed
2023-03-11,大阪府,愛知県,Large_Truck,25.7,Delayed
2023-05-06,北海道,宮城県,Refrigerated,23.6,Completed
2023-06-09,広島県,北海道,Refrigerated,23.5,Completed
2024-01-06,東京都,大阪府,Medium_Truck,15.1,Delayed
2023-07-13,福岡県,広島県,Refrigerated,23.5,On_Time
2023-08-29,愛知県,北海道,Light_Van,10.8,Delayed
2024-02-03,東京都,大阪府,Medium_Truck,6.3,Completed
2023-10-16,東京都,福岡県,Large_Truck,14.3,On_Time
2023-12-07,東京都,愛知県,Large_Truck,18.8,On_Time
2023-08-05,愛知県,福岡県,Refrigerated,6.2,On_Time
2023-01-29,広島県,東京都,Light_Van,4.2,On_Time
2023-06-11,東京都,広島県,Large_Truck,12.3,Completed
2023-05-23,東京都,愛知県,Light_Van,16.7,Delayed
2023-02-02,福岡県,北海道,Refrigerated,4.8,On_Time
2023-07-04,北海道,東京都,Light_Van,17.8,On_Time
2023-12-26,北海道,宮城県,Refrigerated,23.8,Completed
2023-12-18,宮城県,東京都,Large_Truck,18.8,Delayed
2023-02-21,大阪府,宮城県,Medium_Truck,9.1,On_Time
2023-12-23,愛知県,福岡県,Large_Truck,18.8,Delayed
2023-04-17,広島県,愛知県,Medium_Truck,7.3,On_Time
2023-11-21,大阪府,広島県,Light_Van,4.7,Delayed
2023-06-23,愛知県,宮城県,Medium_Truck,12.8,On_Time
2024-01-27,北海道,東京都,Refrigerated,1.2,On_Time
2023-09-14,愛知県,大阪府,Large_Truck,9.2,Completed
2023-11-28,広島県,大阪府,Large_Truck,7.8,Delayed
2023-06-17,福岡県,東京都,Medium_Truck,10.0,Delayed
2023-10-30,宮城県,広島県,Medium_Truck,10.3,Delayed
2023-05-13,福岡県,愛知県,Medium_Truck,13.7,Delayed
2024-01-09,宮城県,広島県,Light_Van,21.6,On_Time
2023-09-01,広島県,北海道,Medium_Truck,21.8,Completed
2023-11-29,福岡県,北海道,Refrigerated,18.3,On_Time
2023-05-03,福岡県,北海道,Refrigerated,1.7,On_Time
2023-03-06,愛知県,宮城県,Medium_Truck,29.3,On_Time
2023-10-06,福岡県,宮城県,Medium_Truck,2.8,Delayed
2023-03-05,大阪府,宮城県,Refrigerated,28.4,Delayed
2024-01-26,福岡県,東京都,Refrigerated,9.9,Delayed
2023-03-11,北海道,大阪府,Medium_Truck,32.0,Completed
2023-06-24,宮城県,北海道,Large_Truck,23.3,Delayed
2023-09-28,大阪府,宮城県,Light_Van,1.9,Delayed
2023-05-23,愛知県,北海道,Large_Truck,16.2,On_Time
2023-05-12,大阪府,宮城県,Medium_Truck,23.4,Completed
2023-02-09,大阪府,愛知県,Medium_Truck,19.5,On_Time
2023-10-24,広島県,愛知県,Medium_Truck,5.7,On_Time
2023-12-26,東京都,愛知県,Large_Truck,17.9,Completed
2023-11-15,宮城県,東京都,Refrigerated,15.7,On_Time
2023-10-10,宮城県,東京都,Refrigerated,13.1,Completed
2023-01-08,東京都,福岡県,Large_Truck,9.8,Delayed
2023-09-08,北海道,愛知県,Large_Truck,3.2,Delayed
2023-03-12,愛知県,東京都,Large_Truck,32.5,On_Time
2023-03-20,大阪府,愛知県,Medium_Truck,7.0,On_Time
2023-02-21,広島県,大阪府,Refrigerated,11.7,On_Time
2023-12-16,愛知県,福岡県,Medium_Truck,27.0,Completed
2023-02-15,北海道,愛知県,Refrigerated,5.8,Delayed
2023-05-23,北海道,愛知県,Large_Truck,24.8,Delayed
2023-09-07,東京都,宮城県,Large_Truck,24.3,Completed
2023-08-30,東京都,北海道,Light_Van,11.1,Completed
2023-02-19,宮城県,大阪府,Medium_Truck,23.0,On_Time
2023-04-21,愛知県,東京都,Light_Van,6.6,Completed
2023-08-09,福岡県,愛知県,Medium_Truck,24.2,On_Time
2023-07-24,宮城県,東京都,Large_Truck,22.0,On_Time
2023-10-13,広島県,愛知県,Large_Truck,17.2,On_Time
2023-04-30,北海道,東京都,Medium_Truck,13.3,Delayed
2023-04-21,愛知県,東京都,Large_Truck,24.5,Completed
2023-11-21,大阪府,広島県,Light_Van,9.4,Delayed
2023-11-18,北海道,福岡県,Large_Truck,8.4,On_Time
2023-05-27,広島県,宮城県,Refrigerated,8.7,On_Time
2023-07-30,大阪府,広島県,Large_Truck,9.5,Delayed
2023-05-13,福岡県,東京都,Medium_Truck,21.2,Delayed
2023-02-16,愛知県,福岡県,Medium_Truck,10.4,Completed
2024-01-20,北海道,福岡県,Refrigerated,13.5,On_Time
2023-12-04,広島県,東京都,Large_Truck,7.6,Completed
2023-07-30,広島県,愛知県,Large_Truck,21.1,Delayed
2023-06-12,福岡県,宮城県,Large_Truck,23.8,Delayed
2023-06-15,愛知県,大阪府,Light_Van,23.4,On_Time
2023-07-02,東京都,広島県,Large_Truck,20.2,Delayed
2023-01-16,東京都,福岡県,Medium_Truck,16.4,Completed
2023-03-09,北海道,宮城県,Medium_Truck,20.9,Delayed
2023-11-07,東京都,広島県,Large_Truck,7.0,Delayed
2023-05-26,北海道,愛知県,Light_Van,6.6,Delayed
2023-03-04,大阪府,北海道,Light_Van,4.4,Delayed
2023-10-23,愛知県,福岡県,Medium_Truck,21.8,Delayed
2023-09-24,大阪府,広島県,Refrigerated,8.1,Completed
2023-03-31,愛知県,宮城県,Light_Van,31.6,Completed
2023-12-13,広島県,福岡県,Refrigerated,33.2,On_Time
2023-08-12,愛知県,福岡県,Medium_Truck,9.0,Completed
2023-07-13,広島県,北海道,Refrigerated,7.9,Delayed
2023-11-01,福岡県,北海道,Refrigerated,14.4,Completed
2023-07-23,大阪府,広島県,Medium_Truck,3.8,On_Time
2023-10-04,広島県,福岡県,Large_Truck,1.0,Delayed
2023-02-14,大阪府,北海道,Medium_Truck,24.2,Completed
2023-01-22,福岡県,愛知県,Refrigerated,1.2,Completed
2023-12-24,宮城県,福岡県,Light_Van,30.9,Delayed
2023-09-12,宮城県,愛知県,Large_Truck,3.0,On_Time
2023-01-12,北海道,福岡県,Refrigerated,20.0,Completed
2023-11-09,大阪府,広島県,Refrigerated,14.2,Delayed
2023-01-04,愛知県,宮城県,Refrigerated,4.7,Completed
2023-03-27,広島県,大阪府,Medium_Truck,16.2,Completed
2023-12-09,福岡県,北海道,Large_Truck,12.3,On_Time
2023-06-29,北海道,広島県,Light_Van,25.0,On_Time
2023-01-27,広島県,東京都,Light_Van,17.3,Completed
2023-08-04,北海道,福岡県,Large_Truck,1.6,Completed
2023-07-14,東京都,愛知県,Refrigerated,6.9,Delayed
2023-07-10,愛知県,東京都,Large_Truck,23.5,On_Time
2023-09-08,北海道,東京都,Refrigerated,20.5,On_Time
2023-01-05,広島県,北海道,Refrigerated,6.1,Delayed
2023-06-22,愛知県,広島県,Light_Van,23.5,Delayed
2023-05-21,北海道,広島県,Large_Truck,13.5,Completed
2023-11-17,北海道,愛知県,Medium_Truck,11.7,Delayed
2024-01-27,広島県,東京都,Light_Van,19.2,Delayed
2023-04-19,東京都,大阪府,Light_Van,23.6,Completed
2023-11-07,宮城県,広島県,Light_Van,13.4,Delayed
2023-08-20,東京都,愛知県,Medium_Truck,17.3,On_Time
2023-01-04,大阪府,福岡県,Refrigerated,5.4,Delayed
2023-07-07,広島県,福岡県,Medium_Truck,12.2,Completed
2023-04-07,宮城県,東京都,Large_Truck,12.2,On_Time
2023-07-15,大阪府,福岡県,Large_Truck,11.5,On_Time
2024-01-20,愛知県,東京都,Large_Truck,7.1,Delayed
2023-11-18,広島県,東京都,Refrigerated,4.2,Completed
2023-08-17,愛知県,福岡県,Medium_Truck,16.8,On_Time
2023-01-08,広島県,福岡県,Refrigerated,7.7,On_Time
2023-08-20,広島県,福岡県,Light_Van,16.6,On_Time
2023-02-04,福岡県,宮城県,Medium_Truck,20.7,On_Time
2023-05-06,大阪府,福岡県,Medium_Truck,23.6,On_Time
2023-12-23,大阪府,宮城県,Refrigerated,11.2,On_Time
2023-01-30,愛知県,北海道,Large_Truck,1.7,On_Time
2023-08-01,福岡県,愛知県,Medium_Truck,15.1,Completed
2023-08-13,愛知県,福岡県,Medium_Truck,12.6,Delayed
2023-11-19,広島県,愛知県,Refrigerated,23.4,Delayed
2023-08-12,愛知県,広島県,Refrigerated,8.7,On_Time
2023-10-20,東京都,福岡県,Large_Truck,9.6,Completed
2023-05-14,東京都,宮城県,Light_Van,22.8,Completed
2023-11-13,大阪府,東京都,Light_Van,11.3,Delayed
2023-11-13,福岡県,広島県,Light_Van,9.5,Delayed
2024-01-13,大阪府,北海道,Refrigerated,10.8,Completed
2023-02-22,福岡県,北海道,Large_Truck,24.2,On_Time
2023-09-28,東京都,北海道,Light_Van,14.4,Delayed
2024-01-04,北海道,広島県,Light_Van,22.6,Delayed
2023-12-30,北海道,広島県,Refrigerated,5.7,Delayed
2023-10-03,宮城県,東京都,Refrigerated,9.1,Delayed
2023-02-28,広島県,北海道,Large_Truck,15.9,Completed
2023-05-15,東京都,大阪府,Light_Van,20.6,Completed
2023-03-14,東京都,大阪府,Light_Van,18.9,Delayed
2023-10-29,広島県,東京都,Large_Truck,9.3,On_Time
2023-09-14,東京都,大阪府,Medium_Truck,9.1,Delayed
2023-01-29,宮城県,福岡県,Refrigerated,6.3,Delayed
2023-03-19,愛知県,広島県,Medium_Truck,9.9,Completed
2023-09-12,東京都,北海道,Large_Truck,2.2,Delayed
2023-04-04,愛知県,広島県,Medium_Truck,22.9,Completed
2023-05-11,北海道,宮城県,Medium_Truck,17.4,On_Time
2023-01-26,東京都,福岡県,Light_Van,14.3,Completed
2023-01-18,福岡県,広島県,Large_Truck,4.6,Delayed
2023-04-28,東京都,北海道,Refrigerated,5.5,Completed
2023-05-15,広島県,宮城県,Refrigerated,14.7,Delayed
2023-01-06,東京都,宮城県,Refrigerated,21.4,On_Time
2023-04-11,愛知県,大阪府,Large_Truck,13.7,Completed
2023-09-11,愛知県,東京都,Medium_Truck,13.3,Completed
2023-07-06,大阪府,広島県,Medium_Truck,3.6,On_Time
2023-11-25,宮城県,福岡県,Light_Van,20.3,On_Time
2023-03-25,宮城県,東京都,Refrigerated,22.3,On_Time
2023-04-19,広島県,宮城県,Medium_Truck,6.8,On_Time
2023-07-03,福岡県,大阪府,Light_Van,2.3,On_Time
2023-01-10,愛知県,北海道,Light_Van,14.6,On_Time
2023-04-06,福岡県,広島県,Medium_Truck,19.6,Completed
2023-09-08,大阪府,東京都,Large_Truck,1.8,Delayed
2023-03-19,福岡県,広島県,Large_Truck,14.0,On_Time
2023-01-04,愛知県,福岡県,Refrigerated,15.6,Completed
2023-05-19,北海道,福岡県,Refrigerated,13.3,On_Time
2023-05-17,広島県,宮城県,Large_Truck,11.3,Completed
2023-04-02,北海道,宮城県,Light_Van,6.5,Delayed
2023-09-03,東京都,広島県,Light_Van,5.2,Delayed
2024-02-01,愛知県,東京都,Light_Van,17.4,On_Time
2023-03-04,広島県,東京都,Medium_Truck,31.0,On_Time
2023-05-28,福岡県,東京都,Refrigerated,18.3,On_Time
2023-02-22,東京都,愛知県,Light_Van,24.6,Completed
2024-01-02,大阪府,東京都,Medium_Truck,8.7,Delayed
2023-04-03,北海道,愛知県,Refrigerated,11.2,On_Time
2023-04-21,広島県,愛知県,Light_Van,9.4,On_Time
2023-03-10,大阪府,北海道,Refrigerated,3.6,Completed
2023-01-14,広島県,大阪府,Light_Van,20.0,Completed
2023-11-06,愛知県,大阪府,Medium_Truck,10.9,On_Time
2023-05-27,愛知県,福岡県,Medium_Truck,13.8,On_Time
2024-01-26,東京都,福岡県,Medium_Truck,13.5,On_Time
2023-04-04,愛知県,東京都,Refrigerated,4.8,Delayed
2023-03-22,東京都,北海道,Medium_Truck,11.8,Completed
2023-03-29,北海道,東京都,Large_Truck,14.7,On_Time
2023-01-24,大阪府,北海道,Medium_Truck,6.3,On_Time
2023-06-08,宮城県,福岡県,Refrigerated,7.5,Delayed
2023-08-07,東京都,広島県,Medium_Truck,1.4,Completed
2023-03-29,福岡県,広島県,Refrigerated,26.9,On_Time
2023-08-19,愛知県,北海道,Medium_Truck,18.9,Completed
2023-07-08,大阪府,宮城県,Medium_Truck,9.7,On_Time
2024-01-25,大阪府,愛知県,Refrigerated,11.2,Completed
2023-10-24,愛知県,宮城県,Large_Truck,22.1,Delayed
2023-03-06,愛知県,福岡県,Medium_Truck,22.3,Delayed
2023-12-11,北海道,大阪府,Medium_Truck,3.0,Completed
2023-11-11,北海道,広島県,Refrigerated,7.4,Completed
2023-09-05,北海道,愛知県,Large_Truck,9.4,Delayed
2023-01-24,福岡県,広島県,Medium_Truck,2.0,Delayed
2023-03-17,大阪府,宮城県,Medium_Truck,20.1,Completed
2024-01-29,北海道,大阪府,Medium_Truck,17.7,Delayed
2023-03-13,大阪府,広島県,Large_Truck,14.0,Completed
2023-01-17,東京都,北海道,Light_Van,24.8,Completed
2023-10-07,大阪府,北海道,Large_Truck,15.8,Completed
2023-07-12,福岡県,大阪府,Light_Van,7.2,Completed
2023-08-18,大阪府,東京都,Refrigerated,2.9,Completed
2023-07-12,大阪府,宮城県,Medium_Truck,20.4,Delayed
2023-02-15,広島県,大阪府,Medium_Truck,5.4,On_Time
2023-09-09,北海道,広島県,Light_Van,2.3,Completed
2023-09-02,大阪府,東京都,Medium_Truck,2.6,On_Time
2023-08-25,東京都,大阪府,Large_Truck,18.0,On_Time
2024-01-29,広島県,大阪府,Medium_Truck,18.7,Delayed
2023-08-23,東京都,北海道,Refrigerated,4.0,Completed
2023-09-17,東京都,広島県,Light_Van,10.4,Completed
2023-02-26,福岡県,愛知県,Large_Truck,5.8,Delayed
2023-10-30,愛知県,北海道,Refrigerated,9.3,On_Time
2023-10-23,愛知県,宮城県,Large_Truck,16.7,On_Time
2023-11-24,宮城県,東京都,Medium_Truck,16.5,Delayed
2023-11-07,大阪府,北海道,Refrigerated,24.7,Completed
2023-04-05,北海道,福岡県,Refrigerated,11.4,Completed
2023-03-29,北海道,愛知県,Light_Van,10.1,On_Time
2023-07-24,宮城県,広島県,Refrigerated,23.9,Delayed
2023-09-25,愛知県,大阪府,Light_Van,16.3,On_Time
2024-01-28,宮城県,愛知県,Medium_Truck,18.1,On_Time
2023-09-28,北海道,広島県,Large_Truck,13.6,Completed
2023-08-05,広島県,愛知県,Medium_Truck,22.8,Delayed
2023-05-22,愛知県,大阪府,Medium_Truck,22.2,Delayed
2023-11-23,北海道,大阪府,Refrigerated,5.1,Delayed
2024-02-02,大阪府,福岡県,Medium_Truck,3.7,On_Time
2023-01-30,宮城県,北海道,Medium_Truck,14.8,Delayed
2023-08-09,愛知県,宮城県,Large_Truck,8.0,On_Time
2023-01-25,福岡県,東京都,Refrigerated,17.7,Completed
2023-10-13,福岡県,宮城県,Light_Van,10.9,Completed
2023-03-20,東京都,福岡県,Medium_Truck,34.3,Delayed
2023-05-24,愛知県,福岡県,Medium_Truck,9.6,Completed
2023-01-13,宮城県,大阪府,Medium_Truck,19.8,Delayed
2024-02-04,北海道,福岡県,Medium_Truck,16.8,On_Time
2023-03-08,大阪府,広島県,Large_Truck,21.0,Completed
2023-06-22,宮城県,広島県,Light_Van,11.3,Delayed
2023-03-29,宮城県,東京都,Medium_Truck,20.1,Completed
2023-09-26,福岡県,東京都,Light_Van,8.0,Delayed
2023-04-17,愛知県,福岡県,Medium_Truck,10.5,Completed
2024-01-03,愛知県,宮城県,Light_Van,23.7,Delayed
2023-12-11,福岡県,愛知県,Medium_Truck,16.9,Completed
2023-02-25,愛知県,大阪府,Large_Truck,4.9,Completed
2023-06-28,東京都,北海道,Medium_Truck,7.7,Completed
2023-10-13,東京都,宮城県,Refrigerated,2.9,Completed
2023-03-29,福岡県,愛知県,Large_Truck,4.5,On_Time
2023-08-06,福岡県,大阪府,Light_Van,3.3,Completed
2023-09-11,宮城県,愛知県,Medium_Truck,3.6,On_Time
2023-10-12,宮城県,大阪府,Medium_Truck,16.9,Completed
2023-12-05,北海道,愛知県,Medium_Truck,24.5,On_Time
2023-10-02,愛知県,東京都,Large_Truck,20.1,On_Time
2023-03-10,北海道,宮城県,Refrigerated,24.4,On_Time
2024-02-02,大阪府,広島県,Refrigerated,7.1,Completed
2023-08-06,大阪府,北海道,Light_Van,14.8,Completed
2023-02-28,東京都,愛知県,Medium_Truck,3.1,On_Time
2023-05-13,愛知県,宮城県,Refrigerated,23.7,Completed
2023-10-11,北海道,宮城県,Large_Truck,15.9,On_Time
2023-09-30,愛知県,東京都,Medium_Truck,4.4,On_Time
2023-12-14,愛知県,大阪府,Medium_Truck,35.9,Completed
2023-11-02,広島県,大阪府,Refrigerated,8.5,Delayed
2023-12-27,北海道,大阪府,Refrigerated,23.4,Completed
2024-01-11,福岡県,広島県,Large_Truck,5.9,Completed
2023-12-09,東京都,宮城県,Medium_Truck,34.2,On_Time
2023-10-27,北海道,宮城県,Light_Van,21.2,On_Time
2023-06-11,広島県,大阪府,Light_Van,17.7,Completed
2023-01-12,宮城県,大阪府,Large_Truck,11.6,Delayed
2023-11-27,宮城県,広島県,Refrigerated,6.3,Completed
2023-12-29,北海道,愛知県,Light_Van,23.7,Delayed
2023-06-20,福岡県,東京都,Refrigerated,6.6,Completed
2024-02-01,北海道,東京都,Light_Van,4.5,Completed
2023-05-08,広島県,大阪府,Medium_Truck,24.0,Completed
2023-02-19,福岡県,大阪府,Large_Truck,21.4,Completed
2023-04-24,宮城県,大阪府,Large_Truck,23.5,Delayed
2023-06-27,広島県,大阪府,Large_Truck,5.3,Completed
2023-10-02,広島県,宮城県,Large_Truck,4.8,Completed
2023-06-08,大阪府,愛知県,Medium_Truck,19.1,Completed
2023-09-27,大阪府,福岡県,Refrigerated,16.5,Completed
2023-09-27,宮城県,北海道,Refrigerated,12.0,On_Time
2023-07-20,東京都,愛知県,Medium_Truck,14.5,Delayed
2023-01-23,広島県,北海道,Medium_Truck,22.3,On_Time
2023-01-10,東京都,宮城県,Large_Truck,7.2,Delayed
2023-07-18,愛知県,宮城県,Large_Truck,8.5,Completed
2024-01-08,広島県,愛知県,Light_Van,15.6,Completed
2023-08-09,北海道,宮城県,Large_Truck,2.1,On_Time
2023-06-27,愛知県,東京都,Medium_Truck,23.9,Delayed
2023-11-13,東京都,北海道,Medium_Truck,20.7,Delayed
2023-11-07,愛知県,大阪府,Light_Van,17.4,Delayed
2023-08-25,北海道,広島県,Refrigerated,4.8,Delayed
2023-01-02,宮城県,広島県,Large_Truck,21.7,Completed
2023-03-08,北海道,広島県,Light_Van,20.5,Delayed
2023-07-14,愛知県,広島県,Light_Van,16.1,On_Time
2023-01-09,愛知県,宮城県,Refrigerated,17.1,Completed
2023-02-03,東京都,大阪府,Medium_Truck,8.4,Delayed
2023-04-26,宮城県,福岡県,Refrigerated,12.5,On_Time
2023-12-16,宮城県,北海道,Light_Van,6.9,Completed
2023-11-25,大阪府,北海道,Refrigerated,19.9,On_Time
2023-07-15,広島県,北海道,Light_Van,24.3,On_Time
2023-01-13,北海道,大阪府,Refrigerated,21.4,Completed
2023-12-12,愛知県,広島県,Refrigerated,2.8,On_Time
2023-07-03,広島県,東京都,Light_Van,21.7,Delayed
2023-08-28,福岡県,愛知県,Refrigerated,24.5,Delayed
2023-09-23,大阪府,愛知県,Medium_Truck,10.5,Completed
2023-10-14,福岡県,愛知県,Light_Van,23.0,On_Time
2023-08-05,北海道,福岡県,Refrigerated,4.5,On_Time
2023-03-28,愛知県,宮城県,Medium_Truck,16.8,Completed
2023-02-02,北海道,宮城県,Large_Truck,20.4,Delayed
2023-03-08,北海道,東京都,Light_Van,32.1,Completed
2023-10-11,東京都,愛知県,Light_Van,24.3,Completed
2023-02-28,宮城県,愛知県,Large_Truck,12.5,On_Time
2023-05-01,福岡県,愛知県,Large_Truck,4.2,Delayed
2023-04-11,愛知県,東京都,Light_Van,10.5,Delayed
2023-01-28,愛知県,広島県,Refrigerated,1.2,Delayed
2023-08-11,福岡県,広島県,Refrigerated,21.7,On_Time
2023-04-23,東京都,福岡県,Refrigerated,20.2,Delayed
2023-01-06,広島県,愛知県,Light_Van,17.8,On_Time
2023-04-30,愛知県,東京都,Large_Truck,16.6,Delayed
2023-10-30,福岡県,愛知県,Refrigerated,3.9,On_Time
2023-03-10,宮城県,愛知県,Refrigerated,11.6,Delayed
2023-12-21,宮城県,東京都,Medium_Truck,20.7,On_Time
2023-09-23,宮城県,福岡県,Medium_Truck,6.0,Completed
2024-01-16,東京都,大阪府,Large_Truck,19.3,Delayed
2023-09-16,東京都,愛知県,Refrigerated,9.9,Delayed
2023-05-28,広島県,愛知県,Medium_Truck,22.6,Delayed
2023-08-01,福岡県,大阪府,Refrigerated,17.0,On_Time
2024-01-02,愛知県,北海道,Large_Truck,16.8,Completed
2023-10-25,東京都,福岡県,Refrigerated,8.7,On_Time
2023-07-27,東京都,大阪府,Refrigerated,1.2,Completed
2023-08-21,福岡県,東京都,Light_Van,17.4,Delayed
2023-12-10,大阪府,宮城県,Large_Truck,35.1,On_Time
2023-04-06,広島県,大阪府,Large_Truck,15.4,On_Time
2023-01-13,大阪府,宮城県,Medium_Truck,23.1,On_Time
2023-07-01,福岡県,愛知県,Refrigerated,6.0,On_Time
2023-04-11,広島県,福岡県,Large_Truck,5.3,On_Time
2023-12-20,東京都,広島県,Medium_Truck,9.9,Delayed
2023-07-29,大阪府,福岡県,Refrigerated,21.6,Delayed
2023-12-31,広島県,宮城県,Medium_Truck,11.8,Completed
2023-07-15,福岡県,東京都,Light_Van,8.3,Completed
2023-04-29,愛知県,宮城県,Large_Truck,12.2,Delayed
2023-09-02,東京都,宮城県,Large_Truck,15.1,Delayed
2023-11-08,大阪府,東京都,Medium_Truck,16.1,Completed
2023-06-20,東京都,北海道,Large_Truck,23.4,On_Time
2023-12-23,福岡県,愛知県,Refrigerated,9.3,Delayed
2023-05-11,広島県,東京都,Refrigerated,1.5,On_Time
2024-01-22,大阪府,福岡県,Medium_Truck,1.1,On_Time
2023-03-21,北海道,大阪府,Refrigerated,7.0,On_Time
2023-08-02,宮城県,広島県,Large_Truck,14.9,Completed
2024-01-31,大阪府,東京都,Large_Truck,15.7,Delayed
2023-06-05,東京都,福岡県,Medium_Truck,15.6,On_Time
2023-09-28,大阪府,宮城県,Light_Van,23.2,Delayed
2023-01-28,愛知県,福岡県,Large_Truck,8.4,Completed
2023-06-16,東京都,宮城県,Light_Van,19.8,Completed
2023-10-08,広島県,福岡県,Medium_Truck,18.2,On_Time
2024-01-27,北海道,広島県,Light_Van,11.6,Delayed
2023-10-17,宮城県,北海道,Medium_Truck,21.7,Completed
2024-01-03,福岡県,愛知県,Medium_Truck,21.5,On_Time
2023-05-15,福岡県,広島県,Refrigerated,2.1,Delayed
2023-07-21,宮城県,大阪府,Large_Truck,3.9,On_Time
2024-01-14,福岡県,愛知県,Light_Van,23.7,On_Time
2023-11-06,愛知県,東京都,Refrigerated,16.0,Delayed
2023-03-28,宮城県,福岡県,Light_Van,13.2,Delayed
2023-08-26,北海道,宮城県,Refrigerated,24.7,On_Time
2023-05-07,宮城県,福岡県,Light_Van,20.1,On_Time
2023-07-11,愛知県,広島県,Medium_Truck,7.9,Completed
2023-10-12,広島県,福岡県,Light_Van,24.2,Completed
2023-01-05,大阪府,愛知県,Large_Truck,8.6,Delayed
2023-09-04,福岡県,広島県,Light_Van,2.0,Delayed
2023-02-20,大阪府,東京都,Large_Truck,9.7,Delayed
2024-01-30,北海道,宮城県,Light_Van,3.0,Delayed
2024-01-28,広島県,大阪府,Large_Truck,19.5,Delayed
2023-03-21,福岡県,広島県,Light_Van,30.1,Delayed
2023-10-07,北海道,広島県,Large_Truck,22.4,Completed
2023-11-26,愛知県,広島県,Refrigerated,21.1,On_Time
2023-03-13,愛知県,大阪府,Refrigerated,18.1,On_Time
2023-02-21,福岡県,北海道,Light_Van,2.4,Delayed
2024-01-16,福岡県,北海道,Large_Truck,11.3,Delayed
2023-07-11,大阪府,東京都,Light_Van,14.3,Delayed
2023-06-06,福岡県,愛知県,Light_Van,21.2,Delayed
2023-10-23,東京都,宮城県,Light_Van,19.0,Delayed
2023-09-12,広島県,福岡県,Large_Truck,7.3,Delayed
2023-08-13,東京都,北海道,Light_Van,20.6,Completed
2023-02-26,福岡県,広島県,Light_Van,20.4,Delayed
2023-11-04,大阪府,宮城県,Refrigerated,20.8,On_Time
2023-02-21,東京都,北海道,Light_Van,2.0,On_Time
2023-01-20,宮城県,福岡県,Refrigerated,5.3,Delayed
2023-04-25,大阪府,広島県,Light_Van,15.8,Delayed
2023-06-04,北海道,愛知県,Large_Truck,5.7,Completed
2023-11-21,宮城県,広島県,Light_Van,17.3,Completed
2023-08-01,愛知県,東京都,Light_Van,2.7,Delayed
2023-11-06,愛知県,大阪府,Medium_Truck,20.3,Delayed
2023-12-22,東京都,広島県,Medium_Truck,30.7,Delayed
2023-07-07,東京都,北海道,Large_Truck,21.8,Completed
2023-09-14,北海道,大阪府,Refrigerated,11.4,Delayed
2023-02-12,福岡県,広島県,Large_Truck,17.8,On_Time
2023-08-11,北海道,広島県,Large_Truck,22.4,Completed
2023-08-21,宮城県,福岡県,Medium_Truck,6.4,Delayed
2023-09-19,北海道,宮城県,Light_Van,8.0,On_Time
2023-08-03,宮城県,福岡県,Light_Van,17.8,Completed
2023-09-18,北海道,大阪府,Large_Truck,10.3,Completed
